-1.528302e-01, 4.008918e-08, 7.655555e-12, -1.862255e-10, -6.975044e-11, -3.978530e-08, 1.636132e-06, 6.755931e-12, -1.798890e-09, -1.696038e-10, 1.133883e-10, -3.997277e-08, -1.635985e-06, -4.007337e-08, 1.348656e-10, 2.050899e-10, 1.790336e-09, -1.133619e-11, -1.667769e-10, 1.969878e-11, -1.424531e-08, 7.757366e-11, 1.438749e-08, -3.303478e-11, 5.756578e-11, 1.919434e-11, -2.782626e-11, 6.362335e-12
-1.518305e-01, 3.989607e-08, 2.295840e-11, -2.394771e-10, -5.353078e-11, -3.964066e-08, 1.649693e-06, 2.207695e-12, -1.599973e-09, -1.660780e-10, 8.520996e-11, -3.983700e-08, -1.650499e-06, -3.974254e-08, 8.606499e-11, 2.379671e-10, 1.622570e-09, -3.820700e-12, -1.166138e-10, 7.598796e-13, -1.426524e-08, 6.652574e-11, 1.426168e-08, -5.507710e-12, 8.605636e-11, -2.758852e-11, -1.556976e-11, 2.144253e-12
-1.508309e-01, 3.978813e-08, 1.854798e-11, -1.331735e-10, -2.684067e-11, -3.950501e-08, 1.662287e-06, -1.801223e-13, -1.432444e-09, -1.865879e-10, 5.308500e-11, -3.971633e-08, -1.663260e-06, -3.959886e-08, 5.587603e-11, 1.479416e-10, 1.436340e-09, 6.211189e-13, -7.144625e-11, 2.641200e-12, -1.423912e-08, 9.579793e-11, 1.422013e-08, -4.705024e-12, 1.469086e-11, -2.714425e-11, -1.139813e-11, 1.188178e-12
-1.498312e-01, 3.975730e-08, -9.711879e-11, 2.929428e-10, 3.328348e-11, -3.928650e-08, 1.675683e-06, -3.721777e-13, -1.267634e-09, -2.958064e-10, 2.151781e-10, -3.960515e-08, -1.676661e-06, -3.953591e-08, 8.936197e-11, -2.761921e-10, 1.261773e-09, 7.852613e-12, -1.738192e-10, 1.054858e-10, -1.417588e-08, 1.141696e-10, 1.423935e-08, -9.679866e-11, 8.604310e-11, -2.370505e-11, 2.280046e-11, -3.650662e-12
-1.488315e-01, 3.967981e-08, -5.768241e-11, 6.775095e-10, 1.042414e-10, -3.917343e-08, 1.690152e-06, -7.342206e-12, -1.098549e-09, -3.165808e-10, -1.073515e-10, -3.952540e-08, -1.691085e-06, -3.945042e-08, -1.473753e-10, -6.693386e-10, 1.092884e-09, 1.265217e-11, 1.725825e-10, 4.882291e-11, -1.410759e-08, 1.317242e-10, 1.418493e-08, -3.586704e-11, -1.109673e-10, -2.088148e-11, 3.438453e-11, -5.755910e-12
-1.478318e-01, 3.939011e-08, 2.329764e-13, -6.906169e-11, -1.215637e-12, -3.919425e-08, 1.704039e-06, -4.794131e-12, -9.222065e-10, -1.263789e-10, 5.363922e-11, -3.933789e-08, -1.704438e-06, -3.928733e-08, 3.865834e-11, 7.084249e-11, 9.250067e-10, 6.548029e-12, -5.674768e-11, 1.060677e-11, -1.411883e-08, 6.261138e-11, 1.414608e-08, -8.671189e-12, 1.920308e-11, -1.260675e-11, -8.348767e-13, -8.625723e-13
-1.468322e-01, 3.942041e-08, -7.084628e-11, 1.075130e-10, 3.595697e-11, -3.886215e-08, 1.718356e-06, -1.739529e-11, -7.578592e-10, -3.284544e-10, 8.500912e-11, -3.921561e-08, -1.718523e-06, -3.931337e-08, 6.551485e-11, -8.623029e-11, 7.652222e-10, 1.706581e-11, -7.743137e-11, 4.513794e-11, -1.400350e-08, 1.279874e-10, 1.420407e-08, -4.793875e-11, -1.583489e-11, 5.904617e-12, 1.613312e-11, 1.654851e-12
-1.458325e-01, 3.944270e-08, -1.316979e-10, 7.140942e-10, 8.733080e-11, -3.875398e-08, 1.732247e-06, -7.393393e-12, -5.978305e-10, -4.228408e-10, -3.707898e-11, -3.921488e-08, -1.733355e-06, -3.917544e-08, -6.461166e-11, -7.161757e-10, 5.857168e-10, 5.891110e-12, 8.672787e-11, 7.693364e-11, -1.402682e-08, 1.745271e-10, 1.415634e-08, -7.934058e-11, -1.005470e-10, -1.645695e-11, 3.754556e-11, 1.083388e-12
-1.448328e-01, 3.918359e-08, 4.986279e-11, -4.600981e-11, 9.133205e-12, -3.876123e-08, 1.748123e-06, -3.817630e-12, -4.349225e-10, -2.632237e-10, -5.836933e-12, -3.904004e-08, -1.748850e-06, -3.900156e-08, -2.129915e-11, 4.466811e-11, 4.177454e-10, 7.668605e-12, 1.106208e-11, -5.034206e-12, -1.402292e-08, 1.166706e-10, 1.409739e-08, 1.632151e-11, -5.252981e-12, -1.195200e-11, -5.375874e-12, -5.193257e-12
-1.438332e-01, 3.910180e-08, -1.017625e-11, -7.275556e-11, -2.181931e-11, -3.864703e-08, 1.763664e-06, 9.181960e-13, -2.729504e-10, -2.884215e-10, 8.984485e-11, -3.896336e-08, -1.764627e-06, -3.887680e-08, 7.213417e-11, 8.209737e-11, 2.697093e-10, -1.133103e-12, -1.026697e-10, 1.984986e-11, -1.398569e-08, 1.236592e-10, 1.404128e-08, -2.225925e-11, 5.577158e-11, -2.375267e-11, -5.210984e-12, 1.249986e-12
-1.428335e-01, 3.898105e-08, 1.164783e-10, -4.349975e-11, 2.336407e-11, -3.858871e-08, 1.779677e-06, 1.879841e-12, -1.233733e-10, -2.403470e-10, -1.012223e-10, -3.884140e-08, -1.779955e-06, -3.885802e-08, -1.004301e-10, 6.161312e-11, 1.215881e-10, 8.969789e-12, 1.100910e-10, -3.314428e-11, -1.394225e-08, 9.239010e-11, 1.406700e-08, 5.324908e-11, -5.141582e-11, -6.749612e-12, -1.639708e-11, -8.908903e-12
-1.418338e-01, 3.898793e-08, 4.410917e-11, -3.772613e-11, 8.269753e-13, -3.849245e-08, 1.794700e-06, 2.952251e-12, 3.783704e-11, -3.230239e-10, -4.723582e-11, -3.884185e-08, -1.796179e-06, -3.868369e-08, -4.028501e-11, 3.778948e-11, -4.522083e-11, 6.205016e-13, 4.810645e-11, -2.216425e-11, -1.398144e-08, 1.339652e-10, 1.399175e-08, 2.773691e-11, -5.045725e-12, -4.008954e-11, -5.695404e-12, -2.545921e-12
-1.408342e-01, 3.873193e-08, -3.037768e-12, 2.851540e-10, 6.430203e-11, -3.851020e-08, 1.812831e-06, -4.324108e-13, 1.830128e-10, -1.486453e-10, -1.048624e-10, -3.866804e-08, -1.813989e-06, -3.853726e-08, -1.187999e-10, -2.878904e-10, -1.940279e-10, 4.796027e-12, 1.467666e-10, -6.672798e-13, -1.396573e-08, 4.082445e-11, 1.390735e-08, 1.188826e-11, -9.091703e-11, -3.063413e-11, 1.431682e-11, -5.192851e-12
-1.398345e-01, 3.877773e-08, 5.623663e-11, 4.558207e-12, 1.463253e-11, -3.844319e-08, 1.828908e-06, 7.256639e-12, 3.446333e-10, -2.096426e-10, -5.970692e-11, -3.866934e-08, -1.829581e-06, -3.863153e-08, -6.928800e-11, 9.630552e-12, -3.455076e-10, -1.736996e-12, 7.275392e-11, -2.069287e-11, -1.392474e-08, 8.502885e-11, 1.397520e-08, 3.221284e-11, -1.463445e-11, -1.445400e-11, -7.219915e-12, -5.069206e-12
-1.388348e-01, 3.865941e-08, 1.344727e-11, 3.490266e-11, 6.626529e-12, -3.828416e-08, 1.847451e-06, 9.865483e-12, 4.822850e-10, -2.467446e-10, 2.842102e-11, -3.856999e-08, -1.848540e-06, -3.843678e-08, 2.735341e-12, -5.903736e-12, -4.891922e-10, -5.126942e-12, -2.233349e-11, 1.126477e-11, -1.390303e-08, 1.689624e-10, 1.390312e-08, -5.308940e-12, 3.334103e-13, -2.108552e-11, -7.783080e-12, -2.266176e-12
-1.378352e-01, 3.859594e-08, -8.411648e-11, 3.701645e-10, 3.139411e-11, -3.807160e-08, 1.865874e-06, 1.120790e-11, 6.324472e-10, -3.294802e-10, 2.269141e-11, -3.844326e-08, -1.867090e-06, -3.835810e-08, -2.022537e-11, -3.541360e-10, -6.409280e-10, -9.959732e-12, 9.693494e-12, 4.571035e-11, -1.385087e-08, 1.890699e-10, 1.389214e-08, -4.761005e-11, -7.260171e-12, -1.491002e-11, 1.805198e-11, 1.143801e-12
-1.368355e-01, 3.849275e-08, 5.673453e-12, 9.012767e-11, -8.075119e-12, -3.813852e-08, 1.883883e-06, 4.908521e-12, 7.734784e-10, -2.223237e-10, -7.292007e-11, -3.839411e-08, -1.884683e-06, -3.833843e-08, -2.655671e-11, -8.625447e-11, -7.849842e-10, -7.264065e-12, 5.692634e-11, -9.787308e-12, -1.383972e-08, 1.587355e-10, 1.386412e-08, 2.528370e-12, -4.368387e-11, -3.784399e-12, -7.464244e-12, 3.417643e-12
-1.358358e-01, 3.839379e-08, 3.999978e-11, 1.360766e-10, 3.203219e-11, -3.811748e-08, 1.902075e-06, -1.222446e-12, 9.299987e-10, -1.646254e-10, -1.378884e-10, -3.828835e-08, -1.902375e-06, -3.831583e-08, -1.131805e-10, -1.283954e-10, -9.369980e-10, 4.054004e-12, 1.534330e-10, -2.717337e-11, -1.380134e-08, 5.397720e-11, 1.387417e-08, 3.393333e-11, -6.989639e-11, -4.287382e-13, 2.177161e-12, -2.995778e-12
-1.348361e-01, 3.842202e-08, 9.147664e-11, 9.256018e-11, 5.108806e-11, -3.805713e-08, 1.920667e-06, 9.359224e-12, 1.070585e-09, -2.202461e-10, -2.006701e-10, -3.829022e-08, -1.920975e-06, -3.831589e-08, -1.835573e-10, -8.665188e-11, -1.072002e-09, -2.085860e-12, 2.326804e-10, -5.238652e-11, -1.378700e-08, 6.094314e-11, 1.389817e-08, 7.045612e-11, -1.133380e-10, -4.287029e-12, -7.570446e-12, -8.231456e-12
-1.338365e-01, 3.841817e-08, 1.253991e-10, 4.053169e-11, 3.824765e-11, -3.793093e-08, 1.940272e-06, 9.288577e-12, 1.208498e-09, -3.077628e-10, -2.079032e-10, -3.825047e-08, -1.941294e-06, -3.818348e-08, -1.781275e-10, -3.592794e-13, -1.225658e-09, -4.485527e-13, 2.263302e-10, -6.227840e-11, -1.377600e-08, 1.106812e-10, 1.384461e-08, 8.067092e-11, -1.014369e-10, -2.274742e-11, -1.624777e-11, -7.876374e-12
-1.328302e-01, 3.798331e-08, 1.859325e-11, 2.685911e-10, 5.918683e-11, -3.805764e-08, 1.962392e-06, 3.655491e-12, 1.359656e-09, 4.814944e-11, -1.806812e-10, -3.800219e-08, -1.962319e-06, -3.801090e-08, -1.531675e-10, -2.707364e-10, -1.361002e-09, -1.576861e-12, 2.133655e-10, -2.554339e-11, -1.378117e-08, -3.869888e-11, 1.376179e-08, 3.293166e-11, -1.445267e-10, 1.137676e-12, 5.206950e-12, -3.458193e-12
-1.318239e-01, 3.816100e-08, -1.696512e-11, 4.940867e-10, 5.777987e-11, -3.767946e-08, 1.982980e-06, 1.332743e-11, 1.497243e-09, -3.100174e-10, -3.040537e-10, -3.800716e-08, -1.983528e-06, -3.795793e-08, -2.433018e-10, -5.046523e-10, -1.509109e-09, -1.531209e-11, 3.487947e-10, -5.313788e-11, -1.368147e-08, 1.511896e-10, 1.381666e-08, 5.052398e-11, -1.358203e-10, -1.591876e-11, 2.141857e-11, 1.054098e-12
-1.308176e-01, 3.799953e-08, -1.605268e-10, 1.105430e-09, 1.263911e-10, -3.792415e-08, 2.003036e-06, 1.167051e-11, 1.637639e-09, -7.335835e-11, -2.460625e-10, -3.798688e-08, -2.004240e-06, -3.778419e-08, -2.708135e-10, -1.107284e-09, -1.643923e-09, -1.176778e-11, 3.569840e-10, 3.023975e-11, -1.379120e-08, -1.124973e-11, 1.368933e-08, -3.151813e-11, -1.540959e-10, -5.149650e-11, 6.562501e-11, 5.671281e-13
-1.298113e-01, 3.794146e-08, 6.034473e-11, -7.558856e-12, -3.356087e-12, -3.775504e-08, 2.025362e-06, 9.651953e-12, 1.776446e-09, -1.154632e-10, -1.890872e-10, -3.787393e-08, -2.025757e-06, -3.786216e-08, -1.152899e-10, -1.072449e-11, -1.779190e-09, -1.158570e-11, 1.807595e-10, -6.280745e-11, -1.371170e-08, 3.349479e-11, 1.373695e-08, 6.086264e-11, -7.243683e-11, -7.724315e-12, -1.173324e-11, 6.236626e-13
-1.288050e-01, 3.780676e-08, -7.020079e-11, 5.803575e-10, 7.419010e-11, -3.770533e-08, 2.048588e-06, 9.910710e-12, 1.905486e-09, -6.604453e-11, -1.445692e-10, -3.776779e-08, -2.049181e-06, -3.771735e-08, -1.583112e-10, -5.805294e-10, -1.897969e-09, -9.353786e-12, 2.054927e-10, 1.542575e-11, -1.370143e-08, -1.648152e-11, 1.366927e-08, -1.285828e-11, -1.132608e-10, -2.068829e-11, 2.784863e-11, -1.199002e-12
-1.277987e-01, 3.785647e-08, -1.101179e-10, 1.113612e-09, 1.537359e-10, -3.731947e-08, 2.072464e-06, 1.660041e-11, 2.023750e-09, -3.435735e-10, -3.610587e-10, -3.767570e-08, -2.073104e-06, -3.763351e-08, -3.669005e-10, -1.113296e-09, -2.046170e-09, -1.535767e-11, 4.875926e-10, -7.283564e-12, -1.356463e-08, 1.483934e-10, 1.371445e-08, 1.439079e-11, -2.423617e-10, -1.538153e-11, 5.820409e-11, -3.299875e-12
-1.267925e-01, 3.772706e-08, 2.194325e-11, 2.342523e-10, 2.917235e-11, -3.740962e-08, 2.095948e-06, -1.933232e-12, 2.159218e-09, -2.137696e-10, -2.229263e-10, -3.762929e-08, -2.096942e-06, -3.751137e-08, -1.565835e-10, -2.501669e-10, -2.172376e-09, -8.026181e-14, 2.372181e-10, -4.763770e-11, -1.363158e-08, 9.588550e-11, 1.364273e-08, 4.587650e-11, -1.036466e-10, -2.910020e-11, 9.573542e-12, 5.792164e-13
-1.257862e-01, 3.755258e-08, -3.981672e-11, 2.640930e-10, 2.437874e-11, -3.737934e-08, 2.120808e-06, 8.275253e-12, 2.292405e-09, -1.131480e-10, -9.281297e-11, -3.749237e-08, -2.121449e-06, -3.743128e-08, -7.551755e-11, -2.844431e-10, -2.302360e-09, -1.127088e-11, 1.105385e-10, -1.383123e-12, -1.362296e-08, 2.922026e-11, 1.361354e-08, -2.746740e-12, -4.724396e-11, -1.670332e-11, 1.046831e-11, 1.624408e-12
-1.247799e-01, 3.746754e-08, -2.495238e-11, 4.753714e-10, 4.542590e-11, -3.731848e-08, 2.146128e-06, 9.529949e-12, 2.425501e-09, -9.919067e-11, -2.490032e-10, -3.743039e-08, -2.146519e-06, -3.738341e-08, -1.998500e-10, -4.867599e-10, -2.423633e-09, -1.187317e-11, 2.881487e-10, -3.623437e-11, -1.357745e-08, 5.732860e-11, 1.358413e-08, 3.246668e-11, -1.131970e-10, -9.510227e-12, 2.168885e-11, 1.593218e-12
-1.237736e-01, 3.739792e-08, -1.013712e-11, 4.164901e-10, 5.227314e-11, -3.713583e-08, 2.172762e-06, 1.504341e-12, 2.545605e-09, -1.768199e-10, -2.222679e-10, -3.731961e-08, -2.173686e-06, -3.721224e-08, -1.797426e-10, -4.333916e-10, -2.549542e-09, -2.777793e-12, 2.589706e-10, -2.773790e-11, -1.355725e-08, 7.216828e-11, 1.355163e-08, 2.810284e-11, -1.222413e-10, -2.805155e-11, 1.871799e-11, -4.283514e-13
-1.227673e-01, 3.734164e-08, -4.354056e-11, 2.596292e-10, 3.107154e-11, -3.728693e-08, 2.196864e-06, 2.780490e-12, 2.678131e-09, -4.057054e-11, -4.824304e-11, -3.731781e-08, -2.197369e-06, -3.725547e-08, -5.929814e-11, -2.753442e-10, -2.685189e-09, -4.033370e-12, 7.603107e-11, 1.228561e-11, -1.356540e-08, -2.015359e-11, 1.353251e-08, -1.208756e-11, -3.811113e-11, -1.880146e-11, 1.533088e-11, -3.291185e-13
-1.217610e-01, 3.727876e-08, -1.348077e-10, 8.215496e-10, 1.003227e-10, -3.692463e-08, 2.226175e-06, 8.984305e-12, 2.797472e-09, -2.052090e-10, -3.800211e-11, -3.714208e-08, -2.225678e-06, -3.728785e-08, -1.363917e-10, -8.089396e-10, -2.795719e-09, -6.202642e-12, 1.360041e-10, 6.867705e-11, -1.340206e-08, 9.099896e-11, 1.360531e-08, -5.998185e-11, -5.450871e-11, 2.357477e-11, 5.016190e-11, -3.879383e-12
-1.207547e-01, 3.722378e-08, -4.140214e-11, 2.656736e-10, 1.181118e-11, -3.709688e-08, 2.251875e-06, 3.621039e-12, 2.927843e-09, -8.788443e-11, -4.643109e-11, -3.718353e-08, -2.252374e-06, -3.711733e-08, -4.450577e-11, -2.791464e-10, -2.937855e-09, -6.206989e-12, 6.022721e-11, 1.432140e-11, -1.350652e-08, 2.810167e-11, 1.350096e-08, -1.839271e-11, -7.133089e-12, -1.579988e-11, 1.296498e-11, 1.708625e-12
-1.197484e-01, 3.714204e-08, 7.153517e-11, 1.174911e-10, 2.200663e-11, -3.684015e-08, 2.282228e-06, 9.289616e-12, 3.040409e-09, -2.152821e-10, -2.424607e-10, -3.706484e-08, -2.283615e-06, -3.686856e-08, -1.709832e-10, -1.226089e-10, -3.052779e-09, -8.302881e-12, 2.521557e-10, -6.567655e-11, -1.348718e-08, 1.119297e-10, 1.344124e-08, 6.886700e-11, -1.212188e-10, -4.237875e-11, -7.956559e-12, -1.582827e-12
-1.187421e-01, 3.721041e-08, -2.748103e-11, 2.209089e-10, 3.219078e-11, -3.681664e-08, 2.309144e-06, 1.140810e-12, 3.169165e-09, -2.719693e-10, -6.279668e-12, -3.709968e-08, -2.310529e-06, -3.691601e-08, -4.730661e-11, -2.188499e-10, -3.189541e-09, 4.984952e-13, 3.966346e-11, 1.829523e-11, -1.346418e-08, 1.448097e-10, 1.345613e-08, -1.199096e-11, -4.255453e-12, -3.887912e-11, 1.559681e-11, -2.928036e-12
-1.177358e-01, 3.697066e-08, -4.907261e-11, 7.095788e-10, 7.736685e-11, -3.658755e-08, 2.342104e-06, 1.182497e-11, 3.268361e-09, -2.288886e-10, -2.308967e-10, -3.682701e-08, -2.341834e-06, -3.692508e-08, -2.377014e-10, -7.125760e-10, -3.297505e-09, -1.010661e-11, 3.064611e-10, -7.372701e-12, -1.332249e-08, 1.020004e-10, 1.351407e-08, 1.230694e-11, -1.085252e-10, 2.190062e-11, 3.597408e-11, -2.375554e-12
-1.167296e-01, 3.676365e-08, -1.972771e-11, 3.672119e-10, 3.491694e-11, -3.670148e-08, 2.373282e-06, 2.924222e-12, 3.395235e-09, -3.361347e-11, -1.736980e-10, -3.674159e-08, -2.373023e-06, -3.678727e-08, -1.386062e-10, -3.816518e-10, -3.402431e-09, -4.271290e-12, 2.007727e-10, -1.597747e-11, -1.336253e-08, 2.469609e-11, 1.341642e-08, 1.356380e-11, -8.242486e-11, 1.339015e-11, 1.632354e-11, 9.210526e-13
-1.157233e-01, 3.697302e-08, -3.993675e-11, 6.304816e-10, 7.824838e-11, -3.651481e-08, 2.402341e-06, 5.770629e-12, 3.506432e-09, -3.199870e-10, -3.563104e-10, -3.684366e-08, -2.404330e-06, -3.658998e-08, -2.678527e-10, -6.466076e-10, -3.537211e-09, -7.803983e-12, 4.097775e-10, -4.716537e-11, -1.342591e-08, 1.677656e-10, 1.336767e-08, 4.065608e-11, -2.308585e-10, -5.276905e-11, 2.713746e-11, 2.832200e-12
-1.147170e-01, 3.695071e-08, -3.596316e-11, 4.087101e-10, 7.375116e-11, -3.616405e-08, 2.435981e-06, 1.064899e-11, 3.622083e-09, -5.121603e-10, -1.412079e-10, -3.669919e-08, -2.437251e-06, -3.659971e-08, -1.596150e-10, -4.031372e-10, -3.650683e-09, -7.990612e-12, 2.042366e-10, -1.344174e-11, -1.326759e-08, 2.640812e-10, 1.343868e-08, 2.103290e-11, -9.965282e-11, -2.546372e-11, 2.250835e-11, -3.511410e-12
-1.137107e-01, 3.677657e-08, -5.470664e-11, 5.035037e-10, 5.438859e-11, -3.629527e-08, 2.468959e-06, 9.427863e-12, 3.740841e-09, -3.270236e-10, -2.106026e-10, -3.663291e-08, -2.470554e-06, -3.644846e-08, -1.660970e-10, -5.175483e-10, -3.768778e-09, -1.169597e-11, 2.510845e-10, -1.503251e-11, -1.334447e-08, 1.727893e-10, 1.334327e-08, 9.212405e-12, -1.396776e-10, -3.871865e-11, 2.075705e-11, 2.541812e-12
-1.127044e-01, 3.666934e-08, -6.230630e-11, 1.056418e-09, 1.638694e-10, -3.602695e-08, 2.505561e-06, 1.825636e-11, 3.842403e-09, -4.137322e-10, -5.012263e-10, -3.646435e-08, -2.506490e-06, -3.640270e-08, -4.453841e-10, -1.045601e-09, -3.875718e-09, -1.601193e-11, 6.291846e-10, -6.039243e-11, -1.321939e-08, 2.195484e-10, 1.336261e-08, 6.639147e-11, -3.498735e-10, -1.080362e-11, 4.745314e-11, -2.694468e-12
-1.116981e-01, 3.649300e-08, -9.713699e-11, 8.922446e-10, 1.184058e-10, -3.633776e-08, 2.537598e-06, 9.562936e-12, 3.983128e-09, -7.141938e-11, -2.898780e-10, -3.641207e-08, -2.536752e-06, -3.660024e-08, -2.792578e-10, -8.959709e-10, -3.982569e-09, -9.274557e-12, 3.866650e-10, -4.310688e-12, -1.320915e-08, -4.527358e-12, 1.337376e-08, 5.841354e-12, -2.136881e-10, 3.309616e-11, 4.582244e-11, -7.823968e-13
-1.106918e-01, 3.669560e-08, -4.219486e-11, 9.229635e-10, 1.283391e-10, -3.586924e-08, 2.574036e-06, 1.797777e-11, 4.073969e-09, -5.336495e-10, -4.495412e-10, -3.641995e-08, -2.575181e-06, -3.635210e-08, -3.941469e-10, -9.232629e-10, -4.109637e-09, -1.683235e-11, 5.535815e-10, -5.800428e-11, -1.315128e-08, 2.571926e-10, 1.335778e-08, 6.218168e-11, -2.709403e-10, -2.076204e-11, 4.017901e-11, -1.987566e-12
-1.096855e-01, 3.653097e-08, -2.660062e-11, 4.083652e-10, 5.148462e-11, -3.593958e-08, 2.610886e-06, 1.272306e-11, 4.187470e-09, -3.973121e-10, -2.281922e-10, -3.634779e-08, -2.612672e-06, -3.615703e-08, -1.783982e-10, -4.179016e-10, -4.217809e-09, -1.417895e-11, 2.674179e-10, -3.620308e-11, -1.323364e-08, 1.964349e-10, 1.325416e-08, 3.305794e-11, -1.399476e-10, -4.257831e-11, 1.465517e-11, 1.349804e-12
-1.086792e-01, 3.639838e-08, -8.100787e-11, 6.636256e-10, 7.638734e-11, -3.583996e-08, 2.648701e-06, 1.545524e-11, 4.311933e-09, -3.365246e-10, -1.956756e-10, -3.620737e-08, -2.648307e-06, -3.635381e-08, -1.886240e-10, -6.690831e-10, -4.312268e-09, -1.585506e-11, 2.599012e-10, 2.108807e-12, -1.308929e-08, 1.810975e-10, 1.334995e-08, -3.549955e-12, -1.270225e-10, 2.799266e-11, 2.972757e-11, 6.016056e-13
-1.076730e-01, 3.636687e-08, 3.908266e-11, 2.191715e-10, 4.059540e-11, -3.577092e-08, 2.687979e-06, 2.632769e-12, 4.403825e-09, -4.018747e-10, -2.560828e-10, -3.617660e-08, -2.689864e-06, -3.597790e-08, -1.835923e-10, -2.204160e-10, -4.430803e-09, -2.360831e-12, 2.799507e-10, -5.876835e-11, -1.317530e-08, 1.844308e-10, 1.319210e-08, 5.975574e-11, -1.538077e-10, -4.916499e-11, 3.430077e-12, -4.884204e-13
-1.066667e-01, 3.620300e-08, 8.478485e-12, 8.827734e-10, 1.506693e-10, -3.555804e-08, 2.730085e-06, 1.372218e-11, 4.498390e-09, -4.145429e-10, -5.188693e-10, -3.599212e-08, -2.730711e-06, -3.596711e-08, -4.581572e-10, -8.445027e-10, -4.533501e-09, -8.743871e-12, 6.406650e-10, -8.833483e-11, -1.304752e-08, 2.138419e-10, 1.324242e-08, 1.006775e-10, -3.359458e-10, -4.636569e-12, 3.748565e-11, -5.312910e-12
-1.056604e-01, 3.598693e-08, -3.647258e-11, 4.964713e-10, 5.125506e-11, -3.592207e-08, 2.769115e-06, 1.258289e-11, 4.605740e-09, -5.487771e-11, -2.131735e-10, -3.595475e-08, -2.770201e-06, -3.580914e-08, -1.846300e-10, -5.083658e-10, -4.646232e-09, -1.307006e-11, 2.605836e-10, -2.318080e-11, -1.318184e-08, -3.377672e-11, 1.309896e-08, 2.161700e-11, -1.087127e-10, -3.299795e-11, 2.184328e-11, 5.659465e-13
-1.046541e-01, 3.589472e-08, -5.381889e-11, 5.307771e-10, 6.461743e-11, -3.585818e-08, 2.810864e-06, 1.400142e-11, 4.733230e-09, -2.332890e-11, -1.304021e-10, -3.586945e-08, -2.811154e-06, -3.585199e-08, -1.585188e-10, -5.232147e-10, -4.729816e-09, -1.221253e-11, 1.952721e-10, 4.145273e-12, -1.311862e-08, -2.761950e-11, 1.310609e-08, 8.692242e-13, -7.951502e-11, -1.332609e-11, 2.637241e-11, -2.283267e-12
-1.036478e-01, 3.600942e-08, -5.739337e-11, 7.385122e-10, 8.214453e-11, -3.545285e-08, 2.854802e-06, 1.151250e-11, 4.815312e-09, -3.920929e-10, -3.410798e-10, -3.584612e-08, -2.857170e-06, -3.555271e-08, -2.794446e-10, -7.536297e-10, -4.849293e-09, -1.351643e-11, 4.121001e-10, -3.930161e-11, -1.310679e-08, 2.093061e-10, 1.304784e-08, 3.472735e-11, -2.096413e-10, -6.321432e-11, 3.373429e-11, 1.961351e-12
-1.026415e-01, 3.578507e-08, -1.166285e-10, 1.230101e-09, 1.464962e-10, -3.547933e-08, 2.899415e-06, 1.667007e-11, 4.932035e-09, -1.863195e-10, -4.505920e-10, -3.566174e-08, -2.899519e-06, -3.571416e-08, -4.096351e-10, -1.239860e-09, -4.938919e-09, -1.731392e-11, 5.803070e-10, -2.635590e-11, -1.299195e-08, 4.660045e-11, 1.311406e-08, 2.510967e-11, -3.033913e-10, -6.568240e-13, 5.991954e-11, 4.482734e-13
-1.016352e-01, 3.561127e-08, 2.595043e-11, 4.798310e-11, 3.044390e-12, -3.555783e-08, 2.944937e-06, 2.807798e-12, 5.036567e-09, -3.867654e-11, -9.233063e-11, -3.558956e-08, -2.945409e-06, -3.554075e-08, -6.425345e-11, -5.035191e-11, -5.033956e-09, -2.895380e-12, 9.377474e-11, -2.606836e-11, -1.303135e-08, 4.366725e-13, 1.299690e-08, 2.624056e-11, -2.206009e-11, -1.612904e-11, -7.016076e-13, -1.148623e-13
-1.006289e-01, 3.552172e-08, 3.413298e-11, 2.855717e-11, 5.955779e-12, -3.548179e-08, 2.995445e-06, -4.792869e-12, 5.140727e-09, -1.174791e-11, -1.092005e-10, -3.550530e-08, -2.994723e-06, -3.562135e-08, -6.319222e-11, -3.098469e-11, -5.130133e-09, 4.470119e-12, 1.059628e-10, -2.449391e-11, -1.296060e-08, 1.917323e-11, 1.305573e-08, 2.376750e-11, -5.730895e-11, 2.510533e-11, -2.810856e-12, 3.093572e-13
-9.962264e-02, 3.531810e-08, 3.806007e-11, 6.581830e-11, 9.300879e-12, -3.556108e-08, 3.043702e-06, -7.110867e-12, 5.240578e-09, 1.740868e-10, -1.287372e-10, -3.538582e-08, -3.042503e-06, -3.553571e-08, -8.125589e-11, -6.616030e-11, -5.228969e-09, 7.124051e-12, 1.293585e-10, -2.686591e-11, -1.295706e-08, -9.865168e-11, 1.300624e-08, 2.685892e-11, -6.248253e-11, 3.205493e-11, 2.282065e-13, -4.484876e-15
-9.861635e-02, 3.527524e-08, 3.473186e-11, 5.197209e-11, 6.342553e-12, -3.547070e-08, 3.092323e-06, -2.033062e-12, 5.337153e-09, 1.362977e-10, -1.240960e-10, -3.533742e-08, -3.091443e-06, -3.543691e-08, -7.814518e-11, -5.502894e-11, -5.326336e-09, 1.808925e-12, 1.241469e-10, -3.028937e-11, -1.293235e-08, -5.989131e-11, 1.295949e-08, 2.972155e-11, -5.247875e-11, 2.380567e-11, -1.280251e-12, 2.235343e-13
-9.761006e-02, 3.518018e-08, 1.043666e-10, -2.311649e-10, -1.793084e-11, -3.521193e-08, 3.144977e-06, -1.400838e-11, 5.433092e-09, 4.099959e-11, -1.478424e-10, -3.518470e-08, -3.143801e-06, -3.536072e-08, -5.826926e-11, 2.305177e-10, -5.410684e-09, 1.391846e-11, 1.164507e-10, -5.913838e-11, -1.284917e-08, -8.960009e-12, 1.296720e-08, 5.874792e-11, -5.987199e-11, 3.636568e-11, -1.729742e-11, 1.750797e-13
-9.660377e-02, 3.500458e-08, -2.232102e-11, 2.606709e-10, 2.472686e-11, -3.513884e-08, 3.199021e-06, 2.814778e-12, 5.504691e-09, 8.584315e-11, -7.857384e-11, -3.504997e-08, -3.198839e-06, -3.505026e-08, -8.042329e-11, -2.587281e-10, -5.511038e-09, -2.524748e-12, 1.067339e-10, -1.990892e-12, -1.287305e-08, -4.273984e-11, 1.284666e-08, 2.508283e-12, -4.060398e-11, 4.025290e-12, 1.439373e-11, -2.207820e-13
-9.559748e-02, 3.489376e-08, 3.774267e-11, -4.083641e-12, 1.133939e-12, -3.499943e-08, 3.252895e-06, -2.959757e-12, 5.607511e-09, 8.183957e-11, -9.763243e-11, -3.492249e-08, -3.251989e-06, -3.504295e-08, -5.904482e-11, 4.829475e-12, -5.595235e-09, 2.963869e-12, 9.493013e-11, -2.935005e-11, -1.279264e-08, -4.241015e-11, 1.285672e-08, 2.937189e-11, -3.751266e-11, 2.549330e-11, -2.560896e-12, -4.277827e-16
-9.459119e-02, 3.485851e-08, 2.832276e-11, 2.193909e-11, 5.019154e-13, -3.494133e-08, 3.306095e-06, -5.614169e-12, 5.698495e-09, 6.489898e-11, -7.298487e-11, -3.488545e-08, -3.305277e-06, -3.498897e-08, -4.649053e-11, -2.505674e-11, -5.689197e-09, 5.658578e-12, 7.209159e-11, -1.742319e-11, -1.276246e-08, -2.124733e-11, 1.282379e-08, 1.778871e-11, -2.434593e-11, 2.459998e-11, 8.398929e-13, -2.216041e-13
-9.358491e-02, 3.457869e-08, 2.749359e-11, -5.471160e-11, -5.154556e-12, -3.480834e-08, 3.367259e-06, -1.293258e-13, 5.766203e-09, 1.469391e-10, -6.072621e-11, -3.465726e-08, -3.366952e-06, -3.465909e-08, -2.837631e-11, 5.184360e-11, -5.772285e-09, -4.527204e-13, 5.271172e-11, -2.459944e-11, -1.275916e-08, -6.997346e-11, 1.271100e-08, 2.336324e-11, -1.859778e-11, 6.391530e-12, -5.033113e-12, 5.564156e-13
-9.257862e-02, 3.458667e-08, -6.846718e-11, 2.943135e-10, 2.706525e-11, -3.471320e-08, 3.423020e-06, 8.069479e-12, 5.854508e-09, 8.047209e-11, 6.842697e-11, -3.463132e-08, -3.422805e-06, -3.463013e-08, -8.885442e-12, -2.877598e-10, -5.866543e-09, -6.771184e-12, -2.671261e-11, 4.282043e-11, -1.270964e-08, -3.593408e-11, 1.269532e-08, -3.837972e-11, 2.883889e-11, 5.741903e-12, 2.039174e-11, -2.047621e-12
-9.157233e-02, 3.432774e-08, -1.209120e-11, 1.621190e-10, 2.230414e-11, -3.451804e-08, 3.486017e-06, 1.449011e-13, 5.950708e-09, 1.490230e-10, -4.570497e-11, -3.438266e-08, -3.484406e-06, -3.459893e-08, -5.286237e-11, -1.585945e-10, -5.924900e-09, 3.564317e-13, 6.846344e-11, 1.538290e-12, -1.259994e-08, -7.133246e-11, 1.270370e-08, 5.846919e-13, -3.838187e-11, 4.654371e-11, 8.960940e-12, -9.728432e-13
-9.056604e-02, 3.423670e-08, 9.209440e-12, 1.035650e-10, 1.701781e-11, -3.422062e-08, 3.549871e-06, -1.060437e-12, 6.023539e-09, 8.392669e-12, -7.207944e-11, -3.422794e-08, -3.548782e-06, -3.439106e-08, -6.059468e-11, -1.008978e-10, -6.000604e-09, 1.442003e-12, 8.655299e-11, -1.072462e-11, -1.253044e-08, 7.496428e-12, 1.265562e-08, 1.252311e-11, -4.561623e-11, 3.305017e-11, 4.074557e-12, -8.329445e-13
-8.955975e-02, 3.395813e-08, 7.671510e-13, 1.180931e-10, 1.041449e-11, -3.418174e-08, 3.615988e-06, 2.513276e-12, 6.083389e-09, 1.472627e-10, -8.433103e-11, -3.403031e-08, -3.615557e-06, -3.405785e-08, -6.250703e-11, -1.207056e-10, -6.085025e-09, -2.978017e-12, 9.505816e-11, -1.715280e-11, -1.254808e-08, -7.921448e-11, 1.251680e-08, 1.585702e-11, -3.729094e-11, 9.281568e-12, 4.939006e-12, 5.907668e-13
-8.855346e-02, 3.388863e-08, -1.833544e-11, 2.083471e-10, 2.077529e-11, -3.401709e-08, 3.680429e-06, 3.951285e-12, 6.159965e-09, 8.328497e-11, -7.734560e-11, -3.393527e-08, -3.680171e-06, -3.394557e-08, -7.117110e-11, -2.085517e-10, -6.162699e-09, -4.030021e-12, 1.005519e-10, -7.656584e-12, -1.249570e-08, -3.297598e-11, 1.247765e-08, 7.195425e-12, -4.453961e-11, 7.090850e-12, 1.061963e-11, 2.213540e-13
-8.754717e-02, 3.380910e-08, 1.898600e-11, -2.342324e-11, 4.730354e-12, -3.393949e-08, 3.744685e-06, -3.243196e-13, 6.244374e-09, 9.328355e-11, -1.369911e-11, -3.385162e-08, -3.744005e-06, -3.392898e-08, -1.451635e-11, 2.980510e-11, -6.237037e-09, 1.390975e-12, 1.608081e-11, -4.938384e-12, -1.243100e-08, -4.320239e-11, 1.245919e-08, 7.901003e-12, -5.497433e-12, 1.873882e-11, -2.643903e-12, -1.345661e-12
-8.654088e-02, 3.360714e-08, -4.655452e-12, 2.723496e-10, 3.466334e-11, -3.369965e-08, 3.816527e-06, 2.678068e-12, 6.313206e-09, 7.130855e-11, -1.206395e-10, -3.363585e-08, -3.815690e-06, -3.374261e-08, -1.127749e-10, -2.660340e-10, -6.295480e-09, -1.724129e-12, 1.548690e-10, -1.200058e-11, -1.234876e-08, -2.653181e-11, 1.240876e-08, 1.465464e-11, -7.379220e-11, 2.207877e-11, 1.220233e-11, -1.198853e-12
-8.553459e-02, 3.327314e-08, -8.820111e-12, 1.524281e-10, 1.353533e-11, -3.357074e-08, 3.891144e-06, 3.525539e-12, 6.365118e-09, 1.982334e-10, -5.987725e-11, -3.336733e-08, -3.890516e-06, -3.341555e-08, -5.936377e-11, -1.520251e-10, -6.363740e-09, -3.436199e-12, 7.936551e-11, -1.001488e-11, -1.231802e-08, -1.103397e-10, 1.228076e-08, 1.052466e-11, -2.407776e-11, 1.333817e-11, 9.014427e-12, -2.406428e-13
-8.452830e-02, 3.326509e-08, -6.569359e-11, 4.037861e-11, -1.071028e-11, -3.342197e-08, 3.960939e-06, 1.053244e-12, 6.429631e-09, 1.019448e-10, 1.673821e-10, -3.331221e-08, -3.960763e-06, -3.331606e-08, 1.002688e-10, -4.293932e-11, -6.433844e-09, -1.458800e-12, -1.648925e-10, 5.310474e-11, -1.226498e-08, -6.559650e-11, 1.223131e-08, -5.421432e-11, 8.396588e-11, 1.573171e-12, 8.991896e-12, 5.038832e-13
-8.352201e-02, 3.300021e-08, -1.198950e-10, 6.723298e-10, 6.190130e-11, -3.310934e-08, 4.040520e-06, 1.244285e-11, 6.487742e-09, 6.819083e-11, -4.862400e-11, -3.303030e-08, -4.040583e-06, -3.301544e-08, -1.065972e-10, -6.746181e-10, -6.479518e-09, -1.254731e-11, 1.232189e-10, 4.294644e-11, -1.219183e-08, -4.358344e-11, 1.214365e-08, -4.291163e-11, -6.575026e-11, -7.339690e-12, 3.746776e-11, -4.904246e-14
-8.251572e-02, 3.286639e-08, -7.632043e-11, 1.865949e-10, 1.076032e-12, -3.287956e-08, 4.117188e-06, 3.136449e-12, 6.539825e-09, 8.947457e-12, 1.166563e-10, -3.286725e-08, -4.117206e-06, -3.286745e-08, 5.498532e-11, -1.901340e-10, -6.541197e-09, -3.613897e-12, -1.015193e-10, 5.162671e-11, -1.209883e-08, -1.328994e-11, 1.209237e-08, -5.322967e-11, 5.756758e-11, -1.082505e-12, 1.539372e-11, 7.312055e-13
-8.150943e-02, 3.263601e-08, -1.549610e-10, 6.653204e-10, 5.216224e-11, -3.263711e-08, 4.199013e-06, 1.682629e-11, 6.583820e-09, -6.907498e-12, 3.918122e-11, -3.263093e-08, -4.199503e-06, -3.256692e-08, -4.352106e-11, -6.695893e-10, -6.592379e-09, -1.759574e-11, 2.849416e-11, 6.850048e-11, -1.203940e-08, -1.191971e-11, 1.198859e-08, -7.089343e-11, -2.097377e-11, -1.629524e-11, 3.730891e-11, 1.105591e-12
-8.050314e-02, 3.230853e-08, -1.242686e-10, 6.854219e-10, 6.622192e-11, -3.240532e-08, 4.283883e-06, 1.377122e-11, 6.637146e-09, 6.589626e-11, -2.351313e-11, -3.233117e-08, -4.283706e-06, -3.235756e-08, -9.942796e-11, -6.784961e-10, -6.624630e-09, -1.307194e-11, 1.038838e-10, 4.927564e-11, -1.193606e-08, -4.680035e-11, 1.191807e-08, -4.721899e-11, -5.869326e-11, 3.867462e-14, 3.824924e-11, -9.052572e-13
-7.949686e-02, 3.211013e-08, -4.571540e-11, 2.242512e-10, 1.230301e-11, -3.200462e-08, 4.370937e-06, 2.891873e-12, 6.669550e-09, -7.057904e-11, 1.809812e-11, -3.207572e-08, -4.371124e-06, -3.206516e-08, -1.065242e-11, -2.243393e-10, -6.666923e-09, -3.014453e-12, 4.796775e-13, 2.841323e-11, -1.182316e-08, 3.967537e-11, 1.183979e-08, -2.897766e-11, 5.446114e-12, -4.432480e-12, 1.255143e-11, 2.751455e-13
-7.849057e-02, 3.189385e-08, -1.074330e-10, 3.750812e-10, 2.065323e-11, -3.180623e-08, 4.456507e-06, 1.105996e-11, 6.702682e-09, -6.639087e-11, 1.077511e-10, -3.186510e-08, -4.457092e-06, -3.179259e-08, 2.311395e-11, -3.758361e-10, -6.712431e-09, -1.118332e-11, -6.986727e-11, 6.357620e-11, -1.175347e-08, 3.202363e-11, 1.172494e-08, -6.382749e-11, 4.576716e-11, -1.645432e-11, 2.362545e-11, 1.120406e-13
-7.748428e-02, 3.162272e-08, -6.310380e-11, 1.446027e-12, -1.727170e-11, -3.153054e-08, 4.545966e-06, 2.854049e-12, 6.744131e-09, -5.512323e-11, 1.768130e-10, -3.159248e-08, -4.545754e-06, -3.163630e-08, 1.131599e-10, -6.764054e-12, -6.735317e-09, -3.450775e-12, -1.817776e-10, 5.198695e-11, -1.161205e-08, 3.385813e-11, 1.166632e-08, -5.391179e-11, 9.543658e-11, 7.447598e-12, 5.712690e-12, 8.670164e-13
-7.647799e-02, 3.128198e-08, -4.618733e-11, 1.438408e-10, 4.910941e-12, -3.128061e-08, 4.639663e-06, 1.922503e-12, 6.767236e-09, 1.690338e-12, 4.408358e-11, -3.127880e-08, -4.639543e-06, -3.130152e-08, 1.665014e-11, -1.476482e-10, -6.759431e-09, -2.455553e-12, -3.287834e-11, 2.710030e-11, -1.152346e-08, -2.740913e-12, 1.153336e-08, -2.870666e-11, 1.450332e-11, 2.400704e-12, 9.650518e-12, 7.346813e-13
-7.547170e-02, 3.099555e-08, -3.574360e-11, -4.884384e-11, -1.789154e-11, -3.098993e-08, 4.733789e-06, -3.828010e-12, 6.784640e-09, -4.463858e-12, 1.501198e-10, -3.099079e-08, -4.733838e-06, -3.098717e-08, 9.839635e-11, 4.799684e-11, -6.784788e-09, 3.653017e-12, -1.583097e-10, 4.326662e-11, -1.141775e-08, -3.356089e-12, 1.141601e-08, -4.349430e-11, 7.995159e-11, -2.391743e-12, 3.332865e-12, 9.976346e-14
-7.446541e-02, 3.054322e-08, -2.172524e-11, -1.835736e-10, -3.046287e-11, -3.066409e-08, 4.836318e-06, -2.231454e-12, 6.787709e-09, 7.616495e-11, 1.942766e-10, -3.057823e-08, -4.836370e-06, -3.055795e-08, 1.359834e-10, 1.859898e-10, -6.792227e-09, 2.435573e-12, -2.152366e-10, 4.175256e-11, -1.131176e-08, -5.140110e-11, 1.126446e-08, -4.106833e-11, 1.167845e-10, -4.639150e-12, -3.719805e-12, -3.006498e-13
-7.345912e-02, 3.022325e-08, -1.030294e-10, 6.165522e-10, 5.541347e-11, -3.022940e-08, 4.937171e-06, 1.492486e-11, 6.791550e-09, -4.394944e-13, -4.799276e-11, -3.022348e-08, -4.937369e-06, -3.019329e-08, -1.009733e-10, -6.133334e-10, -6.799429e-09, -1.471938e-11, 1.153244e-10, 3.556225e-11, -1.116473e-08, -5.112421e-12, 1.114509e-08, -3.498254e-11, -5.798634e-11, -6.219527e-12, 3.138585e-11, -2.383484e-13
-7.245283e-02, 2.995219e-08, -1.492027e-10, 8.183754e-10, 7.001078e-11, -2.987113e-08, 5.036956e-06, 2.027444e-11, 6.788449e-09, -6.728089e-11, -3.602779e-11, -2.992399e-08, -5.037852e-06, -2.980867e-08, -1.149571e-10, -8.170232e-10, -6.808228e-09, -2.022212e-11, 1.249531e-10, 5.497415e-11, -1.105402e-08, 2.714840e-11, 1.099210e-08, -5.502465e-11, -6.239209e-11, -2.484779e-11, 4.287963e-11, 4.350862e-14
-7.144654e-02, 2.952480e-08, -6.470526e-11, 6.469026e-11, -9.316388e-12, -2.959454e-08, 5.141411e-06, 3.396757e-12, 6.793130e-09, 4.718266e-11, 1.556290e-10, -2.954388e-08, -5.141263e-06, -2.955851e-08, 8.960750e-11, -6.799213e-11, -6.792077e-09, -3.715230e-12, -1.519193e-10, 5.071758e-11, -1.088921e-08, -3.266336e-11, 1.088052e-08, -5.161164e-11, 8.045652e-11, 2.278490e-12, 8.627643e-12, 3.956849e-13
-7.044025e-02, 2.903376e-08, -1.208993e-10, 3.810877e-10, 1.770893e-11, -2.921137e-08, 5.252192e-06, 1.228098e-11, 6.758285e-09, 1.007882e-10, 1.482643e-10, -2.908606e-08, -5.252896e-06, -2.896404e-08, 4.849216e-11, -3.809261e-10, -6.783373e-09, -1.238906e-11, -1.110323e-10, 7.497637e-11, -1.078860e-08, -7.339273e-11, 1.065822e-08, -7.538605e-11, 6.149236e-11, -2.420587e-11, 2.394636e-11, 2.056418e-13
-6.943396e-02, 2.848582e-08, -1.537953e-10, 2.791094e-10, -8.185278e-12, -2.874367e-08, 5.366531e-06, 1.797402e-11, 6.744511e-09, 1.727322e-10, 3.134127e-10, -2.856022e-08, -5.366121e-06, -2.859460e-08, 1.566241e-10, -2.811484e-10, -6.737290e-09, -1.817552e-11, -2.892279e-10, 1.081568e-10, -1.057769e-08, -1.089258e-10, 1.052661e-08, -1.087344e-10, 1.772528e-10, 4.878547e-12, 2.347549e-11, 2.562533e-13
-6.842767e-02, 2.820133e-08, -2.308814e-11, 4.043504e-10, 5.198636e-11, -2.799315e-08, 5.481901e-06, 3.701891e-12, 6.696844e-09, -1.465491e-10, -1.782321e-10, -2.813040e-08, -5.482754e-06, -2.804439e-08, -1.499194e-10, -4.028921e-10, -6.706775e-09, -3.649159e-12, 2.235274e-10, -1.308299e-11, -1.038371e-08, 7.338462e-11, 1.036959e-08, 1.312700e-11, -1.378752e-10, -2.195115e-11, 1.514204e-11, -9.489525e-16
-6.742138e-02, 2.760400e-08, -5.484921e-11, 7.352913e-11, -7.871678e-12, -2.767124e-08, 5.596175e-06, 1.525874e-12, 6.662478e-09, 4.634793e-11, 1.338980e-10, -2.762455e-08, -5.595971e-06, -2.764717e-08, 7.429230e-11, -7.401060e-11, -6.655192e-09, -1.596626e-12, -1.294863e-10, 4.635944e-11, -1.019616e-08, -2.416032e-11, 1.018818e-08, -4.671253e-11, 6.908608e-11, 4.055855e-12, 8.547537e-12, 1.694517e-13
-6.641509e-02, 2.720329e-08, 1.061597e-11, -2.400780e-11, -1.857239e-12, -2.701972e-08, 5.711472e-06, -6.231739e-12, 6.611445e-09, -1.143070e-10, -3.377135e-11, -2.714313e-08, -5.711367e-06, -2.718769e-08, -1.024827e-11, 1.858526e-11, -6.598422e-09, 5.711159e-12, 2.842664e-11, -7.344413e-12, -9.960494e-09, 6.570142e-11, 1.003109e-08, 5.716190e-12, -2.834707e-11, 5.552237e-12, -1.071138e-12, 7.302386e-13
-6.540881e-02, 2.658166e-08, -7.892635e-11, 2.608665e-10, 1.345927e-11, -2.661488e-08, 5.831473e-06, 7.652956e-12, 6.537335e-09, 2.076518e-11, 8.584154e-11, -2.659146e-08, -5.831470e-06, -2.658779e-08, 2.344873e-11, -2.621639e-10, -6.537770e-09, -7.778300e-12, -5.906769e-11, 4.519317e-11, -9.797393e-09, -1.288985e-11, 9.784660e-09, -4.553106e-11, 3.048495e-11, -7.913069e-13, 1.649731e-11, 1.503110e-13
-6.440252e-02, 2.566776e-08, -1.407884e-10, 5.804804e-10, 3.530281e-11, -2.608919e-08, 5.966280e-06, 1.879159e-11, 6.441549e-09, 2.761309e-10, 1.137042e-10, -2.579405e-08, -5.965987e-06, -2.579049e-08, -2.533471e-12, -5.757447e-10, -6.443992e-09, -1.836962e-11, -5.177064e-11, 7.566265e-11, -9.606890e-09, -1.707292e-10, 9.485928e-09, -7.449314e-11, 4.350356e-11, -5.915600e-13, 3.365431e-11, -5.139913e-13
-6.339623e-02, 2.526896e-08, -2.904236e-11, 4.729439e-11, -3.724106e-12, -2.530977e-08, 6.084349e-06, 1.649783e-13, 6.361634e-09, 3.249964e-11, 7.024090e-11, -2.527658e-08, -6.084063e-06, -2.531977e-08, 3.629489e-11, -4.669950e-11, -6.351652e-09, -1.284352e-13, -6.580619e-11, 2.422185e-11, -9.315097e-09, -2.560483e-11, 9.326148e-09, -2.409764e-11, 3.557447e-11, 5.843495e-12, 5.637751e-12, -5.254695e-14
-6.238994e-02, 2.456350e-08, -9.944755e-11, 5.328762e-10, 4.260438e-11, -2.455606e-08, 6.215434e-06, 1.442404e-11, 6.238671e-09, -1.110807e-11, 7.486614e-14, -2.455550e-08, -6.215871e-06, -2.450336e-08, -6.330849e-11, -5.299435e-10, -6.245007e-09, -1.418592e-11, 5.910924e-11, 4.119296e-11, -9.081284e-09, -3.104357e-12, 9.037631e-09, -4.049047e-11, -2.662338e-11, -1.338451e-11, 2.772530e-11, -3.073784e-13
-6.138365e-02, 2.383957e-08, -1.052347e-10, 1.688481e-10, -1.022507e-11, -2.407091e-08, 6.331117e-06, 1.018208e-11, 6.141539e-09, 1.630600e-10, 2.371569e-10, -2.390788e-08, -6.330304e-06, -2.400158e-08, 1.229311e-10, -1.688431e-10, -6.117894e-09, -1.017994e-11, -2.233214e-10, 7.845981e-11, -8.807463e-09, -9.306426e-11, 8.800298e-09, -7.859561e-11, 1.310187e-10, 1.630253e-11, 1.581804e-11, 6.774768e-14
-6.037736e-02, 2.323250e-08, -5.253939e-11, -8.345906e-11, -2.900737e-11, -2.320521e-08, 6.455339e-06, 3.445645e-12, 5.997649e-09, -1.411243e-11, 2.312081e-10, -2.322057e-08, -6.455205e-06, -2.324873e-08, 1.465053e-10, 8.449899e-11, -5.989406e-09, -3.358104e-12, -2.445595e-10, 5.813488e-11, -8.515386e-09, 4.726594e-12, 8.534737e-09, -5.779497e-11, 1.433407e-10, 3.160919e-12, 2.204460e-12, -1.543465e-13
-5.937107e-02, 2.225425e-08, -1.203613e-10, 6.092801e-10, 4.770631e-11, -2.233370e-08, 6.594201e-06, 1.843486e-11, 5.818557e-09, 4.512677e-11, 2.881529e-11, -2.227626e-08, -6.594563e-06, -2.221877e-08, -5.719965e-11, -6.040185e-10, -5.830044e-09, -1.797595e-11, 3.941669e-11, 5.280480e-11, -8.235625e-09, -3.239039e-11, 8.173166e-09, -5.137127e-11, -1.426546e-11, -1.179172e-11, 3.179381e-11, -6.412225e-13
-5.836478e-02, 2.144538e-08, -4.863014e-11, 2.835058e-10, 2.529937e-11, -2.145707e-08, 6.724319e-06, 8.789786e-12, 5.659764e-09, 9.679736e-12, -2.007042e-11, -2.144906e-08, -6.724184e-06, -2.146653e-08, -4.618822e-11, -2.823847e-10, -5.655888e-09, -8.688998e-12, 5.320164e-11, 1.371592e-11, -7.887305e-09, -4.624666e-12, 7.895898e-09, -1.341703e-11, -2.655833e-11, 3.315411e-12, 1.402578e-11, -1.338581e-13
-5.735849e-02, 2.059928e-08, -1.605985e-11, 1.138467e-10, 1.124445e-11, -2.062019e-08, 6.840560e-06, 3.706975e-12, 5.470850e-09, 1.384657e-11, -2.214837e-11, -2.060532e-08, -6.840528e-06, -2.060739e-08, -2.652954e-11, -1.139753e-10, -5.470844e-09, -3.716011e-12, 3.547150e-11, 1.100038e-12, -7.560211e-09, -9.199948e-12, 7.555877e-09, -1.146035e-12, -1.805668e-11, 3.688922e-13, 5.153874e-12, 2.102159e-14
-5.635220e-02, 1.965124e-08, -5.114633e-11, 2.282663e-10, 1.615990e-11, -1.948366e-08, 6.966575e-06, 8.680531e-12, 5.254609e-09, -1.093442e-10, 2.656763e-11, -1.959983e-08, -6.966656e-06, -1.960866e-08, -1.227857e-11, -2.267213e-10, -5.250038e-09, -8.551394e-12, -7.312233e-13, 2.263642e-11, -7.165415e-09, 6.671502e-11, 7.213706e-09, -2.222661e-11, 5.741752e-12, 6.701559e-13, 1.221911e-11, -1.838436e-13
-5.534591e-02, 1.865518e-08, -1.136397e-11, 6.494161e-11, 5.537869e-12, -1.866991e-08, 7.066957e-06, 2.180314e-12, 5.029479e-09, 1.151243e-11, -4.636975e-12, -1.865952e-08, -7.066840e-06, -1.867441e-08, -1.046532e-11, -6.497210e-11, -5.026235e-09, -2.177545e-12, 1.218042e-11, 3.051457e-12, -6.816325e-09, -6.637045e-12, 6.821747e-09, -3.050087e-12, -5.551392e-12, 2.731077e-12, 3.199687e-12, -1.080654e-15
-5.433962e-02, 1.747485e-08, -5.180993e-11, 2.372561e-10, 1.743932e-11, -1.749660e-08, 7.186528e-06, 8.854018e-12, 4.765858e-09, 1.786998e-11, 2.298878e-11, -1.748134e-08, -7.186336e-06, -1.750706e-08, -1.512224e-11, -2.357226e-10, -4.759730e-09, -8.731694e-12, 3.781342e-12, 2.186645e-11, -6.398251e-09, -9.830409e-12, 6.407452e-09, -2.147291e-11, 1.784587e-12, 4.669295e-12, 1.241880e-11, -1.762743e-13
-5.333333e-02, 1.640931e-08, -7.794136e-12, 9.805136e-11, 1.210704e-11, -1.642720e-08, 7.272097e-06, 2.415633e-12, 4.492824e-09, 1.407333e-11, -3.897673e-11, -1.641448e-08, -7.271962e-06, -1.643178e-08, -3.447698e-11, -9.810262e-11, -4.489183e-09, -2.420697e-12, 5.100434e-11, -3.894528e-12, -5.982052e-09, -8.489562e-12, 5.988295e-09, 3.874843e-12, -2.910484e-11, 3.123356e-12, 3.746097e-12, 8.983579e-15
-5.232704e-02, 1.525578e-08, -2.712020e-11, -5.132420e-11, -1.661941e-11, -1.517528e-08, 7.349145e-06, 2.563412e-12, 4.194427e-09, -4.898584e-11, 1.216697e-10, -1.523033e-08, -7.348986e-06, -1.526335e-08, 7.851947e-11, 5.112268e-11, -4.185235e-09, -2.582029e-12, -1.304933e-10, 2.945751e-11, -5.516265e-09, 2.977783e-11, 5.556977e-09, -2.951973e-11, 7.842301e-11, 5.116360e-12, 4.762221e-13, 2.838197e-14
-5.132075e-02, 1.403019e-08, -3.756903e-11, 1.112693e-10, 3.472353e-12, -1.403022e-08, 7.400431e-06, 6.025762e-12, 3.869125e-09, -9.556858e-13, 5.342137e-11, -1.402956e-08, -7.400468e-06, -1.402426e-08, 1.879149e-11, -1.110325e-10, -3.870479e-09, -6.009967e-12, -4.239377e-11, 2.142493e-11, -5.073426e-09, -7.884098e-13, 5.069932e-09, -2.136990e-11, 2.818320e-11, -1.228079e-12, 6.717525e-12, -2.452357e-14
-5.031447e-02, 1.272941e-08, -3.063554e-11, 1.240895e-10, 7.647413e-12, -1.270428e-08, 7.435958e-06, 5.445457e-12, 3.517490e-09, -1.977614e-11, 2.309346e-11, -1.272133e-08, -7.436146e-06, -1.269734e-08, -8.199045e-13, -1.237023e-10, -3.523985e-09, -5.416863e-12, -9.883295e-12, 1.420983e-11, -4.581077e-09, 9.328907e-12, 4.573781e-09, -1.411411e-11, 8.784829e-12, -4.455044e-12, 6.519489e-12, -4.287606e-14
-4.930818e-02, 1.136446e-08, -1.554453e-11, 5.547408e-11, 2.341267e-12, -1.133144e-08, 7.436064e-06, 2.528256e-12, 3.147243e-09, -2.337486e-11, 1.476912e-11, -1.135379e-08, -7.436181e-06, -1.134144e-08, 3.123784e-12, -5.610406e-11, -3.150364e-09, -2.578014e-12, -9.640428e-12, 7.606705e-12, -4.062476e-09, 1.212616e-11, 4.063759e-09, -7.767926e-12, 7.085012e-12, -2.571488e-12, 3.019394e-12, 7.243780e-14
-4.830189e-02, 9.931350e-09, -1.359169e-11, 1.541427e-11, -2.622650e-12, -9.897451e-09, 7.398322e-06, 1.856672e-12, 2.751250e-09, -2.418578e-11, 3.560077e-11, -9.920487e-09, -7.398453e-06, -9.906267e-09, 1.904669e-11, -1.525899e-11, -2.754994e-09, -1.846947e-12, -3.455405e-11, 1.044757e-11, -3.527357e-09, 1.246074e-11, 3.527707e-09, -1.041302e-11, 2.201336e-11, -2.833220e-12, 1.731548e-12, -1.533172e-14
-4.729560e-02, 8.517651e-09, -1.698529e-11, 9.211906e-12, -4.795117e-12, -8.442969e-09, 7.287951e-06, 2.316570e-12, 2.342582e-09, -5.008407e-11, 5.176926e-11, -8.494659e-09, -7.288049e-06, -8.489548e-09, 2.927045e-11, -8.907570e-12, -2.343206e-09, -2.295066e-12, -5.196799e-11, 1.409903e-11, -2.974206e-09, 2.931050e-11, 2.990504e-09, -1.402555e-11, 3.279779e-11, -1.323636e-12, 1.772321e-12, -3.296110e-14
-4.628931e-02, 6.979490e-09, -3.716128e-12, -2.914703e-11, -5.386933e-12, -6.960579e-09, 7.119516e-06, 1.112952e-13, 1.911721e-09, -1.252503e-11, 2.975623e-11, -6.973536e-09, -7.119512e-06, -6.975748e-09, 2.102272e-11, 2.899316e-11, -1.911075e-09, -1.230516e-13, -3.360438e-11, 6.110510e-12, -2.417004e-09, 7.139066e-12, 2.423219e-09, -6.148389e-12, 2.002289e-11, 2.570660e-13, -6.459544e-13, 1.705293e-14
-4.528302e-02, 5.439336e-09, 5.661478e-13, 4.345217e-12, 9.121828e-13, -5.453086e-09, 6.857877e-06, -3.147190e-14, 1.470425e-09, 8.617480e-12, -4.834150e-12, -5.443617e-09, -6.857898e-06, -5.439135e-09, -3.415782e-12, -4.321272e-12, -1.471784e-09, 3.331752e-14, 5.547663e-12, -9.474628e-13, -1.858706e-09, -5.263938e-12, 1.852526e-09, 9.535825e-13, -3.406851e-12, -6.776790e-13, 1.033197e-13, -2.761561e-15
-4.427673e-02, 3.974986e-09, 7.707308e-12, -4.373150e-11, -3.575306e-12, -3.937027e-09, 6.428095e-06, -1.548835e-12, 1.030861e-09, -2.726220e-11, 2.098393e-12, -3.963446e-09, -6.428260e-06, -3.945016e-09, 6.093559e-12, 4.378760e-11, -1.035586e-09, 1.553011e-12, -6.792169e-12, -2.138928e-12, -1.302751e-09, 1.528294e-11, 1.302090e-09, 2.152817e-12, 3.322480e-12, -3.358148e-12, -1.990622e-12, -6.251917e-15
-4.327044e-02, 2.541702e-09, 2.894943e-12, -2.160234e-12, 8.375165e-13, -2.499818e-09, 5.777784e-06, -3.840004e-13, 6.110510e-10, -2.924951e-11, -8.629956e-12, -2.528998e-09, -5.777912e-06, -2.516042e-09, -4.909879e-12, 2.163797e-12, -6.141636e-10, 3.844039e-13, 8.739542e-12, -2.349211e-12, -7.761146e-10, 1.691668e-11, 7.795981e-10, 2.350471e-12, -5.486353e-12, -2.421570e-12, -3.075145e-13, -5.732115e-16
-4.226415e-02, 1.221324e-09, 8.235185e-13, 1.769655e-12, 5.954868e-13, -1.228475e-09, 4.751695e-06, -8.606304e-14, 2.393814e-10, 4.604368e-12, -4.043756e-12, -1.223497e-09, -4.751703e-06, -1.221710e-09, -2.600555e-12, -1.780044e-12, -2.399978e-10, 8.533020e-14, 4.387720e-12, -9.159421e-13, -3.183302e-10, -2.904231e-12, 3.154892e-10, 9.135046e-13, -2.705491e-12, -2.750858e-13, -1.115130e-14, 1.095914e-15
-4.125786e-02, 2.274195e-10, 2.531954e-13, -4.924792e-13, -6.146686e-14, -2.285371e-10, 2.841168e-06, -4.683892e-14, -1.630257e-11, 7.839150e-13, -1.471282e-13, -2.277573e-10, -2.841164e-06, -2.281469e-10, 4.374194e-14, 4.928239e-13, 1.640115e-11, 4.686476e-14, -4.317517e-14, -1.061049e-13, 2.503077e-12, -4.504004e-13, -2.575714e-12, 1.061911e-13, -1.630514e-14, 7.132968e-14, -5.418054e-14, -3.894942e-17
-4.025157e-02, 0.000000e+00, 0.000000e+00, 0.000000e+00, 0.000000e+00, 0.000000e+00, 0.000000e+00, 0.000000e+00, 0.000000e+00, 0.000000e+00, 0.000000e+00, 0.000000e+00, 0.000000e+00, 0.000000e+00, 0.000000e+00, 0.000000e+00, 0.000000e+00, 0.000000e+00, 0.000000e+00, 0.000000e+00, 0.000000e+00, 0.000000e+00, 0.000000e+00, 0.000000e+00, 0.000000e+00, 0.000000e+00, 0.000000e+00, 0.000000e+00
-3.924528e-02, 0.000000e+00, 0.000000e+00, 0.000000e+00, 0.000000e+00, 0.000000e+00, 0.000000e+00, 0.000000e+00, 0.000000e+00, 0.000000e+00, 0.000000e+00, 0.000000e+00, 0.000000e+00, 0.000000e+00, 0.000000e+00, 0.000000e+00, 0.000000e+00, 0.000000e+00, 0.000000e+00, 0.000000e+00, 0.000000e+00, 0.000000e+00, 0.000000e+00, 0.000000e+00, 0.000000e+00, 0.000000e+00, 0.000000e+00, 0.000000e+00
-3.823899e-02, 0.000000e+00, 0.000000e+00, 0.000000e+00, 0.000000e+00, 0.000000e+00, 0.000000e+00, 0.000000e+00, 0.000000e+00, 0.000000e+00, 0.000000e+00, 0.000000e+00, 0.000000e+00, 0.000000e+00, 0.000000e+00, 0.000000e+00, 0.000000e+00, 0.000000e+00, 0.000000e+00, 0.000000e+00, 0.000000e+00, 0.000000e+00, 0.000000e+00, 0.000000e+00, 0.000000e+00, 0.000000e+00, 0.000000e+00, 0.000000e+00
-3.723270e-02, 0.000000e+00, 0.000000e+00, 0.000000e+00, 0.000000e+00, 0.000000e+00, 0.000000e+00, 0.000000e+00, 0.000000e+00, 0.000000e+00, 0.000000e+00, 0.000000e+00, 0.000000e+00, 0.000000e+00, 0.000000e+00, 0.000000e+00, 0.000000e+00, 0.000000e+00, 0.000000e+00, 0.000000e+00, 0.000000e+00, 0.000000e+00, 0.000000e+00, 0.000000e+00, 0.000000e+00, 0.000000e+00, 0.000000e+00, 0.000000e+00
-3.622642e-02, 0.000000e+00, 0.000000e+00, 0.000000e+00, 0.000000e+00, 0.000000e+00, 0.000000e+00, 0.000000e+00, 0.000000e+00, 0.000000e+00, 0.000000e+00, 0.000000e+00, 0.000000e+00, 0.000000e+00, 0.000000e+00, 0.000000e+00, 0.000000e+00, 0.000000e+00, 0.000000e+00, 0.000000e+00, 0.000000e+00, 0.000000e+00, 0.000000e+00, 0.000000e+00, 0.000000e+00, 0.000000e+00, 0.000000e+00, 0.000000e+00
-3.540000e-02, 0.000000e+00, 0.000000e+00, 0.000000e+00, 0.000000e+00, 0.000000e+00, 0.000000e+00, 0.000000e+00, 0.000000e+00, 0.000000e+00, 0.000000e+00, 0.000000e+00, 0.000000e+00, 0.000000e+00, 0.000000e+00, 0.000000e+00, 0.000000e+00, 0.000000e+00, 0.000000e+00, 0.000000e+00, 0.000000e+00, 0.000000e+00, 0.000000e+00, 0.000000e+00, 0.000000e+00, 0.000000e+00, 0.000000e+00, 0.000000e+00
-3.118213e-02, 0.000000e+00, 0.000000e+00, 0.000000e+00, 0.000000e+00, 0.000000e+00, 0.000000e+00, 0.000000e+00, 0.000000e+00, 0.000000e+00, 0.000000e+00, 0.000000e+00, 0.000000e+00, 0.000000e+00, 0.000000e+00, 0.000000e+00, 0.000000e+00, 0.000000e+00, 0.000000e+00, 0.000000e+00, 0.000000e+00, 0.000000e+00, 0.000000e+00, 0.000000e+00, 0.000000e+00, 0.000000e+00, 0.000000e+00, 0.000000e+00
-2.745383e-02, 0.000000e+00, 0.000000e+00, 0.000000e+00, 0.000000e+00, 0.000000e+00, 0.000000e+00, 0.000000e+00, 0.000000e+00, 0.000000e+00, 0.000000e+00, 0.000000e+00, 0.000000e+00, 0.000000e+00, 0.000000e+00, 0.000000e+00, 0.000000e+00, 0.000000e+00, 0.000000e+00, 0.000000e+00, 0.000000e+00, 0.000000e+00, 0.000000e+00, 0.000000e+00, 0.000000e+00, 0.000000e+00, 0.000000e+00, 0.000000e+00
-2.415937e-02, 0.000000e+00, 0.000000e+00, 0.000000e+00, 0.000000e+00, 0.000000e+00, 0.000000e+00, 0.000000e+00, 0.000000e+00, 0.000000e+00, 0.000000e+00, 0.000000e+00, 0.000000e+00, 0.000000e+00, 0.000000e+00, 0.000000e+00, 0.000000e+00, 0.000000e+00, 0.000000e+00, 0.000000e+00, 0.000000e+00, 0.000000e+00, 0.000000e+00, 0.000000e+00, 0.000000e+00, 0.000000e+00, 0.000000e+00, 0.000000e+00
-2.124926e-02, 0.000000e+00, 0.000000e+00, 0.000000e+00, 0.000000e+00, 0.000000e+00, 0.000000e+00, 0.000000e+00, 0.000000e+00, 0.000000e+00, 0.000000e+00, 0.000000e+00, 0.000000e+00, 0.000000e+00, 0.000000e+00, 0.000000e+00, 0.000000e+00, 0.000000e+00, 0.000000e+00, 0.000000e+00, 0.000000e+00, 0.000000e+00, 0.000000e+00, 0.000000e+00, 0.000000e+00, 0.000000e+00, 0.000000e+00, 0.000000e+00
-1.867959e-02, 0.000000e+00, 0.000000e+00, 0.000000e+00, 0.000000e+00, 0.000000e+00, 0.000000e+00, 0.000000e+00, 0.000000e+00, 0.000000e+00, 0.000000e+00, 0.000000e+00, 0.000000e+00, 0.000000e+00, 0.000000e+00, 0.000000e+00, 0.000000e+00, 0.000000e+00, 0.000000e+00, 0.000000e+00, 0.000000e+00, 0.000000e+00, 0.000000e+00, 0.000000e+00, 0.000000e+00, 0.000000e+00, 0.000000e+00, 0.000000e+00
-1.641135e-02, 0.000000e+00, 0.000000e+00, 0.000000e+00, 0.000000e+00, 0.000000e+00, 0.000000e+00, 0.000000e+00, 0.000000e+00, 0.000000e+00, 0.000000e+00, 0.000000e+00, 0.000000e+00, 0.000000e+00, 0.000000e+00, 0.000000e+00, 0.000000e+00, 0.000000e+00, 0.000000e+00, 0.000000e+00, 0.000000e+00, 0.000000e+00, 0.000000e+00, 0.000000e+00, 0.000000e+00, 0.000000e+00, 0.000000e+00, 0.000000e+00
-1.440997e-02, 0.000000e+00, 0.000000e+00, 0.000000e+00, 0.000000e+00, 0.000000e+00, 0.000000e+00, 0.000000e+00, 0.000000e+00, 0.000000e+00, 0.000000e+00, 0.000000e+00, 0.000000e+00, 0.000000e+00, 0.000000e+00, 0.000000e+00, 0.000000e+00, 0.000000e+00, 0.000000e+00, 0.000000e+00, 0.000000e+00, 0.000000e+00, 0.000000e+00, 0.000000e+00, 0.000000e+00, 0.000000e+00, 0.000000e+00, 0.000000e+00
-1.264475e-02, 0.000000e+00, 0.000000e+00, 0.000000e+00, 0.000000e+00, 0.000000e+00, 0.000000e+00, 0.000000e+00, 0.000000e+00, 0.000000e+00, 0.000000e+00, 0.000000e+00, 0.000000e+00, 0.000000e+00, 0.000000e+00, 0.000000e+00, 0.000000e+00, 0.000000e+00, 0.000000e+00, 0.000000e+00, 0.000000e+00, 0.000000e+00, 0.000000e+00, 0.000000e+00, 0.000000e+00, 0.000000e+00, 0.000000e+00, 0.000000e+00
-1.108847e-02, 0.000000e+00, 0.000000e+00, 0.000000e+00, 0.000000e+00, 0.000000e+00, 0.000000e+00, 0.000000e+00, 0.000000e+00, 0.000000e+00, 0.000000e+00, 0.000000e+00, 0.000000e+00, 0.000000e+00, 0.000000e+00, 0.000000e+00, 0.000000e+00, 0.000000e+00, 0.000000e+00, 0.000000e+00, 0.000000e+00, 0.000000e+00, 0.000000e+00, 0.000000e+00, 0.000000e+00, 0.000000e+00, 0.000000e+00, 0.000000e+00
-9.717000e-03, 0.000000e+00, 0.000000e+00, 0.000000e+00, 0.000000e+00, 0.000000e+00, 0.000000e+00, 0.000000e+00, 0.000000e+00, 0.000000e+00, 0.000000e+00, 0.000000e+00, 0.000000e+00, 0.000000e+00, 0.000000e+00, 0.000000e+00, 0.000000e+00, 0.000000e+00, 0.000000e+00, 0.000000e+00, 0.000000e+00, 0.000000e+00, 0.000000e+00, 0.000000e+00, 0.000000e+00, 0.000000e+00, 0.000000e+00, 0.000000e+00
-8.508941e-03, 0.000000e+00, 0.000000e+00, 0.000000e+00, 0.000000e+00, 0.000000e+00, 0.000000e+00, 0.000000e+00, 0.000000e+00, 0.000000e+00, 0.000000e+00, 0.000000e+00, 0.000000e+00, 0.000000e+00, 0.000000e+00, 0.000000e+00, 0.000000e+00, 0.000000e+00, 0.000000e+00, 0.000000e+00, 0.000000e+00, 0.000000e+00, 0.000000e+00, 0.000000e+00, 0.000000e+00, 0.000000e+00, 0.000000e+00, 0.000000e+00
-7.445323e-03, 0.000000e+00, 0.000000e+00, 0.000000e+00, 0.000000e+00, 0.000000e+00, 0.000000e+00, 0.000000e+00, 0.000000e+00, 0.000000e+00, 0.000000e+00, 0.000000e+00, 0.000000e+00, 0.000000e+00, 0.000000e+00, 0.000000e+00, 0.000000e+00, 0.000000e+00, 0.000000e+00, 0.000000e+00, 0.000000e+00, 0.000000e+00, 0.000000e+00, 0.000000e+00, 0.000000e+00, 0.000000e+00, 0.000000e+00, 0.000000e+00
-6.509340e-03, 0.000000e+00, 0.000000e+00, 0.000000e+00, 0.000000e+00, 0.000000e+00, 0.000000e+00, 0.000000e+00, 0.000000e+00, 0.000000e+00, 0.000000e+00, 0.000000e+00, 0.000000e+00, 0.000000e+00, 0.000000e+00, 0.000000e+00, 0.000000e+00, 0.000000e+00, 0.000000e+00, 0.000000e+00, 0.000000e+00, 0.000000e+00, 0.000000e+00, 0.000000e+00, 0.000000e+00, 0.000000e+00, 0.000000e+00, 0.000000e+00
-5.686100e-03, 0.000000e+00, 0.000000e+00, 0.000000e+00, 0.000000e+00, 0.000000e+00, 0.000000e+00, 0.000000e+00, 0.000000e+00, 0.000000e+00, 0.000000e+00, 0.000000e+00, 0.000000e+00, 0.000000e+00, 0.000000e+00, 0.000000e+00, 0.000000e+00, 0.000000e+00, 0.000000e+00, 0.000000e+00, 0.000000e+00, 0.000000e+00, 0.000000e+00, 0.000000e+00, 0.000000e+00, 0.000000e+00, 0.000000e+00, 0.000000e+00
-4.962414e-03, 0.000000e+00, 0.000000e+00, 0.000000e+00, 0.000000e+00, 0.000000e+00, 0.000000e+00, 0.000000e+00, 0.000000e+00, 0.000000e+00, 0.000000e+00, 0.000000e+00, 0.000000e+00, 0.000000e+00, 0.000000e+00, 0.000000e+00, 0.000000e+00, 0.000000e+00, 0.000000e+00, 0.000000e+00, 0.000000e+00, 0.000000e+00, 0.000000e+00, 0.000000e+00, 0.000000e+00, 0.000000e+00, 0.000000e+00, 0.000000e+00
-4.326605e-03, 0.000000e+00, 0.000000e+00, 0.000000e+00, 0.000000e+00, 0.000000e+00, 0.000000e+00, 0.000000e+00, 0.000000e+00, 0.000000e+00, 0.000000e+00, 0.000000e+00, 0.000000e+00, 0.000000e+00, 0.000000e+00, 0.000000e+00, 0.000000e+00, 0.000000e+00, 0.000000e+00, 0.000000e+00, 0.000000e+00, 0.000000e+00, 0.000000e+00, 0.000000e+00, 0.000000e+00, 0.000000e+00, 0.000000e+00, 0.000000e+00
-3.768333e-03, 0.000000e+00, 0.000000e+00, 0.000000e+00, 0.000000e+00, 0.000000e+00, 0.000000e+00, 0.000000e+00, 0.000000e+00, 0.000000e+00, 0.000000e+00, 0.000000e+00, 0.000000e+00, 0.000000e+00, 0.000000e+00, 0.000000e+00, 0.000000e+00, 0.000000e+00, 0.000000e+00, 0.000000e+00, 0.000000e+00, 0.000000e+00, 0.000000e+00, 0.000000e+00, 0.000000e+00, 0.000000e+00, 0.000000e+00, 0.000000e+00
-3.278450e-03, 0.000000e+00, 0.000000e+00, 0.000000e+00, 0.000000e+00, 0.000000e+00, 0.000000e+00, 0.000000e+00, 0.000000e+00, 0.000000e+00, 0.000000e+00, 0.000000e+00, 0.000000e+00, 0.000000e+00, 0.000000e+00, 0.000000e+00, 0.000000e+00, 0.000000e+00, 0.000000e+00, 0.000000e+00, 0.000000e+00, 0.000000e+00, 0.000000e+00, 0.000000e+00, 0.000000e+00, 0.000000e+00, 0.000000e+00, 0.000000e+00
-2.848860e-03, 0.000000e+00, 0.000000e+00, 0.000000e+00, 0.000000e+00, 0.000000e+00, 0.000000e+00, 0.000000e+00, 0.000000e+00, 0.000000e+00, 0.000000e+00, 0.000000e+00, 0.000000e+00, 0.000000e+00, 0.000000e+00, 0.000000e+00, 0.000000e+00, 0.000000e+00, 0.000000e+00, 0.000000e+00, 0.000000e+00, 0.000000e+00, 0.000000e+00, 0.000000e+00, 0.000000e+00, 0.000000e+00, 0.000000e+00, 0.000000e+00
-2.472404e-03, 0.000000e+00, 0.000000e+00, 0.000000e+00, 0.000000e+00, 0.000000e+00, 0.000000e+00, 0.000000e+00, 0.000000e+00, 0.000000e+00, 0.000000e+00, 0.000000e+00, 0.000000e+00, 0.000000e+00, 0.000000e+00, 0.000000e+00, 0.000000e+00, 0.000000e+00, 0.000000e+00, 0.000000e+00, 0.000000e+00, 0.000000e+00, 0.000000e+00, 0.000000e+00, 0.000000e+00, 0.000000e+00, 0.000000e+00, 0.000000e+00
-2.142750e-03, 0.000000e+00, 0.000000e+00, 0.000000e+00, 0.000000e+00, 0.000000e+00, 0.000000e+00, 0.000000e+00, 0.000000e+00, 0.000000e+00, 0.000000e+00, 0.000000e+00, 0.000000e+00, 0.000000e+00, 0.000000e+00, 0.000000e+00, 0.000000e+00, 0.000000e+00, 0.000000e+00, 0.000000e+00, 0.000000e+00, 0.000000e+00, 0.000000e+00, 0.000000e+00, 0.000000e+00, 0.000000e+00, 0.000000e+00, 0.000000e+00
-1.854303e-03, 0.000000e+00, 0.000000e+00, 0.000000e+00, 0.000000e+00, 0.000000e+00, 0.000000e+00, 0.000000e+00, 0.000000e+00, 0.000000e+00, 0.000000e+00, 0.000000e+00, 0.000000e+00, 0.000000e+00, 0.000000e+00, 0.000000e+00, 0.000000e+00, 0.000000e+00, 0.000000e+00, 0.000000e+00, 0.000000e+00, 0.000000e+00, 0.000000e+00, 0.000000e+00, 0.000000e+00, 0.000000e+00, 0.000000e+00, 0.000000e+00
-1.602117e-03, 0.000000e+00, 0.000000e+00, 0.000000e+00, 0.000000e+00, 0.000000e+00, 0.000000e+00, 0.000000e+00, 0.000000e+00, 0.000000e+00, 0.000000e+00, 0.000000e+00, 0.000000e+00, 0.000000e+00, 0.000000e+00, 0.000000e+00, 0.000000e+00, 0.000000e+00, 0.000000e+00, 0.000000e+00, 0.000000e+00, 0.000000e+00, 0.000000e+00, 0.000000e+00, 0.000000e+00, 0.000000e+00, 0.000000e+00, 0.000000e+00
-1.381826e-03, 0.000000e+00, 0.000000e+00, 0.000000e+00, 0.000000e+00, 0.000000e+00, 0.000000e+00, 0.000000e+00, 0.000000e+00, 0.000000e+00, 0.000000e+00, 0.000000e+00, 0.000000e+00, 0.000000e+00, 0.000000e+00, 0.000000e+00, 0.000000e+00, 0.000000e+00, 0.000000e+00, 0.000000e+00, 0.000000e+00, 0.000000e+00, 0.000000e+00, 0.000000e+00, 0.000000e+00, 0.000000e+00, 0.000000e+00, 0.000000e+00
-1.189572e-03, 0.000000e+00, 0.000000e+00, 0.000000e+00, 0.000000e+00, 0.000000e+00, 0.000000e+00, 0.000000e+00, 0.000000e+00, 0.000000e+00, 0.000000e+00, 0.000000e+00, 0.000000e+00, 0.000000e+00, 0.000000e+00, 0.000000e+00, 0.000000e+00, 0.000000e+00, 0.000000e+00, 0.000000e+00, 0.000000e+00, 0.000000e+00, 0.000000e+00, 0.000000e+00, 0.000000e+00, 0.000000e+00, 0.000000e+00, 0.000000e+00
-1.021951e-03, 0.000000e+00, 0.000000e+00, 0.000000e+00, 0.000000e+00, 0.000000e+00, 0.000000e+00, 0.000000e+00, 0.000000e+00, 0.000000e+00, 0.000000e+00, 0.000000e+00, 0.000000e+00, 0.000000e+00, 0.000000e+00, 0.000000e+00, 0.000000e+00, 0.000000e+00, 0.000000e+00, 0.000000e+00, 0.000000e+00, 0.000000e+00, 0.000000e+00, 0.000000e+00, 0.000000e+00, 0.000000e+00, 0.000000e+00, 0.000000e+00
-8.759577e-04, 0.000000e+00, 0.000000e+00, 0.000000e+00, 0.000000e+00, 0.000000e+00, 0.000000e+00, 0.000000e+00, 0.000000e+00, 0.000000e+00, 0.000000e+00, 0.000000e+00, 0.000000e+00, 0.000000e+00, 0.000000e+00, 0.000000e+00, 0.000000e+00, 0.000000e+00, 0.000000e+00, 0.000000e+00, 0.000000e+00, 0.000000e+00, 0.000000e+00, 0.000000e+00, 0.000000e+00, 0.000000e+00, 0.000000e+00, 0.000000e+00
-7.489439e-04, 0.000000e+00, 0.000000e+00, 0.000000e+00, 0.000000e+00, 0.000000e+00, 0.000000e+00, 0.000000e+00, 0.000000e+00, 0.000000e+00, 0.000000e+00, 0.000000e+00, 0.000000e+00, 0.000000e+00, 0.000000e+00, 0.000000e+00, 0.000000e+00, 0.000000e+00, 0.000000e+00, 0.000000e+00, 0.000000e+00, 0.000000e+00, 0.000000e+00, 0.000000e+00, 0.000000e+00, 0.000000e+00, 0.000000e+00, 0.000000e+00
-6.385732e-04, 0.000000e+00, 0.000000e+00, 0.000000e+00, 0.000000e+00, 0.000000e+00, 0.000000e+00, 0.000000e+00, 0.000000e+00, 0.000000e+00, 0.000000e+00, 0.000000e+00, 0.000000e+00, 0.000000e+00, 0.000000e+00, 0.000000e+00, 0.000000e+00, 0.000000e+00, 0.000000e+00, 0.000000e+00, 0.000000e+00, 0.000000e+00, 0.000000e+00, 0.000000e+00, 0.000000e+00, 0.000000e+00, 0.000000e+00, 0.000000e+00
-5.427872e-04, 0.000000e+00, 0.000000e+00, 0.000000e+00, 0.000000e+00, 0.000000e+00, 0.000000e+00, 0.000000e+00, 0.000000e+00, 0.000000e+00, 0.000000e+00, 0.000000e+00, 0.000000e+00, 0.000000e+00, 0.000000e+00, 0.000000e+00, 0.000000e+00, 0.000000e+00, 0.000000e+00, 0.000000e+00, 0.000000e+00, 0.000000e+00, 0.000000e+00, 0.000000e+00, 0.000000e+00, 0.000000e+00, 0.000000e+00, 0.000000e+00
-4.597727e-04, 0.000000e+00, 0.000000e+00, 0.000000e+00, 0.000000e+00, 0.000000e+00, 0.000000e+00, 0.000000e+00, 0.000000e+00, 0.000000e+00, 0.000000e+00, 0.000000e+00, 0.000000e+00, 0.000000e+00, 0.000000e+00, 0.000000e+00, 0.000000e+00, 0.000000e+00, 0.000000e+00, 0.000000e+00, 0.000000e+00, 0.000000e+00, 0.000000e+00, 0.000000e+00, 0.000000e+00, 0.000000e+00, 0.000000e+00, 0.000000e+00
-3.879332e-04, 0.000000e+00, 0.000000e+00, 0.000000e+00, 0.000000e+00, 0.000000e+00, 0.000000e+00, 0.000000e+00, 0.000000e+00, 0.000000e+00, 0.000000e+00, 0.000000e+00, 0.000000e+00, 0.000000e+00, 0.000000e+00, 0.000000e+00, 0.000000e+00, 0.000000e+00, 0.000000e+00, 0.000000e+00, 0.000000e+00, 0.000000e+00, 0.000000e+00, 0.000000e+00, 0.000000e+00, 0.000000e+00, 0.000000e+00, 0.000000e+00
-3.258639e-04, 0.000000e+00, 0.000000e+00, 0.000000e+00, 0.000000e+00, 0.000000e+00, 0.000000e+00, 0.000000e+00, 0.000000e+00, 0.000000e+00, 0.000000e+00, 0.000000e+00, 0.000000e+00, 0.000000e+00, 0.000000e+00, 0.000000e+00, 0.000000e+00, 0.000000e+00, 0.000000e+00, 0.000000e+00, 0.000000e+00, 0.000000e+00, 0.000000e+00, 0.000000e+00, 0.000000e+00, 0.000000e+00, 0.000000e+00, 0.000000e+00
-2.723291e-04, 0.000000e+00, 0.000000e+00, 0.000000e+00, 0.000000e+00, 0.000000e+00, 0.000000e+00, 0.000000e+00, 0.000000e+00, 0.000000e+00, 0.000000e+00, 0.000000e+00, 0.000000e+00, 0.000000e+00, 0.000000e+00, 0.000000e+00, 0.000000e+00, 0.000000e+00, 0.000000e+00, 0.000000e+00, 0.000000e+00, 0.000000e+00, 0.000000e+00, 0.000000e+00, 0.000000e+00, 0.000000e+00, 0.000000e+00, 0.000000e+00
-2.262427e-04, 0.000000e+00, 0.000000e+00, 0.000000e+00, 0.000000e+00, 0.000000e+00, 0.000000e+00, 0.000000e+00, 0.000000e+00, 0.000000e+00, 0.000000e+00, 0.000000e+00, 0.000000e+00, 0.000000e+00, 0.000000e+00, 0.000000e+00, 0.000000e+00, 0.000000e+00, 0.000000e+00, 0.000000e+00, 0.000000e+00, 0.000000e+00, 0.000000e+00, 0.000000e+00, 0.000000e+00, 0.000000e+00, 0.000000e+00, 0.000000e+00
-1.866502e-04, 0.000000e+00, 0.000000e+00, 0.000000e+00, 0.000000e+00, 0.000000e+00, 0.000000e+00, 0.000000e+00, 0.000000e+00, 0.000000e+00, 0.000000e+00, 0.000000e+00, 0.000000e+00, 0.000000e+00, 0.000000e+00, 0.000000e+00, 0.000000e+00, 0.000000e+00, 0.000000e+00, 0.000000e+00, 0.000000e+00, 0.000000e+00, 0.000000e+00, 0.000000e+00, 0.000000e+00, 0.000000e+00, 0.000000e+00, 0.000000e+00
-1.527138e-04, 0.000000e+00, 0.000000e+00, 0.000000e+00, 0.000000e+00, 0.000000e+00, 0.000000e+00, 0.000000e+00, 0.000000e+00, 0.000000e+00, 0.000000e+00, 0.000000e+00, 0.000000e+00, 0.000000e+00, 0.000000e+00, 0.000000e+00, 0.000000e+00, 0.000000e+00, 0.000000e+00, 0.000000e+00, 0.000000e+00, 0.000000e+00, 0.000000e+00, 0.000000e+00, 0.000000e+00, 0.000000e+00, 0.000000e+00, 0.000000e+00
-1.236982e-04, 0.000000e+00, 0.000000e+00, 0.000000e+00, 0.000000e+00, 0.000000e+00, 0.000000e+00, 0.000000e+00, 0.000000e+00, 0.000000e+00, 0.000000e+00, 0.000000e+00, 0.000000e+00, 0.000000e+00, 0.000000e+00, 0.000000e+00, 0.000000e+00, 0.000000e+00, 0.000000e+00, 0.000000e+00, 0.000000e+00, 0.000000e+00, 0.000000e+00, 0.000000e+00, 0.000000e+00, 0.000000e+00, 0.000000e+00, 0.000000e+00
-9.895854e-05, 0.000000e+00, 0.000000e+00, 0.000000e+00, 0.000000e+00, 0.000000e+00, 0.000000e+00, 0.000000e+00, 0.000000e+00, 0.000000e+00, 0.000000e+00, 0.000000e+00, 0.000000e+00, 0.000000e+00, 0.000000e+00, 0.000000e+00, 0.000000e+00, 0.000000e+00, 0.000000e+00, 0.000000e+00, 0.000000e+00, 0.000000e+00, 0.000000e+00, 0.000000e+00, 0.000000e+00, 0.000000e+00, 0.000000e+00, 0.000000e+00
-7.792985e-05, 0.000000e+00, 0.000000e+00, 0.000000e+00, 0.000000e+00, 0.000000e+00, 0.000000e+00, 0.000000e+00, 0.000000e+00, 0.000000e+00, 0.000000e+00, 0.000000e+00, 0.000000e+00, 0.000000e+00, 0.000000e+00, 0.000000e+00, 0.000000e+00, 0.000000e+00, 0.000000e+00, 0.000000e+00, 0.000000e+00, 0.000000e+00, 0.000000e+00, 0.000000e+00, 0.000000e+00, 0.000000e+00, 0.000000e+00, 0.000000e+00
-6.011731e-05, 0.000000e+00, 0.000000e+00, 0.000000e+00, 0.000000e+00, 0.000000e+00, 0.000000e+00, 0.000000e+00, 0.000000e+00, 0.000000e+00, 0.000000e+00, 0.000000e+00, 0.000000e+00, 0.000000e+00, 0.000000e+00, 0.000000e+00, 0.000000e+00, 0.000000e+00, 0.000000e+00, 0.000000e+00, 0.000000e+00, 0.000000e+00, 0.000000e+00, 0.000000e+00, 0.000000e+00, 0.000000e+00, 0.000000e+00, 0.000000e+00
-4.508798e-05, 0.000000e+00, 0.000000e+00, 0.000000e+00, 0.000000e+00, 0.000000e+00, 0.000000e+00, 0.000000e+00, 0.000000e+00, 0.000000e+00, 0.000000e+00, 0.000000e+00, 0.000000e+00, 0.000000e+00, 0.000000e+00, 0.000000e+00, 0.000000e+00, 0.000000e+00, 0.000000e+00, 0.000000e+00, 0.000000e+00, 0.000000e+00, 0.000000e+00, 0.000000e+00, 0.000000e+00, 0.000000e+00, 0.000000e+00, 0.000000e+00
-3.246335e-05, 0.000000e+00, 0.000000e+00, 0.000000e+00, 0.000000e+00, 0.000000e+00, 0.000000e+00, 0.000000e+00, 0.000000e+00, 0.000000e+00, 0.000000e+00, 0.000000e+00, 0.000000e+00, 0.000000e+00, 0.000000e+00, 0.000000e+00, 0.000000e+00, 0.000000e+00, 0.000000e+00, 0.000000e+00, 0.000000e+00, 0.000000e+00, 0.000000e+00, 0.000000e+00, 0.000000e+00, 0.000000e+00, 0.000000e+00, 0.000000e+00
-2.191276e-05, 0.000000e+00, 0.000000e+00, 0.000000e+00, 0.000000e+00, 0.000000e+00, 0.000000e+00, 0.000000e+00, 0.000000e+00, 0.000000e+00, 0.000000e+00, 0.000000e+00, 0.000000e+00, 0.000000e+00, 0.000000e+00, 0.000000e+00, 0.000000e+00, 0.000000e+00, 0.000000e+00, 0.000000e+00, 0.000000e+00, 0.000000e+00, 0.000000e+00, 0.000000e+00, 0.000000e+00, 0.000000e+00, 0.000000e+00, 0.000000e+00
-1.314766e-05, 0.000000e+00, 0.000000e+00, 0.000000e+00, 0.000000e+00, 0.000000e+00, 0.000000e+00, 0.000000e+00, 0.000000e+00, 0.000000e+00, 0.000000e+00, 0.000000e+00, 0.000000e+00, 0.000000e+00, 0.000000e+00, 0.000000e+00, 0.000000e+00, 0.000000e+00, 0.000000e+00, 0.000000e+00, 0.000000e+00, 0.000000e+00, 0.000000e+00, 0.000000e+00, 0.000000e+00, 0.000000e+00, 0.000000e+00, 0.000000e+00
-5.916445e-06, 0.000000e+00, 0.000000e+00, 0.000000e+00, 0.000000e+00, 0.000000e+00, 0.000000e+00, 0.000000e+00, 0.000000e+00, 0.000000e+00, 0.000000e+00, 0.000000e+00, 0.000000e+00, 0.000000e+00, 0.000000e+00, 0.000000e+00, 0.000000e+00, 0.000000e+00, 0.000000e+00, 0.000000e+00, 0.000000e+00, 0.000000e+00, 0.000000e+00, 0.000000e+00, 0.000000e+00, 0.000000e+00, 0.000000e+00, 0.000000e+00
0.000000e+00, 0.000000e+00, 0.000000e+00, 0.000000e+00, 0.000000e+00, 0.000000e+00, 0.000000e+00, 0.000000e+00, 0.000000e+00, 0.000000e+00, 0.000000e+00, 0.000000e+00, 0.000000e+00, 0.000000e+00, 0.000000e+00, 0.000000e+00, 0.000000e+00, 0.000000e+00, 0.000000e+00, 0.000000e+00, 0.000000e+00, 0.000000e+00, 0.000000e+00, 0.000000e+00, 0.000000e+00, 0.000000e+00, 0.000000e+00, 0.000000e+00
5.916445e-06, 0.000000e+00, 0.000000e+00, 0.000000e+00, 0.000000e+00, 0.000000e+00, 0.000000e+00, 0.000000e+00, 0.000000e+00, 0.000000e+00, 0.000000e+00, 0.000000e+00, 0.000000e+00, 0.000000e+00, 0.000000e+00, 0.000000e+00, 0.000000e+00, 0.000000e+00, 0.000000e+00, 0.000000e+00, 0.000000e+00, 0.000000e+00, 0.000000e+00, 0.000000e+00, 0.000000e+00, 0.000000e+00, 0.000000e+00, 0.000000e+00
1.314766e-05, 0.000000e+00, 0.000000e+00, 0.000000e+00, 0.000000e+00, 0.000000e+00, 0.000000e+00, 0.000000e+00, 0.000000e+00, 0.000000e+00, 0.000000e+00, 0.000000e+00, 0.000000e+00, 0.000000e+00, 0.000000e+00, 0.000000e+00, 0.000000e+00, 0.000000e+00, 0.000000e+00, 0.000000e+00, 0.000000e+00, 0.000000e+00, 0.000000e+00, 0.000000e+00, 0.000000e+00, 0.000000e+00, 0.000000e+00, 0.000000e+00
2.191276e-05, 0.000000e+00, 0.000000e+00, 0.000000e+00, 0.000000e+00, 0.000000e+00, 0.000000e+00, 0.000000e+00, 0.000000e+00, 0.000000e+00, 0.000000e+00, 0.000000e+00, 0.000000e+00, 0.000000e+00, 0.000000e+00, 0.000000e+00, 0.000000e+00, 0.000000e+00, 0.000000e+00, 0.000000e+00, 0.000000e+00, 0.000000e+00, 0.000000e+00, 0.000000e+00, 0.000000e+00, 0.000000e+00, 0.000000e+00, 0.000000e+00
3.246335e-05, 0.000000e+00, 0.000000e+00, 0.000000e+00, 0.000000e+00, 0.000000e+00, 0.000000e+00, 0.000000e+00, 0.000000e+00, 0.000000e+00, 0.000000e+00, 0.000000e+00, 0.000000e+00, 0.000000e+00, 0.000000e+00, 0.000000e+00, 0.000000e+00, 0.000000e+00, 0.000000e+00, 0.000000e+00, 0.000000e+00, 0.000000e+00, 0.000000e+00, 0.000000e+00, 0.000000e+00, 0.000000e+00, 0.000000e+00, 0.000000e+00
4.508798e-05, 0.000000e+00, 0.000000e+00, 0.000000e+00, 0.000000e+00, 0.000000e+00, 0.000000e+00, 0.000000e+00, 0.000000e+00, 0.000000e+00, 0.000000e+00, 0.000000e+00, 0.000000e+00, 0.000000e+00, 0.000000e+00, 0.000000e+00, 0.000000e+00, 0.000000e+00, 0.000000e+00, 0.000000e+00, 0.000000e+00, 0.000000e+00, 0.000000e+00, 0.000000e+00, 0.000000e+00, 0.000000e+00, 0.000000e+00, 0.000000e+00
6.011731e-05, 0.000000e+00, 0.000000e+00, 0.000000e+00, 0.000000e+00, 0.000000e+00, 0.000000e+00, 0.000000e+00, 0.000000e+00, 0.000000e+00, 0.000000e+00, 0.000000e+00, 0.000000e+00, 0.000000e+00, 0.000000e+00, 0.000000e+00, 0.000000e+00, 0.000000e+00, 0.000000e+00, 0.000000e+00, 0.000000e+00, 0.000000e+00, 0.000000e+00, 0.000000e+00, 0.000000e+00, 0.000000e+00, 0.000000e+00, 0.000000e+00
7.792985e-05, 0.000000e+00, 0.000000e+00, 0.000000e+00, 0.000000e+00, 0.000000e+00, 0.000000e+00, 0.000000e+00, 0.000000e+00, 0.000000e+00, 0.000000e+00, 0.000000e+00, 0.000000e+00, 0.000000e+00, 0.000000e+00, 0.000000e+00, 0.000000e+00, 0.000000e+00, 0.000000e+00, 0.000000e+00, 0.000000e+00, 0.000000e+00, 0.000000e+00, 0.000000e+00, 0.000000e+00, 0.000000e+00, 0.000000e+00, 0.000000e+00
9.895854e-05, 0.000000e+00, 0.000000e+00, 0.000000e+00, 0.000000e+00, 0.000000e+00, 0.000000e+00, 0.000000e+00, 0.000000e+00, 0.000000e+00, 0.000000e+00, 0.000000e+00, 0.000000e+00, 0.000000e+00, 0.000000e+00, 0.000000e+00, 0.000000e+00, 0.000000e+00, 0.000000e+00, 0.000000e+00, 0.000000e+00, 0.000000e+00, 0.000000e+00, 0.000000e+00, 0.000000e+00, 0.000000e+00, 0.000000e+00, 0.000000e+00
1.236982e-04, 0.000000e+00, 0.000000e+00, 0.000000e+00, 0.000000e+00, 0.000000e+00, 0.000000e+00, 0.000000e+00, 0.000000e+00, 0.000000e+00, 0.000000e+00, 0.000000e+00, 0.000000e+00, 0.000000e+00, 0.000000e+00, 0.000000e+00, 0.000000e+00, 0.000000e+00, 0.000000e+00, 0.000000e+00, 0.000000e+00, 0.000000e+00, 0.000000e+00, 0.000000e+00, 0.000000e+00, 0.000000e+00, 0.000000e+00, 0.000000e+00
1.527138e-04, 0.000000e+00, 0.000000e+00, 0.000000e+00, 0.000000e+00, 0.000000e+00, 0.000000e+00, 0.000000e+00, 0.000000e+00, 0.000000e+00, 0.000000e+00, 0.000000e+00, 0.000000e+00, 0.000000e+00, 0.000000e+00, 0.000000e+00, 0.000000e+00, 0.000000e+00, 0.000000e+00, 0.000000e+00, 0.000000e+00, 0.000000e+00, 0.000000e+00, 0.000000e+00, 0.000000e+00, 0.000000e+00, 0.000000e+00, 0.000000e+00
1.866502e-04, 0.000000e+00, 0.000000e+00, 0.000000e+00, 0.000000e+00, 0.000000e+00, 0.000000e+00, 0.000000e+00, 0.000000e+00, 0.000000e+00, 0.000000e+00, 0.000000e+00, 0.000000e+00, 0.000000e+00, 0.000000e+00, 0.000000e+00, 0.000000e+00, 0.000000e+00, 0.000000e+00, 0.000000e+00, 0.000000e+00, 0.000000e+00, 0.000000e+00, 0.000000e+00, 0.000000e+00, 0.000000e+00, 0.000000e+00, 0.000000e+00
2.262427e-04, 0.000000e+00, 0.000000e+00, 0.000000e+00, 0.000000e+00, 0.000000e+00, 0.000000e+00, 0.000000e+00, 0.000000e+00, 0.000000e+00, 0.000000e+00, 0.000000e+00, 0.000000e+00, 0.000000e+00, 0.000000e+00, 0.000000e+00, 0.000000e+00, 0.000000e+00, 0.000000e+00, 0.000000e+00, 0.000000e+00, 0.000000e+00, 0.000000e+00, 0.000000e+00, 0.000000e+00, 0.000000e+00, 0.000000e+00, 0.000000e+00
2.723291e-04, 0.000000e+00, 0.000000e+00, 0.000000e+00, 0.000000e+00, 0.000000e+00, 0.000000e+00, 0.000000e+00, 0.000000e+00, 0.000000e+00, 0.000000e+00, 0.000000e+00, 0.000000e+00, 0.000000e+00, 0.000000e+00, 0.000000e+00, 0.000000e+00, 0.000000e+00, 0.000000e+00, 0.000000e+00, 0.000000e+00, 0.000000e+00, 0.000000e+00, 0.000000e+00, 0.000000e+00, 0.000000e+00, 0.000000e+00, 0.000000e+00
3.258639e-04, 0.000000e+00, 0.000000e+00, 0.000000e+00, 0.000000e+00, 0.000000e+00, 0.000000e+00, 0.000000e+00, 0.000000e+00, 0.000000e+00, 0.000000e+00, 0.000000e+00, 0.000000e+00, 0.000000e+00, 0.000000e+00, 0.000000e+00, 0.000000e+00, 0.000000e+00, 0.000000e+00, 0.000000e+00, 0.000000e+00, 0.000000e+00, 0.000000e+00, 0.000000e+00, 0.000000e+00, 0.000000e+00, 0.000000e+00, 0.000000e+00
3.879332e-04, 0.000000e+00, 0.000000e+00, 0.000000e+00, 0.000000e+00, 0.000000e+00, 0.000000e+00, 0.000000e+00, 0.000000e+00, 0.000000e+00, 0.000000e+00, 0.000000e+00, 0.000000e+00, 0.000000e+00, 0.000000e+00, 0.000000e+00, 0.000000e+00, 0.000000e+00, 0.000000e+00, 0.000000e+00, 0.000000e+00, 0.000000e+00, 0.000000e+00, 0.000000e+00, 0.000000e+00, 0.000000e+00, 0.000000e+00, 0.000000e+00
4.597727e-04, 0.000000e+00, 0.000000e+00, 0.000000e+00, 0.000000e+00, 0.000000e+00, 0.000000e+00, 0.000000e+00, 0.000000e+00, 0.000000e+00, 0.000000e+00, 0.000000e+00, 0.000000e+00, 0.000000e+00, 0.000000e+00, 0.000000e+00, 0.000000e+00, 0.000000e+00, 0.000000e+00, 0.000000e+00, 0.000000e+00, 0.000000e+00, 0.000000e+00, 0.000000e+00, 0.000000e+00, 0.000000e+00, 0.000000e+00, 0.000000e+00
5.427872e-04, 0.000000e+00, 0.000000e+00, 0.000000e+00, 0.000000e+00, 0.000000e+00, 0.000000e+00, 0.000000e+00, 0.000000e+00, 0.000000e+00, 0.000000e+00, 0.000000e+00, 0.000000e+00, 0.000000e+00, 0.000000e+00, 0.000000e+00, 0.000000e+00, 0.000000e+00, 0.000000e+00, 0.000000e+00, 0.000000e+00, 0.000000e+00, 0.000000e+00, 0.000000e+00, 0.000000e+00, 0.000000e+00, 0.000000e+00, 0.000000e+00
6.385732e-04, 0.000000e+00, 0.000000e+00, 0.000000e+00, 0.000000e+00, 0.000000e+00, 0.000000e+00, 0.000000e+00, 0.000000e+00, 0.000000e+00, 0.000000e+00, 0.000000e+00, 0.000000e+00, 0.000000e+00, 0.000000e+00, 0.000000e+00, 0.000000e+00, 0.000000e+00, 0.000000e+00, 0.000000e+00, 0.000000e+00, 0.000000e+00, 0.000000e+00, 0.000000e+00, 0.000000e+00, 0.000000e+00, 0.000000e+00, 0.000000e+00
7.489439e-04, 0.000000e+00, 0.000000e+00, 0.000000e+00, 0.000000e+00, 0.000000e+00, 0.000000e+00, 0.000000e+00, 0.000000e+00, 0.000000e+00, 0.000000e+00, 0.000000e+00, 0.000000e+00, 0.000000e+00, 0.000000e+00, 0.000000e+00, 0.000000e+00, 0.000000e+00, 0.000000e+00, 0.000000e+00, 0.000000e+00, 0.000000e+00, 0.000000e+00, 0.000000e+00, 0.000000e+00, 0.000000e+00, 0.000000e+00, 0.000000e+00
8.759577e-04, 0.000000e+00, 0.000000e+00, 0.000000e+00, 0.000000e+00, 0.000000e+00, 0.000000e+00, 0.000000e+00, 0.000000e+00, 0.000000e+00, 0.000000e+00, 0.000000e+00, 0.000000e+00, 0.000000e+00, 0.000000e+00, 0.000000e+00, 0.000000e+00, 0.000000e+00, 0.000000e+00, 0.000000e+00, 0.000000e+00, 0.000000e+00, 0.000000e+00, 0.000000e+00, 0.000000e+00, 0.000000e+00, 0.000000e+00, 0.000000e+00
1.021951e-03, 0.000000e+00, 0.000000e+00, 0.000000e+00, 0.000000e+00, 0.000000e+00, 0.000000e+00, 0.000000e+00, 0.000000e+00, 0.000000e+00, 0.000000e+00, 0.000000e+00, 0.000000e+00, 0.000000e+00, 0.000000e+00, 0.000000e+00, 0.000000e+00, 0.000000e+00, 0.000000e+00, 0.000000e+00, 0.000000e+00, 0.000000e+00, 0.000000e+00, 0.000000e+00, 0.000000e+00, 0.000000e+00, 0.000000e+00, 0.000000e+00
1.189572e-03, 0.000000e+00, 0.000000e+00, 0.000000e+00, 0.000000e+00, 0.000000e+00, 0.000000e+00, 0.000000e+00, 0.000000e+00, 0.000000e+00, 0.000000e+00, 0.000000e+00, 0.000000e+00, 0.000000e+00, 0.000000e+00, 0.000000e+00, 0.000000e+00, 0.000000e+00, 0.000000e+00, 0.000000e+00, 0.000000e+00, 0.000000e+00, 0.000000e+00, 0.000000e+00, 0.000000e+00, 0.000000e+00, 0.000000e+00, 0.000000e+00
1.381826e-03, 0.000000e+00, 0.000000e+00, 0.000000e+00, 0.000000e+00, 0.000000e+00, 0.000000e+00, 0.000000e+00, 0.000000e+00, 0.000000e+00, 0.000000e+00, 0.000000e+00, 0.000000e+00, 0.000000e+00, 0.000000e+00, 0.000000e+00, 0.000000e+00, 0.000000e+00, 0.000000e+00, 0.000000e+00, 0.000000e+00, 0.000000e+00, 0.000000e+00, 0.000000e+00, 0.000000e+00, 0.000000e+00, 0.000000e+00, 0.000000e+00
1.602117e-03, 0.000000e+00, 0.000000e+00, 0.000000e+00, 0.000000e+00, 0.000000e+00, 0.000000e+00, 0.000000e+00, 0.000000e+00, 0.000000e+00, 0.000000e+00, 0.000000e+00, 0.000000e+00, 0.000000e+00, 0.000000e+00, 0.000000e+00, 0.000000e+00, 0.000000e+00, 0.000000e+00, 0.000000e+00, 0.000000e+00, 0.000000e+00, 0.000000e+00, 0.000000e+00, 0.000000e+00, 0.000000e+00, 0.000000e+00, 0.000000e+00
1.854303e-03, 0.000000e+00, 0.000000e+00, 0.000000e+00, 0.000000e+00, 0.000000e+00, 0.000000e+00, 0.000000e+00, 0.000000e+00, 0.000000e+00, 0.000000e+00, 0.000000e+00, 0.000000e+00, 0.000000e+00, 0.000000e+00, 0.000000e+00, 0.000000e+00, 0.000000e+00, 0.000000e+00, 0.000000e+00, 0.000000e+00, 0.000000e+00, 0.000000e+00, 0.000000e+00, 0.000000e+00, 0.000000e+00, 0.000000e+00, 0.000000e+00
2.142750e-03, 0.000000e+00, 0.000000e+00, 0.000000e+00, 0.000000e+00, 0.000000e+00, 0.000000e+00, 0.000000e+00, 0.000000e+00, 0.000000e+00, 0.000000e+00, 0.000000e+00, 0.000000e+00, 0.000000e+00, 0.000000e+00, 0.000000e+00, 0.000000e+00, 0.000000e+00, 0.000000e+00, 0.000000e+00, 0.000000e+00, 0.000000e+00, 0.000000e+00, 0.000000e+00, 0.000000e+00, 0.000000e+00, 0.000000e+00, 0.000000e+00
2.472404e-03, 0.000000e+00, 0.000000e+00, 0.000000e+00, 0.000000e+00, 0.000000e+00, 0.000000e+00, 0.000000e+00, 0.000000e+00, 0.000000e+00, 0.000000e+00, 0.000000e+00, 0.000000e+00, 0.000000e+00, 0.000000e+00, 0.000000e+00, 0.000000e+00, 0.000000e+00, 0.000000e+00, 0.000000e+00, 0.000000e+00, 0.000000e+00, 0.000000e+00, 0.000000e+00, 0.000000e+00, 0.000000e+00, 0.000000e+00, 0.000000e+00
2.848860e-03, 0.000000e+00, 0.000000e+00, 0.000000e+00, 0.000000e+00, 0.000000e+00, 0.000000e+00, 0.000000e+00, 0.000000e+00, 0.000000e+00, 0.000000e+00, 0.000000e+00, 0.000000e+00, 0.000000e+00, 0.000000e+00, 0.000000e+00, 0.000000e+00, 0.000000e+00, 0.000000e+00, 0.000000e+00, 0.000000e+00, 0.000000e+00, 0.000000e+00, 0.000000e+00, 0.000000e+00, 0.000000e+00, 0.000000e+00, 0.000000e+00
3.278450e-03, 0.000000e+00, 0.000000e+00, 0.000000e+00, 0.000000e+00, 0.000000e+00, 0.000000e+00, 0.000000e+00, 0.000000e+00, 0.000000e+00, 0.000000e+00, 0.000000e+00, 0.000000e+00, 0.000000e+00, 0.000000e+00, 0.000000e+00, 0.000000e+00, 0.000000e+00, 0.000000e+00, 0.000000e+00, 0.000000e+00, 0.000000e+00, 0.000000e+00, 0.000000e+00, 0.000000e+00, 0.000000e+00, 0.000000e+00, 0.000000e+00
3.768333e-03, 0.000000e+00, 0.000000e+00, 0.000000e+00, 0.000000e+00, 0.000000e+00, 0.000000e+00, 0.000000e+00, 0.000000e+00, 0.000000e+00, 0.000000e+00, 0.000000e+00, 0.000000e+00, 0.000000e+00, 0.000000e+00, 0.000000e+00, 0.000000e+00, 0.000000e+00, 0.000000e+00, 0.000000e+00, 0.000000e+00, 0.000000e+00, 0.000000e+00, 0.000000e+00, 0.000000e+00, 0.000000e+00, 0.000000e+00, 0.000000e+00
4.326605e-03, 0.000000e+00, 0.000000e+00, 0.000000e+00, 0.000000e+00, 0.000000e+00, 0.000000e+00, 0.000000e+00, 0.000000e+00, 0.000000e+00, 0.000000e+00, 0.000000e+00, 0.000000e+00, 0.000000e+00, 0.000000e+00, 0.000000e+00, 0.000000e+00, 0.000000e+00, 0.000000e+00, 0.000000e+00, 0.000000e+00, 0.000000e+00, 0.000000e+00, 0.000000e+00, 0.000000e+00, 0.000000e+00, 0.000000e+00, 0.000000e+00
4.962414e-03, 0.000000e+00, 0.000000e+00, 0.000000e+00, 0.000000e+00, 0.000000e+00, 0.000000e+00, 0.000000e+00, 0.000000e+00, 0.000000e+00, 0.000000e+00, 0.000000e+00, 0.000000e+00, 0.000000e+00, 0.000000e+00, 0.000000e+00, 0.000000e+00, 0.000000e+00, 0.000000e+00, 0.000000e+00, 0.000000e+00, 0.000000e+00, 0.000000e+00, 0.000000e+00, 0.000000e+00, 0.000000e+00, 0.000000e+00, 0.000000e+00
5.686100e-03, 0.000000e+00, 0.000000e+00, 0.000000e+00, 0.000000e+00, 0.000000e+00, 0.000000e+00, 0.000000e+00, 0.000000e+00, 0.000000e+00, 0.000000e+00, 0.000000e+00, 0.000000e+00, 0.000000e+00, 0.000000e+00, 0.000000e+00, 0.000000e+00, 0.000000e+00, 0.000000e+00, 0.000000e+00, 0.000000e+00, 0.000000e+00, 0.000000e+00, 0.000000e+00, 0.000000e+00, 0.000000e+00, 0.000000e+00, 0.000000e+00
6.509340e-03, 0.000000e+00, 0.000000e+00, 0.000000e+00, 0.000000e+00, 0.000000e+00, 0.000000e+00, 0.000000e+00, 0.000000e+00, 0.000000e+00, 0.000000e+00, 0.000000e+00, 0.000000e+00, 0.000000e+00, 0.000000e+00, 0.000000e+00, 0.000000e+00, 0.000000e+00, 0.000000e+00, 0.000000e+00, 0.000000e+00, 0.000000e+00, 0.000000e+00, 0.000000e+00, 0.000000e+00, 0.000000e+00, 0.000000e+00, 0.000000e+00
7.445323e-03, 0.000000e+00, 0.000000e+00, 0.000000e+00, 0.000000e+00, 0.000000e+00, 0.000000e+00, 0.000000e+00, 0.000000e+00, 0.000000e+00, 0.000000e+00, 0.000000e+00, 0.000000e+00, 0.000000e+00, 0.000000e+00, 0.000000e+00, 0.000000e+00, 0.000000e+00, 0.000000e+00, 0.000000e+00, 0.000000e+00, 0.000000e+00, 0.000000e+00, 0.000000e+00, 0.000000e+00, 0.000000e+00, 0.000000e+00, 0.000000e+00
8.508941e-03, 0.000000e+00, 0.000000e+00, 0.000000e+00, 0.000000e+00, 0.000000e+00, 0.000000e+00, 0.000000e+00, 0.000000e+00, 0.000000e+00, 0.000000e+00, 0.000000e+00, 0.000000e+00, 0.000000e+00, 0.000000e+00, 0.000000e+00, 0.000000e+00, 0.000000e+00, 0.000000e+00, 0.000000e+00, 0.000000e+00, 0.000000e+00, 0.000000e+00, 0.000000e+00, 0.000000e+00, 0.000000e+00, 0.000000e+00, 0.000000e+00
9.717000e-03, 0.000000e+00, 0.000000e+00, 0.000000e+00, 0.000000e+00, 0.000000e+00, 0.000000e+00, 0.000000e+00, 0.000000e+00, 0.000000e+00, 0.000000e+00, 0.000000e+00, 0.000000e+00, 0.000000e+00, 0.000000e+00, 0.000000e+00, 0.000000e+00, 0.000000e+00, 0.000000e+00, 0.000000e+00, 0.000000e+00, 0.000000e+00, 0.000000e+00, 0.000000e+00, 0.000000e+00, 0.000000e+00, 0.000000e+00, 0.000000e+00
1.108847e-02, 0.000000e+00, 0.000000e+00, 0.000000e+00, 0.000000e+00, 0.000000e+00, 0.000000e+00, 0.000000e+00, 0.000000e+00, 0.000000e+00, 0.000000e+00, 0.000000e+00, 0.000000e+00, 0.000000e+00, 0.000000e+00, 0.000000e+00, 0.000000e+00, 0.000000e+00, 0.000000e+00, 0.000000e+00, 0.000000e+00, 0.000000e+00, 0.000000e+00, 0.000000e+00, 0.000000e+00, 0.000000e+00, 0.000000e+00, 0.000000e+00
1.264475e-02, 0.000000e+00, 0.000000e+00, 0.000000e+00, 0.000000e+00, 0.000000e+00, 0.000000e+00, 0.000000e+00, 0.000000e+00, 0.000000e+00, 0.000000e+00, 0.000000e+00, 0.000000e+00, 0.000000e+00, 0.000000e+00, 0.000000e+00, 0.000000e+00, 0.000000e+00, 0.000000e+00, 0.000000e+00, 0.000000e+00, 0.000000e+00, 0.000000e+00, 0.000000e+00, 0.000000e+00, 0.000000e+00, 0.000000e+00, 0.000000e+00
1.440997e-02, 0.000000e+00, 0.000000e+00, 0.000000e+00, 0.000000e+00, 0.000000e+00, 0.000000e+00, 0.000000e+00, 0.000000e+00, 0.000000e+00, 0.000000e+00, 0.000000e+00, 0.000000e+00, 0.000000e+00, 0.000000e+00, 0.000000e+00, 0.000000e+00, 0.000000e+00, 0.000000e+00, 0.000000e+00, 0.000000e+00, 0.000000e+00, 0.000000e+00, 0.000000e+00, 0.000000e+00, 0.000000e+00, 0.000000e+00, 0.000000e+00
1.641135e-02, 0.000000e+00, 0.000000e+00, 0.000000e+00, 0.000000e+00, 0.000000e+00, 0.000000e+00, 0.000000e+00, 0.000000e+00, 0.000000e+00, 0.000000e+00, 0.000000e+00, 0.000000e+00, 0.000000e+00, 0.000000e+00, 0.000000e+00, 0.000000e+00, 0.000000e+00, 0.000000e+00, 0.000000e+00, 0.000000e+00, 0.000000e+00, 0.000000e+00, 0.000000e+00, 0.000000e+00, 0.000000e+00, 0.000000e+00, 0.000000e+00
1.867959e-02, 0.000000e+00, 0.000000e+00, 0.000000e+00, 0.000000e+00, 0.000000e+00, 0.000000e+00, 0.000000e+00, 0.000000e+00, 0.000000e+00, 0.000000e+00, 0.000000e+00, 0.000000e+00, 0.000000e+00, 0.000000e+00, 0.000000e+00, 0.000000e+00, 0.000000e+00, 0.000000e+00, 0.000000e+00, 0.000000e+00, 0.000000e+00, 0.000000e+00, 0.000000e+00, 0.000000e+00, 0.000000e+00, 0.000000e+00, 0.000000e+00
2.124926e-02, 0.000000e+00, 0.000000e+00, 0.000000e+00, 0.000000e+00, 0.000000e+00, 0.000000e+00, 0.000000e+00, 0.000000e+00, 0.000000e+00, 0.000000e+00, 0.000000e+00, 0.000000e+00, 0.000000e+00, 0.000000e+00, 0.000000e+00, 0.000000e+00, 0.000000e+00, 0.000000e+00, 0.000000e+00, 0.000000e+00, 0.000000e+00, 0.000000e+00, 0.000000e+00, 0.000000e+00, 0.000000e+00, 0.000000e+00, 0.000000e+00
2.415937e-02, 0.000000e+00, 0.000000e+00, 0.000000e+00, 0.000000e+00, 0.000000e+00, 0.000000e+00, 0.000000e+00, 0.000000e+00, 0.000000e+00, 0.000000e+00, 0.000000e+00, 0.000000e+00, 0.000000e+00, 0.000000e+00, 0.000000e+00, 0.000000e+00, 0.000000e+00, 0.000000e+00, 0.000000e+00, 0.000000e+00, 0.000000e+00, 0.000000e+00, 0.000000e+00, 0.000000e+00, 0.000000e+00, 0.000000e+00, 0.000000e+00
2.745383e-02, 0.000000e+00, 0.000000e+00, 0.000000e+00, 0.000000e+00, 0.000000e+00, 0.000000e+00, 0.000000e+00, 0.000000e+00, 0.000000e+00, 0.000000e+00, 0.000000e+00, 0.000000e+00, 0.000000e+00, 0.000000e+00, 0.000000e+00, 0.000000e+00, 0.000000e+00, 0.000000e+00, 0.000000e+00, 0.000000e+00, 0.000000e+00, 0.000000e+00, 0.000000e+00, 0.000000e+00, 0.000000e+00, 0.000000e+00, 0.000000e+00
3.118213e-02, 0.000000e+00, 0.000000e+00, 0.000000e+00, 0.000000e+00, 0.000000e+00, 0.000000e+00, 0.000000e+00, 0.000000e+00, 0.000000e+00, 0.000000e+00, 0.000000e+00, 0.000000e+00, 0.000000e+00, 0.000000e+00, 0.000000e+00, 0.000000e+00, 0.000000e+00, 0.000000e+00, 0.000000e+00, 0.000000e+00, 0.000000e+00, 0.000000e+00, 0.000000e+00, 0.000000e+00, 0.000000e+00, 0.000000e+00, 0.000000e+00
3.540000e-02, 0.000000e+00, 0.000000e+00, 0.000000e+00, 0.000000e+00, 0.000000e+00, 0.000000e+00, 0.000000e+00, 0.000000e+00, 0.000000e+00, 0.000000e+00, 0.000000e+00, 0.000000e+00, 0.000000e+00, 0.000000e+00, 0.000000e+00, 0.000000e+00, 0.000000e+00, 0.000000e+00, 0.000000e+00, 0.000000e+00, 0.000000e+00, 0.000000e+00, 0.000000e+00, 0.000000e+00, 0.000000e+00, 0.000000e+00, 0.000000e+00
