-3.811321e-02, 2.689373e-06, -5.829821e-10, -1.124161e-08, -2.634217e-09, -2.671618e-06, 1.080496e-04, 4.630504e-10, -1.092778e-07, -9.832264e-09, 7.596544e-09, -2.683750e-06, -1.080478e-04, -2.688497e-06, 9.397022e-09, 1.383141e-08, 1.075660e-07, -8.068394e-10, -1.116290e-08, 1.229210e-09, -1.063890e-06, 2.454602e-09, 1.073075e-06, -2.118272e-09, 5.152128e-09, 1.278284e-09, -1.817024e-09, 4.115604e-10
-3.711354e-02, 2.842932e-06, 9.749595e-10, -1.543555e-08, -2.416506e-09, -2.824792e-06, 1.155711e-04, 2.092591e-10, -1.009760e-07, -1.159916e-08, 5.802331e-09, -2.836185e-06, -1.156240e-04, -2.832341e-06, 6.365025e-09, 1.585070e-08, 1.027692e-07, -3.366823e-10, -8.168672e-09, 1.608517e-10, -1.130362e-06, 5.873403e-09, 1.130527e-06, -4.929335e-10, 6.849974e-09, -1.856400e-09, -1.063045e-09, 1.460892e-10
-3.611387e-02, 3.015875e-06, 9.422045e-10, -9.385325e-09, -1.198822e-09, -2.994489e-06, 1.237799e-04, -2.413891e-12, -9.494977e-08, -1.384133e-08, 3.916591e-09, -3.007719e-06, -1.238479e-04, -3.001983e-06, 4.400729e-09, 1.066354e-08, 9.552432e-08, 1.932504e-11, -5.291373e-09, 2.680024e-10, -1.199701e-06, 8.616273e-09, 1.198988e-06, -4.326723e-10, 1.694379e-09, -1.930115e-09, -8.202000e-10, 9.070414e-11
-3.540000e-02, 3.126115e-06, 5.427406e-09, -1.911026e-08, -1.341992e-09, -3.143810e-06, 1.302381e-04, 6.153523e-10, -9.040335e-08, 1.119585e-08, 8.947433e-10, -3.133076e-06, -1.302061e-04, -3.135058e-06, 3.344418e-09, 1.906599e-08, 8.784539e-08, -2.348478e-10, -3.911836e-09, -2.173796e-09, -1.253794e-06, -2.558911e-09, 1.251127e-06, 2.427560e-09, 6.333469e-09, 2.149094e-09, -1.900659e-09, -9.597987e-11
-3.118213e-02, 4.152050e-06, -4.296631e-09, -7.688828e-09, -1.752997e-09, -4.176377e-06, 1.802882e-04, -8.468457e-10, -4.768265e-08, 1.462779e-08, 1.345705e-08, -4.164361e-06, -1.802511e-04, -4.162103e-06, 9.057107e-09, 9.650234e-09, 4.460130e-08, 8.542221e-10, -1.347169e-08, 3.984969e-09, -1.667091e-06, 1.874999e-09, 1.661456e-06, -4.316238e-09, 8.634618e-09, 2.848793e-09, 7.440211e-10, 1.736167e-10
-2.745383e-02, 5.547452e-06, 7.416002e-09, -3.236975e-08, 2.077882e-10, -5.588011e-06, 2.518562e-04, 1.358433e-09, 2.156226e-08, 2.389745e-08, 2.689690e-09, -5.563470e-06, -2.518377e-04, -5.557009e-06, 3.877984e-09, 3.137789e-08, -1.911355e-08, -8.195775e-10, -5.038760e-09, -3.216301e-09, -2.242664e-06, -5.284065e-09, 2.226151e-06, 4.256307e-09, 4.065495e-09, 2.101082e-13, -2.628064e-09, -4.496256e-10
-2.415937e-02, 7.554734e-06, 1.433001e-08, -8.191210e-08, -6.681004e-09, -7.555239e-06, 3.537732e-04, 1.883573e-09, 1.194595e-07, -1.430969e-09, -5.541732e-10, -7.557219e-06, -3.537905e-04, -7.548286e-06, 1.253653e-08, 8.275436e-08, -1.199841e-07, -2.089311e-09, -1.065626e-08, -1.076547e-08, -3.037438e-06, 1.041503e-08, 3.033228e-06, 9.887620e-09, 1.911597e-08, -7.212321e-10, -5.318107e-09, 3.893394e-10
-2.124926e-02, 1.037822e-05, 3.551590e-09, -2.674788e-08, -1.102852e-08, -1.035287e-05, 4.996914e-04, 1.441531e-09, 2.809097e-07, -2.560217e-08, -7.974100e-09, -1.035874e-05, -5.001417e-04, -1.029572e-05, 1.132921e-08, 3.108860e-08, -2.725028e-07, -3.172374e-09, -5.704315e-09, -7.993934e-09, -4.191595e-06, 4.078691e-08, 4.131255e-06, 3.685990e-09, 2.030105e-08, -1.763730e-08, -3.375301e-09, 1.901706e-09
-1.867959e-02, 1.441815e-05, 3.023366e-08, -1.262428e-07, -1.282405e-08, -1.420125e-05, 7.104903e-04, 2.321841e-09, 5.307021e-07, -1.477955e-07, -7.269282e-09, -1.432171e-05, -7.113497e-04, -1.424339e-05, 2.443583e-08, 1.203158e-07, -5.060004e-07, -3.432528e-09, -1.978286e-08, -1.854594e-08, -5.767400e-06, 9.884887e-08, 5.732221e-06, 1.654709e-08, 4.371948e-08, -3.367340e-08, -1.156792e-08, 7.555989e-10
-1.641135e-02, 1.995525e-05, -7.668808e-10, 6.619957e-08, 3.558850e-09, -1.988308e-05, 1.016527e-03, -2.277765e-09, 8.809364e-07, -5.389973e-08, -4.558150e-08, -1.991686e-05, -1.017002e-03, -1.986297e-05, -2.677822e-08, -5.889989e-08, -8.735345e-07, 1.342109e-09, 4.463685e-08, -8.995911e-09, -8.024258e-06, 5.564852e-08, 7.981947e-06, 6.273057e-09, -1.641423e-08, -1.728588e-08, 3.036274e-09, 1.272263e-09
-1.440997e-02, 2.789201e-05, 1.983404e-08, -2.479013e-08, 4.655307e-10, -2.773357e-05, 1.462636e-03, 5.707263e-09, 1.424430e-06, -1.060258e-07, -5.079770e-08, -2.782410e-05, -1.463222e-03, -2.777317e-05, -1.413455e-08, 3.533823e-08, -1.419912e-06, -5.981118e-09, 3.483426e-08, -2.329059e-08, -1.122351e-05, 7.299666e-08, 1.120808e-05, 2.040730e-08, -6.483473e-09, -1.834597e-08, -8.299329e-09, 1.411839e-09
-1.264475e-02, 3.955388e-05, 5.913002e-08, -1.062861e-07, 4.928052e-09, -3.933125e-05, 2.110594e-03, -3.162946e-09, 2.270181e-06, -1.909027e-07, -6.339190e-09, -3.940418e-05, -2.112625e-03, -3.914185e-05, -1.006240e-08, 9.624340e-08, -2.217616e-06, 7.195796e-09, -2.913925e-09, -1.635702e-08, -1.597220e-05, 2.415540e-07, 1.574355e-05, 2.709973e-08, 7.160773e-08, -9.043011e-08, -5.730726e-09, -4.744804e-09
-1.108847e-02, 5.639651e-05, 1.609466e-08, 7.848459e-07, 8.124336e-08, -5.578917e-05, 3.059238e-03, -1.060699e-08, 3.521775e-06, -4.353275e-07, -4.080628e-07, -5.608428e-05, -3.062462e-03, -5.575107e-05, -3.707455e-07, -8.030420e-07, -3.465004e-06, 1.377630e-08, 4.875794e-07, -5.681724e-08, -2.268591e-05, 3.621774e-07, 2.246241e-05, 6.663299e-08, -2.303952e-07, -1.218339e-07, 4.443678e-08, -4.497559e-09
-9.717000e-03, 8.027859e-05, 1.251032e-07, -4.092134e-07, -1.423067e-08, -7.992193e-05, 4.457580e-03, 1.286008e-08, 5.378026e-06, -2.495728e-07, -3.183527e-08, -8.007545e-05, -4.459614e-03, -7.987513e-05, 6.123522e-08, 4.422013e-07, -5.360531e-06, -9.513061e-09, -4.952875e-08, -6.993292e-08, -3.238267e-05, 1.637321e-07, 3.223536e-05, 7.151581e-08, 1.337045e-07, -7.448193e-08, -4.156163e-08, -1.380975e-10
-8.508941e-03, 1.162510e-04, 1.620512e-07, -3.931448e-07, 5.808773e-09, -1.142755e-04, 6.513139e-03, -2.316564e-08, 8.238356e-06, -1.338982e-06, -1.040963e-07, -1.153434e-04, -6.520909e-03, -1.146487e-04, 8.558671e-08, 3.325909e-07, -8.124587e-06, 1.860381e-08, -2.807379e-08, -5.476700e-08, -4.661081e-05, 9.265271e-07, 4.632226e-05, 5.349748e-08, 6.719073e-08, -2.719036e-07, -5.870658e-08, -4.307990e-10
-7.445323e-03, 1.671706e-04, 3.025803e-07, -1.268699e-06, -6.500280e-08, -1.674229e-04, 9.547551e-03, 7.785159e-09, 1.249629e-05, 7.178905e-08, 1.886527e-08, -1.671043e-04, -9.550737e-03, -1.666420e-04, 2.425758e-07, 1.289874e-06, -1.240212e-05, -7.410807e-09, -2.366793e-07, -1.505622e-07, -6.764535e-05, 2.186326e-07, 6.698526e-05, 1.519476e-07, 3.886717e-07, -1.399589e-07, -9.961789e-08, -3.132873e-10
-6.509340e-03, 2.415479e-04, 4.768376e-07, -8.297227e-08, 1.400861e-07, -2.416980e-04, 1.407549e-02, 7.735873e-08, 1.883908e-05, -7.397240e-08, -1.657485e-06, -2.412749e-04, -1.408121e-02, -2.404225e-04, -6.225066e-07, 4.966289e-08, -1.869231e-05, -1.047643e-07, 1.320226e-06, -5.983916e-07, -9.804209e-05, 3.886855e-07, 9.704823e-05, 5.358378e-07, -5.867975e-07, -2.955608e-07, -1.596730e-07, 2.648347e-08
-5.686100e-03, 3.539541e-04, 1.922658e-08, -8.060994e-07, -1.769775e-07, -3.528387e-04, 2.075677e-02, -1.044775e-08, 2.844764e-05, -8.076305e-07, 5.172531e-07, -3.534202e-04, -2.076257e-02, -3.527971e-04, 4.842145e-07, 9.132300e-07, -2.827319e-05, 7.201578e-09, -6.764225e-07, 7.176239e-08, -1.428592e-04, 7.917324e-07, 1.424314e-04, -9.436526e-08, 6.810784e-07, -2.240574e-07, -3.596916e-08, 1.140647e-08
-4.962414e-03, 5.171627e-04, 4.583055e-07, -2.800879e-06, -1.583556e-07, -5.188504e-04, 3.070538e-02, 5.329505e-09, 4.289407e-05, 8.414026e-07, 8.228009e-07, -5.174524e-04, -3.071158e-02, -5.163499e-04, 9.638989e-07, 2.869636e-06, -4.252447e-05, 5.714448e-09, -1.253109e-06, -1.893583e-08, -2.098297e-04, 2.596966e-07, 2.079073e-04, 4.071669e-08, 1.108029e-06, -3.079484e-07, -2.196534e-07, -8.340438e-09
-4.326605e-03, 7.601413e-04, 6.507179e-07, -1.153517e-06, 1.123347e-07, -7.570110e-04, 4.553910e-02, -1.828177e-08, 6.450868e-05, -2.308503e-06, -1.808226e-07, -7.584792e-04, -4.555724e-02, -7.563886e-04, 3.992025e-08, 1.332071e-06, -6.426922e-05, 5.619831e-08, -2.932035e-08, -2.053280e-07, -3.079374e-04, 2.311182e-06, 3.064451e-04, 2.816235e-07, 3.724996e-07, -6.666530e-07, -1.414666e-07, -3.012615e-08
-3.768333e-03, 1.116509e-03, 4.173732e-07, -2.099835e-06, -8.579940e-09, -1.118312e-03, 6.759411e-02, 2.642818e-07, 9.679934e-05, 9.337779e-07, 1.569877e-07, -1.116215e-03, -6.760157e-02, -1.115244e-03, 1.740050e-07, 2.124267e-06, -9.658860e-05, -2.446794e-07, -3.449549e-07, -3.007764e-07, -4.531903e-04, -4.440778e-07, 4.512065e-04, 3.592596e-07, 9.301947e-07, -4.975288e-07, -1.969134e-07, -2.489635e-08
-3.278450e-03, 1.651801e-03, 3.303904e-06, -3.757624e-06, 4.336978e-07, -1.647923e-03, 1.003096e-01, 3.951912e-08, 1.463065e-04, -3.644989e-06, -6.356109e-06, -1.647184e-03, -1.003643e-01, -1.641359e-03, -1.158825e-06, 3.531999e-06, -1.443145e-04, -1.438076e-07, 3.899287e-06, -2.589958e-06, -6.700001e-04, 4.001283e-06, 6.629962e-04, 2.375973e-06, -3.663164e-07, -2.711304e-06, -1.036925e-06, 8.868185e-08
-2.848860e-03, 2.439947e-03, -1.799479e-06, 6.572208e-07, -5.453001e-08, -2.425453e-03, 1.488267e-01, -4.178952e-07, 2.191564e-04, -1.071314e-05, 6.748241e-06, -2.429806e-03, -1.489280e-01, -2.420400e-03, 3.334227e-06, -1.449907e-06, -2.162057e-04, 4.789999e-07, -5.931559e-06, 2.891368e-06, -9.882667e-04, 8.074094e-06, 9.789561e-04, -2.628666e-06, 1.661214e-06, -4.395891e-06, 2.217064e-07, -1.254092e-07
-2.472404e-03, 3.600285e-03, 3.594070e-06, 3.195239e-05, 4.055790e-06, -3.581194e-03, 2.201843e-01, 7.714358e-07, 3.268672e-04, -1.498154e-05, -2.376479e-05, -3.585329e-03, -2.203309e-01, -3.570177e-03, -1.865188e-05, -3.283902e-05, -3.236925e-04, -6.153454e-07, 2.596571e-05, -5.077330e-06, -1.456180e-03, 1.351305e-05, 1.441909e-03, 5.491808e-06, -1.198929e-05, -6.701272e-06, 6.610546e-07, -1.916669e-07
-2.142750e-03, 5.264371e-03, -2.597605e-06, -2.029059e-06, -2.357392e-06, -5.261968e-03, 3.247334e-01, -1.640791e-07, 4.832603e-04, -3.234499e-06, 5.886736e-06, -5.258008e-03, -3.248287e-01, -5.247831e-03, 6.286251e-06, 2.423889e-06, -4.809074e-04, -1.547451e-07, -7.678188e-06, 2.254073e-06, -2.133867e-03, 4.813754e-06, 2.119652e-03, -3.078962e-06, 3.640378e-06, -4.053510e-06, -4.013668e-07, 3.633019e-07
-1.854303e-03, 7.682752e-03, -2.145112e-06, -2.669308e-05, -6.222242e-06, -7.659817e-03, 4.757189e-01, -1.627896e-06, 7.118325e-04, -1.838173e-05, 3.226768e-05, -7.664177e-03, -4.759363e-01, -7.641426e-03, 2.175286e-05, 2.712406e-05, -7.067952e-04, 1.855247e-06, -3.441952e-05, 8.859710e-06, -3.111601e-03, 1.804204e-05, 3.087307e-03, -8.548661e-06, 2.482951e-05, -9.031164e-06, -2.843369e-07, -1.259136e-07
-1.602117e-03, 1.110912e-02, 2.747838e-05, -1.381553e-04, -5.786414e-06, -1.105428e-02, 6.897375e-01, 9.281906e-07, 1.038377e-03, -4.231339e-05, -3.013896e-06, -1.107791e-02, -6.900785e-01, -1.103831e-02, 2.745410e-05, 1.373601e-04, -1.032362e-03, -1.398374e-06, -2.106423e-05, -1.699014e-05, -4.494800e-03, 4.886094e-05, 4.465624e-03, 1.568856e-05, 2.657330e-05, -1.340666e-05, -1.083745e-05, 5.539810e-07
-1.381826e-03, 1.583707e-02, 5.500830e-06, -1.304900e-04, -1.729362e-05, -1.573222e-02, 9.868970e-01, -3.990975e-06, 1.493710e-03, -8.476690e-05, 6.934533e-05, -1.575065e-02, -9.877979e-01, -1.565246e-02, 6.907541e-05, 1.323609e-04, -1.478654e-03, 3.309711e-06, -9.095951e-05, 1.197631e-05, -6.425257e-03, 8.213972e-05, 6.331959e-03, -1.378296e-05, 6.541170e-05, -3.985923e-05, -7.275394e-06, 8.085510e-07
-1.189572e-03, 2.221434e-02, 4.100326e-05, -9.089807e-05, -5.326305e-08, -2.215201e-02, 1.383079e+00, -4.573352e-06, 2.107973e-03, -5.599793e-05, -3.303866e-05, -2.215753e-02, -1.383823e+00, -2.207246e-02, 5.930508e-06, 8.760926e-05, -2.087541e-03, 4.672708e-06, 9.299145e-06, -1.934353e-05, -8.997147e-03, 7.415202e-05, 8.905861e-03, 1.975443e-05, 1.604290e-05, -3.224859e-05, -9.542237e-06, -2.278228e-07
-1.021951e-03, 3.024726e-02, 1.411997e-04, -7.291346e-04, -1.926670e-05, -3.006447e-02, 1.896400e+00, 3.235370e-06, 2.890161e-03, -1.497356e-04, 1.371790e-05, -3.010985e-02, -1.897967e+00, -2.992917e-02, 1.557002e-04, 7.240990e-04, -2.861905e-03, -3.975347e-06, -1.328253e-04, -7.458898e-05, -1.229000e-02, 1.652465e-04, 1.212351e-02, 7.173234e-05, 1.161701e-04, -6.623544e-05, -5.871189e-05, 1.178129e-06
-8.759577e-04, 3.984317e-02, -6.201756e-06, -3.184550e-04, -3.687781e-05, -4.006950e-02, 2.518399e+00, -9.405347e-06, 3.832941e-03, 1.398799e-04, 1.816569e-04, -3.989087e-02, -2.518298e+00, -3.989056e-02, 1.674769e-04, 3.269210e-04, -3.814122e-03, 8.034423e-06, -2.191470e-04, 3.409744e-05, -1.622358e-02, -9.838474e-05, 1.613348e-02, -3.874554e-05, 1.105072e-04, -1.028620e-05, -1.350135e-05, 2.138939e-06
-7.489439e-04, 5.139028e-02, 1.178281e-04, -1.871171e-04, 2.312544e-05, -5.097504e-02, 3.216332e+00, 1.370537e-05, 4.939310e-03, -2.999246e-04, -2.236727e-04, -5.113149e-02, -3.218846e+00, -5.090061e-02, -6.183341e-05, 1.747236e-04, -4.894007e-03, -1.522517e-05, 1.526383e-04, -1.020472e-04, -2.074237e-02, 2.365799e-04, 2.053911e-02, 9.930430e-05, -1.543647e-05, -9.683188e-05, -3.637752e-05, 1.002207e-06
-6.385732e-04, 6.256178e-02, -2.284649e-05, -2.152723e-04, -6.487518e-05, -6.253333e-02, 3.940668e+00, -1.005008e-05, 6.046271e-03, -4.506379e-05, 1.932131e-04, -6.247720e-02, -3.941875e+00, -6.233936e-02, 1.691222e-04, 2.247201e-04, -6.012045e-03, 6.114574e-06, -2.325898e-04, 4.604759e-05, -2.535286e-02, 7.853533e-05, 2.517188e-02, -5.598341e-05, 1.690097e-04, -5.666781e-05, -6.203211e-06, 4.438063e-06
-5.427872e-04, 7.277976e-02, -9.875364e-06, -3.608135e-04, -6.196747e-05, -7.319511e-02, 4.601745e+00, -1.363840e-05, 7.075354e-03, 2.316580e-04, 3.295350e-04, -7.282884e-02, -4.602400e+00, -7.271263e-02, 2.497735e-04, 3.680032e-04, -7.020141e-03, 1.440773e-05, -3.706052e-04, 8.402854e-05, -2.962969e-02, -8.830553e-05, 2.932180e-02, -8.306676e-05, 2.373697e-04, -5.425631e-05, -1.536650e-05, -3.079362e-07
-4.597727e-04, 8.143551e-02, 2.272585e-04, -7.212579e-04, -1.436660e-05, -8.055897e-02, 5.108953e+00, -1.283290e-05, 7.894759e-03, -6.457343e-04, -7.360750e-05, -8.091170e-02, -5.114112e+00, -8.038192e-02, 1.286484e-04, 7.077903e-04, -7.804326e-03, 1.343562e-05, -8.426500e-05, -1.012898e-04, -3.288185e-02, 5.714828e-04, 3.247116e-02, 1.033374e-04, 1.826772e-04, -2.050315e-04, -6.810798e-05, -1.078657e-06
-3.879332e-04, 8.525547e-02, 1.370513e-04, -1.524276e-04, 2.248207e-05, -8.540512e-02, 5.396846e+00, -1.064091e-05, 8.354331e-03, 6.247498e-05, -2.935533e-04, -8.521659e-02, -5.397454e+00, -8.513665e-02, -3.953185e-05, 1.420432e-04, -8.267534e-03, 2.492801e-06, 1.788087e-04, -1.051713e-04, -3.458103e-02, -1.777754e-05, 3.440280e-02, 9.122906e-05, -6.472116e-05, -6.696700e-05, -4.560441e-05, 5.821108e-06
-3.258639e-04, 8.574512e-02, 1.447677e-04, -1.010307e-03, -6.690092e-05, -8.579636e-02, 5.433136e+00, -3.427116e-06, 8.372101e-03, 6.469244e-06, 1.956697e-04, -8.566443e-02, -5.434336e+00, -8.551391e-02, 2.976862e-04, 1.016109e-03, -8.349827e-03, 2.517890e-07, -3.453082e-04, -4.793070e-05, -3.476816e-02, 1.092098e-05, 3.455787e-02, 4.406638e-05, 3.056251e-04, -6.403657e-05, -6.389293e-05, 1.709348e-06
-2.723291e-04, 8.313061e-02, 8.153698e-05, 1.804562e-04, 2.686236e-05, -8.210914e-02, 5.226671e+00, -1.217409e-05, 8.103426e-03, -6.986727e-04, -2.629169e-04, -8.263338e-02, -5.230632e+00, -8.228896e-02, -1.049042e-04, -1.927366e-04, -8.049708e-03, 9.983513e-06, 2.099583e-04, -5.655708e-05, -3.341670e-02, 4.982269e-04, 3.328099e-02, 4.949202e-05, -8.247120e-05, -1.455571e-04, -1.765085e-05, 2.899279e-06
-2.262427e-04, 7.655181e-02, 6.212183e-05, -5.997431e-04, -3.182068e-05, -7.626957e-02, 4.840062e+00, -5.390753e-06, 7.492059e-03, -2.103058e-04, 2.938727e-04, -7.635470e-02, -4.842131e+00, -7.614813e-02, 2.354639e-04, 5.988535e-04, -7.463650e-03, 9.998867e-06, -3.451618e-04, 4.101250e-05, -3.093847e-02, 1.765705e-04, 3.074108e-02, -2.761160e-05, 2.268617e-04, -7.971350e-05, -3.304140e-05, -5.846328e-06
-1.866502e-04, 6.867388e-02, 2.522559e-04, -8.867902e-04, -4.405015e-06, -6.785589e-02, 4.328520e+00, -1.675869e-05, 6.742466e-03, -5.891345e-04, -1.098738e-04, -6.820744e-02, -4.332833e+00, -6.779388e-02, 1.469697e-04, 8.798181e-04, -6.662112e-03, 1.588008e-05, -7.130696e-05, -1.257248e-04, -2.771319e-02, 4.868042e-04, 2.741393e-02, 1.245974e-04, 1.301324e-04, -1.700840e-04, -8.172476e-05, 3.747506e-07
-1.527138e-04, 5.912213e-02, 3.993322e-05, -3.663909e-04, -3.715280e-05, -5.901886e-02, 3.759588e+00, -4.988909e-06, 5.832402e-03, -9.069519e-05, 9.612138e-05, -5.901730e-02, -3.760951e+00, -5.887542e-02, 1.421120e-04, 3.699337e-04, -5.791057e-03, 2.028272e-06, -1.618479e-04, -2.803879e-06, -2.397074e-02, 1.090799e-04, 2.379644e-02, -3.835096e-06, 1.144806e-04, -5.775448e-05, -2.634171e-05, 2.919314e-06
-1.236982e-04, 5.000096e-02, -2.453577e-06, -1.578516e-04, -2.049104e-05, -4.995670e-02, 3.173916e+00, -1.850042e-06, 4.929520e-03, -5.044090e-05, 1.016775e-04, -4.994348e-02, -3.174859e+00, -4.982126e-02, 1.055056e-04, 1.664563e-04, -4.913308e-03, 9.896379e-07, -1.329080e-04, 2.492375e-05, -2.024067e-02, 9.313234e-05, 2.010679e-02, -2.922932e-05, 6.178236e-05, -3.841875e-05, -1.498327e-05, 2.009377e-06
-9.895854e-05, 4.101407e-02, 9.565254e-05, -3.853528e-04, 1.017459e-05, -4.109563e-02, 2.617475e+00, 2.177430e-06, 4.066926e-03, 3.250738e-05, 2.466509e-05, -4.098679e-02, -2.618188e+00, -4.088728e-02, 5.633125e-05, 3.887225e-04, -4.055124e-03, 2.348636e-06, -6.503103e-05, -3.486936e-05, -1.666607e-02, 1.263835e-05, 1.651658e-02, 4.591387e-05, 6.100556e-05, -3.650104e-05, -2.881012e-05, -4.743805e-06
-7.792985e-05, 3.310367e-02, 6.185221e-05, -2.505955e-04, -5.844930e-06, -3.272829e-02, 2.103370e+00, 1.001687e-06, 3.285285e-03, -2.537359e-04, -1.197519e-05, -3.292110e-02, -2.104865e+00, -3.280040e-02, 5.392141e-05, 2.534183e-04, -3.261816e-03, -1.652684e-06, -3.953025e-05, -2.964552e-05, -1.334710e-02, 1.648393e-04, 1.328989e-02, 2.806100e-05, 4.728658e-05, -5.278713e-05, -2.569804e-05, 7.296159e-07
-6.011731e-05, 2.587351e-02, 6.651258e-05, -1.723648e-04, 1.675071e-06, -2.567909e-02, 1.643693e+00, -4.469114e-06, 2.579267e-03, -1.425150e-04, -6.472021e-05, -2.576304e-02, -1.644739e+00, -2.565671e-02, 1.139006e-05, 1.697048e-04, -2.560227e-03, 3.187490e-06, 2.024692e-05, -3.807755e-05, -1.044682e-02, 1.202312e-04, 1.037449e-02, 3.695798e-05, 1.512459e-05, -4.283536e-05, -1.951631e-05, 4.278260e-07
-4.508798e-05, 1.949566e-02, 3.286475e-05, 7.769787e-05, 1.055078e-05, -1.949989e-02, 1.244531e+00, -2.431081e-06, 1.966638e-03, -1.050328e-05, -1.086391e-04, -1.946030e-02, -1.245121e+00, -1.939430e-02, -5.561404e-05, -7.869445e-05, -1.944915e-03, 1.591561e-06, 9.488180e-05, -2.656452e-05, -7.905785e-03, 2.187184e-05, 7.811213e-03, 2.515220e-05, -3.089662e-05, -2.949264e-05, -4.391559e-06, 5.939534e-07
-3.246335e-05, 1.420303e-02, 5.460617e-05, -7.351928e-05, 6.267198e-06, -1.397248e-02, 9.014450e-01, -1.790423e-06, 1.428895e-03, -1.555332e-04, -7.298946e-05, -1.410451e-02, -9.022433e-01, -1.403348e-02, -2.392428e-05, 7.110789e-05, -1.422811e-03, 2.386471e-06, 5.093995e-05, -3.255226e-05, -5.689195e-03, 1.064173e-04, 5.674108e-03, 3.439063e-05, -2.734741e-06, -2.592361e-05, -1.093727e-05, -8.417481e-07
-2.191276e-05, 9.580317e-03, 3.251549e-05, -1.047003e-04, -1.292619e-06, -9.529430e-03, 6.111760e-01, 8.796118e-07, 9.842427e-04, -3.797578e-05, -1.460128e-05, -9.548668e-03, -6.115025e-01, -9.516239e-03, 1.233351e-05, 1.021132e-04, -9.751616e-04, -8.381710e-07, -5.440141e-06, -1.505383e-05, -3.852485e-03, 2.648350e-05, 3.827068e-03, 1.576756e-05, 1.530352e-05, -1.470209e-05, -1.124203e-05, -3.557919e-07
-1.314766e-05, 5.750649e-03, 1.326532e-05, -3.318985e-05, -1.737295e-06, -5.679583e-03, 3.690066e-01, -2.424602e-07, 6.051963e-04, -5.055722e-05, -1.018574e-05, -5.719192e-03, -3.693591e-01, -5.681276e-03, 6.421346e-07, 3.290880e-05, -6.018501e-04, 3.362511e-07, 3.016493e-06, -6.864288e-06, -2.304200e-03, 3.878749e-05, 2.283615e-03, 6.977812e-06, 5.600594e-06, -1.198465e-05, -3.386127e-06, -5.323088e-08
-5.916445e-06, 2.565018e-03, 5.036917e-06, -2.036648e-07, -1.854692e-07, -2.539892e-03, 1.682377e-01, -1.185992e-06, 2.933035e-04, -1.742003e-05, -7.894824e-06, -2.555617e-03, -1.683506e-01, -2.543959e-03, -4.233363e-06, 9.617548e-08, -2.923585e-04, 1.176437e-06, 6.816199e-06, -1.954238e-06, -1.017406e-03, 1.011261e-05, 1.013006e-03, 2.119043e-06, -1.871861e-06, -3.669577e-06, -2.777593e-07, -7.630049e-08
0.000000e+00, -2.919560e-05, 1.705217e-06, -4.266685e-06, -1.821306e-06, 2.707240e-05, 3.596418e-03, -8.934257e-07, 3.772363e-05, 1.339154e-06, -1.695810e-06, 2.527549e-05, -3.605654e-03, 2.894924e-05, -1.952400e-06, 4.627824e-06, -3.886784e-05, 8.936867e-07, 2.673839e-06, 3.104661e-07, 3.033869e-05, -2.637640e-06, -3.038296e-05, -3.086374e-07, -3.535144e-06, -1.243390e-08, 4.772868e-08, -8.283391e-10
5.916445e-06, -2.611668e-03, 2.476197e-06, -8.121322e-06, 1.326176e-06, 2.606718e-03, -1.609903e-01, 6.929568e-07, -2.141453e-04, 2.283550e-06, -4.902525e-07, 2.615775e-03, 1.609531e-01, 2.617815e-03, 8.339957e-07, 7.758855e-06, 2.166800e-04, -4.900331e-07, -6.672341e-07, -1.415555e-06, 1.070422e-03, 4.293161e-07, -1.080507e-03, 1.827383e-06, 2.514015e-06, -2.015104e-06, -8.948520e-07, -1.733215e-07
1.314766e-05, -5.762724e-03, 6.416073e-06, -3.361514e-05, -7.521862e-07, 5.766323e-03, -3.617027e-01, 1.302060e-07, -5.234808e-04, -5.019459e-06, 1.580759e-06, 5.777242e-03, 3.615661e-01, 5.789000e-03, 8.522980e-06, 3.484692e-05, 5.280158e-04, -1.966086e-07, -7.696720e-06, -3.508528e-06, 2.341669e-03, 8.209170e-06, -2.364067e-03, 3.265695e-06, 9.996793e-06, -6.638824e-06, -2.577275e-06, 1.209091e-07
2.191276e-05, -9.564241e-03, 1.216155e-05, -2.794365e-05, 1.148657e-06, 9.599032e-03, -6.040433e-01, 1.826262e-06, -8.987069e-04, -2.413318e-05, -1.683494e-05, 9.587994e-03, 6.038043e-01, 9.606280e-03, -1.138094e-06, 2.648258e-05, 9.027565e-04, -2.006776e-06, 8.114386e-06, -1.015554e-05, 3.880325e-03, 1.855728e-05, -3.902508e-03, 9.839415e-06, 8.039548e-06, -7.548536e-06, -3.971821e-06, 1.113731e-07
3.246335e-05, -1.414422e-02, 4.809881e-06, -7.213952e-06, 1.684406e-06, 1.409656e-02, -8.936557e-01, 1.176531e-06, -1.346276e-03, 2.681412e-05, 1.540477e-07, 1.414193e-02, 8.935287e-01, 1.415924e-02, -2.943339e-06, 8.515667e-06, 1.348919e-03, -5.741445e-07, 1.035510e-06, -1.583821e-06, 5.704211e-03, -1.008302e-05, -5.747738e-03, 3.005718e-06, 5.305620e-06, -6.116602e-06, -6.087553e-07, -5.918344e-07
4.508798e-05, -1.947978e-02, 2.594796e-05, -1.549090e-04, -2.314710e-06, 1.957548e-02, -1.235184e+00, 2.212848e-06, -1.876840e-03, -6.436368e-05, 8.113634e-06, 1.953505e-02, 1.234702e+00, 1.957100e-02, 3.605077e-05, 1.548343e-04, 1.881842e-03, -2.258450e-06, -3.270031e-05, -1.412733e-05, 7.889241e-03, 3.923898e-05, -7.919433e-03, 1.347395e-05, 3.048980e-05, -1.571592e-05, -1.256149e-05, 2.867599e-07
6.011731e-05, -2.579238e-02, 1.164262e-05, 7.618311e-05, 9.268785e-06, 2.570919e-02, -1.633846e+00, 4.504683e-06, -2.484945e-03, 4.180370e-05, -8.407922e-05, 2.579831e-02, 1.633408e+00, 2.585476e-02, -5.514049e-05, -7.404831e-05, 2.498990e-03, -4.863488e-06, 8.470340e-05, -2.407329e-05, 1.037382e-02, -1.860741e-06, -1.048684e-02, 2.278123e-05, -3.383234e-05, -2.025575e-05, 4.081320e-07, 5.907557e-07
7.792985e-05, -3.285318e-02, 6.701509e-05, -3.980700e-04, -2.406491e-05, 3.292871e-02, -2.090705e+00, 1.688915e-06, -3.197627e-03, -5.998947e-05, 6.186383e-05, 3.293101e-02, 2.089879e+00, 3.300695e-02, 1.010349e-04, 4.035864e-04, 3.206172e-03, -1.661865e-06, -1.175830e-04, -2.675580e-05, 1.327602e-02, 5.075763e-05, -1.337179e-02, 2.713809e-05, 1.267765e-04, -3.180462e-05, -2.485800e-05, -9.190696e-08
9.895854e-05, -4.078076e-02, 3.949325e-05, 2.663929e-05, 6.665385e-06, 4.092831e-02, -2.601626e+00, 8.125206e-07, -3.972112e-03, -1.295554e-04, -1.344023e-04, 4.099714e-02, 2.599189e+00, 4.121824e-02, -5.407334e-05, -1.911630e-05, 4.020605e-03, -3.018233e-06, 1.072495e-04, -4.610151e-05, 1.640153e-02, 1.022751e-04, -1.671274e-02, 4.066121e-05, -1.497910e-05, -1.039812e-04, -7.710559e-06, 2.461015e-06
1.236982e-04, -4.925649e-02, 5.967927e-05, 1.187612e-04, 1.936131e-05, 4.952874e-02, -3.160863e+00, -7.296823e-06, -4.829806e-03, -2.161547e-04, -3.114784e-04, 4.951208e-02, 3.158097e+00, 4.977887e-02, -1.323481e-04, -1.045787e-04, 4.879673e-03, 1.085679e-06, 2.674206e-04, -9.558688e-05, 1.991645e-02, 1.819381e-04, -2.022622e-02, 7.992842e-05, -1.174487e-04, -1.141135e-04, -6.364725e-06, 6.971060e-06
1.527138e-04, -5.868046e-02, 1.524647e-04, -4.762933e-04, 1.669214e-05, 5.851822e-02, -3.736704e+00, 7.689550e-06, -5.738146e-03, 9.564023e-05, -7.345574e-05, 5.867962e-02, 3.736245e+00, 5.872229e-02, 3.721310e-05, 4.715312e-04, 5.759941e-03, -4.380871e-06, -5.507101e-06, -8.045197e-05, 2.364175e-02, -7.026387e-05, -2.378647e-02, 8.946559e-05, 7.720839e-05, -2.572681e-05, -4.635408e-05, -3.963747e-06
1.866502e-04, -6.749385e-02, 1.650809e-04, -7.201361e-04, -4.342441e-05, 6.756713e-02, -4.299087e+00, -5.413840e-07, -6.627675e-03, -8.478500e-05, -9.358434e-05, 6.768080e-02, 4.296573e+00, 6.793885e-02, 1.183369e-04, 7.197858e-04, 6.660784e-03, -5.306384e-06, -5.423375e-05, -1.211022e-04, 2.715184e-02, 8.949916e-05, -2.750927e-02, 1.074406e-04, 1.686985e-04, -1.023641e-04, -5.433531e-05, 5.890616e-06
2.262427e-04, -7.499460e-02, 6.146036e-05, 1.699127e-04, 2.474865e-05, 7.554849e-02, -4.807651e+00, 3.818714e-06, -7.408632e-03, -3.878438e-04, -2.976443e-04, 7.534542e-02, 4.804548e+00, 7.560617e-02, -1.556608e-04, -1.645766e-04, 7.439880e-03, -7.622573e-06, 2.693719e-04, -8.987908e-05, 3.037278e-02, 2.560543e-04, -3.059106e-02, 8.125289e-05, -9.193282e-05, -1.154695e-04, -5.578779e-06, 3.800807e-06
2.723291e-04, -8.084460e-02, 2.125195e-04, -4.780484e-04, 8.744508e-06, 8.149998e-02, -5.185973e+00, -7.493213e-06, -7.992070e-03, -4.805579e-04, -2.825734e-04, 8.131962e-02, 5.181467e+00, 8.172096e-02, -2.983469e-05, 4.843456e-04, 8.064460e-03, 6.134042e-06, 1.558401e-04, -1.534093e-04, 3.267637e-02, 3.558563e-04, -3.307279e-02, 1.484456e-04, 3.803389e-05, -1.799363e-04, -5.059706e-05, 2.257005e-06
3.258639e-04, -8.395972e-02, 8.908787e-05, 5.873270e-04, 6.498019e-05, 8.405706e-02, -5.380197e+00, -1.692298e-05, -8.302515e-03, -1.071269e-04, -5.173160e-04, 8.418510e-02, 5.377339e+00, 8.445276e-02, -3.612435e-04, -5.723514e-04, 8.365168e-03, 1.747306e-05, 5.401591e-04, -1.189063e-04, 3.383789e-02, 1.123137e-04, -3.423644e-02, 1.180919e-04, -2.408273e-04, -1.227686e-04, 2.405522e-05, 5.932753e-07
3.879332e-04, -8.333722e-02, 1.190737e-04, -5.100912e-04, 5.022864e-06, 8.381909e-02, -5.331378e+00, 1.536749e-05, -8.262977e-03, -3.562316e-04, 3.861956e-05, 8.368771e-02, 5.327540e+00, 8.404098e-02, 7.112461e-05, 4.989333e-04, 8.319963e-03, -1.037312e-05, -8.833902e-05, -5.022635e-05, 3.359380e-02, 2.957739e-04, -3.397614e-02, 6.443952e-05, 1.145076e-04, -1.378887e-04, -3.896828e-05, -6.326447e-06
4.597727e-04, -7.842073e-02, 1.825506e-04, 2.418014e-04, 7.933469e-05, 7.897946e-02, -5.043091e+00, 1.186880e-05, -7.806384e-03, -4.004206e-04, -6.613379e-04, 7.881038e-02, 5.039728e+00, 7.909548e-02, -3.751036e-04, -2.268963e-04, 7.858985e-03, -1.378999e-05, 6.192793e-04, -2.178860e-04, 3.168640e-02, 2.545170e-04, -3.193791e-02, 2.136924e-04, -2.323906e-04, -1.408720e-04, -1.590772e-05, 2.020599e-06
5.427872e-04, -7.044724e-02, 1.251169e-04, -2.800074e-04, -8.069052e-06, 7.031700e-02, -4.534039e+00, -1.074459e-05, -7.019070e-03, 3.254898e-05, -1.719432e-04, 7.057311e-02, 4.531626e+00, 7.084707e-02, -8.575018e-06, 2.925132e-04, 7.078827e-03, 7.720878e-06, 8.562438e-05, -9.313188e-05, 2.833428e-02, 5.684488e-05, -2.877670e-02, 8.570007e-05, 4.718941e-05, -1.107203e-04, -2.713134e-05, 3.396213e-06
6.385732e-04, -6.026859e-02, 2.015735e-04, -8.127738e-04, 3.709857e-06, 6.020082e-02, -3.868998e+00, 8.967931e-06, -6.016647e-03, 1.762329e-05, -4.634144e-05, 6.035098e-02, 3.867460e+00, 6.050516e-02, 1.191448e-04, 8.253113e-04, 6.060331e-03, -5.810253e-06, -8.061548e-05, -1.104775e-04, 2.424123e-02, 1.569782e-05, -2.451513e-02, 1.160701e-04, 1.207317e-04, -6.669371e-05, -6.904324e-05, -2.218024e-06
7.489439e-04, -4.870133e-02, 2.374802e-05, 1.715942e-04, 1.805055e-05, 4.892675e-02, -3.151750e+00, -2.851920e-06, -4.896514e-03, -1.923161e-04, -2.095234e-04, 4.894514e-02, 3.148896e+00, 4.924312e-02, -1.121752e-04, -1.762711e-04, 4.934494e-03, -9.032061e-07, 1.958736e-04, -5.376555e-05, 1.963056e-02, 1.924885e-04, -1.997133e-02, 4.552696e-05, -8.693712e-05, -1.172949e-04, 1.776405e-06, 3.495899e-06
8.759577e-04, -3.810537e-02, 5.350313e-05, -2.700293e-04, -1.367461e-05, 3.801126e-02, -2.453979e+00, 1.282019e-06, -3.838550e-03, 5.171499e-05, 3.297975e-05, 3.812358e-02, 2.453422e+00, 3.817629e-02, 6.760499e-05, 2.697033e-04, 3.851899e-03, -1.251936e-06, -7.611398e-05, -1.887164e-05, 1.533588e-02, -3.522997e-05, -1.546454e-02, 1.966419e-05, 8.419818e-05, -2.505923e-05, -2.088061e-05, -3.536520e-07
1.021951e-03, -2.839474e-02, 2.135686e-06, -3.023973e-05, -7.533094e-06, 2.845541e-02, -1.842264e+00, -3.569522e-07, -2.877518e-03, -5.213434e-05, 2.042556e-06, 2.848791e-02, 1.841236e+00, 2.857844e-02, 1.399604e-05, 3.311971e-05, 2.895212e-03, -1.139067e-06, -1.276917e-05, -3.087415e-06, 1.145303e-02, 2.904004e-05, -1.158184e-02, 3.668528e-07, 2.600347e-05, -4.411885e-05, -2.434246e-06, 1.210406e-06
1.189572e-03, -2.067224e-02, 4.245495e-05, -1.631317e-04, -3.795197e-06, 2.062478e-02, -1.337833e+00, -2.035191e-06, -2.097645e-03, 8.462376e-06, -2.281989e-05, 2.072297e-02, 1.336864e+00, 2.084017e-02, 2.547464e-05, 1.579528e-04, 2.117508e-03, 8.574002e-07, -1.026719e-05, -2.510192e-05, 8.276169e-03, 3.595146e-05, -8.454372e-03, 2.381620e-05, 2.847947e-05, -4.378323e-05, -1.387305e-05, 4.654568e-07
1.381826e-03, -1.457471e-02, 7.154817e-05, -1.157183e-04, 1.924122e-05, 1.469016e-02, -9.479425e-01, 3.136054e-06, -1.495261e-03, -7.934774e-05, -8.931857e-05, 1.464129e-02, 9.473701e-01, 1.468892e-02, -3.399713e-05, 1.143449e-04, 1.500516e-03, -1.459105e-06, 6.575509e-05, -4.573495e-05, 5.895644e-03, 5.151120e-05, -5.929295e-03, 5.112309e-05, -4.931425e-06, -2.063366e-05, -1.568995e-05, -2.365200e-06
1.602117e-03, -1.006026e-02, 1.771374e-05, -9.787946e-06, 2.842637e-06, 1.020428e-02, -6.589277e-01, 5.916517e-07, -1.041081e-03, -9.640009e-05, -6.594382e-05, 1.012980e-02, 6.583888e-01, 1.017088e-02, -2.322988e-05, 1.269959e-05, 1.047341e-03, -1.893477e-06, 5.240549e-05, -2.511051e-05, 4.084278e-03, 6.281287e-05, -4.100237e-03, 2.167027e-05, -1.854632e-05, -1.812279e-05, -3.990704e-06, 1.533868e-06
1.854303e-03, -6.956345e-03, 4.690062e-06, 3.474693e-05, 2.394803e-06, 6.834173e-03, -4.510398e-01, 3.039438e-07, -7.149045e-04, 7.349646e-05, -3.097386e-05, 6.927973e-03, 4.510483e-01, 6.938657e-03, -2.066833e-05, -3.478942e-05, 7.221513e-04, -6.420525e-07, 3.078717e-05, -7.816158e-06, 2.762245e-03, -3.752503e-05, -2.820117e-03, 7.329288e-06, -7.940628e-06, -4.784352e-06, 8.384543e-07, 2.063067e-07
2.142750e-03, -4.643410e-03, 3.299274e-06, 5.083477e-06, 1.226225e-06, 4.671872e-03, -3.056325e-01, 7.117366e-07, -4.876692e-04, -1.968045e-05, -1.002614e-05, 4.660836e-03, 3.054833e-01, 4.672760e-03, -6.850036e-06, -5.026458e-06, 4.890703e-04, -6.857028e-07, 9.799420e-06, -3.474823e-06, 1.878342e-03, 1.218492e-05, -1.887783e-03, 3.675459e-06, -1.223224e-06, -5.458473e-06, -2.562473e-07, -8.752821e-08
2.472404e-03, -3.118195e-03, 3.032804e-06, -1.162163e-06, 1.428428e-06, 3.119909e-03, -2.052655e-01, 2.386866e-07, -3.293665e-04, -1.955863e-06, -7.031964e-06, 3.121887e-03, 2.052114e-01, 3.127535e-03, -4.365734e-06, 1.094576e-06, 3.301700e-04, -1.119172e-07, 6.780921e-06, -2.754425e-06, 1.256632e-03, 2.301225e-06, -1.264386e-03, 3.027465e-06, -1.989750e-06, -2.088592e-06, -3.209092e-07, -1.188064e-07
2.848860e-03, -2.059676e-03, 4.686526e-06, -7.215403e-06, 1.287842e-06, 2.076709e-03, -1.373423e-01, 6.476657e-07, -2.212695e-04, -1.071714e-05, -7.133659e-06, 2.066286e-03, 1.373036e-01, 2.067780e-03, -2.505792e-06, 7.333303e-06, 2.214924e-04, -5.688963e-07, 5.113036e-06, -3.512275e-06, 8.375595e-04, 5.422542e-06, -8.353044e-04, 3.711024e-06, -1.119402e-07, -9.343430e-07, -1.322932e-06, -8.478166e-08
3.278450e-03, -1.368388e-03, 1.207785e-06, 1.843634e-05, 2.871591e-06, 1.365266e-03, -9.143945e-02, 2.789790e-07, -1.476733e-04, 1.541986e-06, -1.132643e-05, 1.368925e-03, 9.141896e-02, 1.370984e-03, -1.068306e-05, -1.863346e-05, 1.490015e-04, -8.522064e-08, 1.392512e-05, -2.147923e-06, 5.502882e-04, -2.089664e-07, -5.553181e-04, 2.671112e-06, -7.509638e-06, -1.037883e-06, 8.350375e-07, -2.303251e-07
3.768333e-03, -9.010729e-04, 1.054715e-06, -2.456863e-06, 1.709532e-07, 9.029351e-04, -6.073671e-02, 8.778223e-08, -9.887467e-05, -1.577588e-06, -1.540791e-06, 9.034524e-04, 6.070823e-02, 9.061267e-04, -2.965801e-07, 2.491054e-06, 9.927851e-05, -7.990427e-08, 9.742907e-07, -8.203501e-07, 3.634454e-04, 1.259403e-06, -3.670218e-04, 8.165282e-07, -2.708992e-08, -1.109628e-06, -3.098515e-07, 2.511416e-09
4.326605e-03, -5.907390e-04, 5.172553e-07, -3.275489e-06, -3.599803e-07, 5.917273e-04, -4.031558e-02, -6.980696e-08, -6.601135e-05, -1.188396e-06, -1.025448e-07, 5.928994e-04, 4.028717e-02, 5.959588e-04, 9.576269e-07, 3.419425e-06, 6.645460e-05, 2.454012e-08, -6.887169e-07, -3.773165e-07, 2.382631e-04, 1.730253e-06, -2.422980e-04, 2.369875e-07, 9.470172e-07, -1.194430e-06, -2.431322e-07, 6.333803e-08
4.962414e-03, -3.896474e-04, 4.831743e-07, -1.281748e-06, 8.599511e-08, 3.891733e-04, -2.669578e-02, 5.626473e-08, -4.411728e-05, 1.963125e-07, -3.593549e-07, 3.899866e-04, 2.669019e-02, 3.905198e-04, -6.228924e-08, 1.266726e-06, 4.430765e-05, -4.198876e-08, 1.773425e-07, -2.966726e-07, 1.571214e-04, -9.900283e-08, -1.582176e-04, 3.380170e-07, 2.382657e-07, -2.826379e-07, -1.272045e-07, -1.829128e-08
5.686100e-03, -2.542438e-04, 8.529338e-07, 8.430788e-07, 4.884338e-07, 2.552650e-04, -1.768964e-02, 4.596833e-08, -2.950956e-05, -7.259057e-07, -2.193393e-06, 2.549480e-04, 1.768317e-02, 2.555396e-04, -1.357450e-06, -8.928847e-07, 2.951684e-05, -1.800561e-08, 2.093608e-06, -6.768762e-07, 1.029691e-04, 4.569069e-07, -1.034480e-04, 7.542878e-07, -8.188433e-07, -2.411300e-07, -1.124596e-07, -3.441785e-08
6.509340e-03, -1.666711e-04, 3.739369e-07, -7.054247e-07, 1.133406e-07, 1.665981e-04, -1.170781e-02, 2.393411e-08, -1.969812e-05, 3.888219e-08, -4.982336e-07, 1.667356e-04, 1.170690e-02, 1.668092e-04, -1.289923e-07, 6.942869e-07, 1.969617e-05, -1.663654e-08, 3.324356e-07, -2.507831e-07, 6.742547e-05, -6.982248e-08, -6.757827e-05, 2.688466e-07, -5.312661e-08, -3.988490e-08, -1.039579e-07, -8.030954e-09
7.445323e-03, -1.083824e-04, 1.721346e-07, 5.070145e-07, 1.710427e-07, 1.083828e-04, -7.753327e-03, 2.728948e-08, -1.310989e-05, -5.768067e-08, -6.950057e-07, 1.085379e-04, 7.750770e-03, 1.088317e-04, -5.109696e-07, -5.069880e-07, 1.317082e-05, -1.917072e-08, 7.443573e-07, -1.960553e-07, 4.373609e-05, 1.703247e-07, -4.415507e-05, 2.198350e-07, -3.740892e-07, -1.079097e-07, -4.427591e-09, -1.036670e-08
8.508941e-03, -7.096987e-05, 1.231926e-07, 5.679621e-07, 1.112751e-07, 7.034696e-05, -5.122983e-03, 2.497792e-08, -8.725692e-06, 3.641009e-07, -6.511921e-07, 7.087163e-05, 5.122535e-03, 7.093648e-05, -4.757084e-07, -5.577634e-07, 8.834638e-06, -2.085660e-08, 6.949814e-07, -1.854158e-07, 2.842470e-05, -1.641784e-07, -2.881196e-05, 1.939147e-07, -3.183008e-07, -5.629287e-08, 1.080365e-08, -3.541834e-09
9.717000e-03, -4.576763e-05, 1.581355e-07, -4.383663e-07, 2.104384e-08, 4.582474e-05, -3.386146e-03, 3.065808e-09, -5.840149e-06, -7.273801e-08, -1.492618e-07, 4.593762e-05, 3.384126e-03, 4.613755e-05, -5.135015e-09, 4.482522e-07, 5.872272e-06, -3.942160e-10, 7.152919e-08, -1.055830e-07, 1.842191e-05, 8.777142e-08, -1.870792e-05, 1.105042e-07, 3.958482e-08, -8.876381e-08, -3.924099e-08, -1.986659e-09
1.108847e-02, -2.946218e-05, 2.053280e-08, 8.166627e-08, 1.090994e-08, 2.935487e-05, -2.240118e-03, -8.043574e-10, -3.883088e-06, 4.793393e-08, -7.954848e-08, 2.951711e-05, 2.239171e-03, 2.961641e-05, -5.886944e-08, -8.662779e-08, 3.903319e-06, 1.286398e-09, 8.391878e-08, -1.912681e-08, 1.187448e-05, -8.392415e-09, -1.207213e-05, 2.089330e-08, -2.270362e-08, -4.673877e-08, 2.449178e-09, -8.467948e-10
1.264475e-02, -1.904806e-05, 7.575671e-08, 2.156433e-08, 3.353809e-08, 1.869987e-05, -1.477527e-03, 1.042167e-09, -2.572761e-06, 2.083495e-07, -2.332618e-07, 1.897361e-05, 1.477510e-03, 1.900580e-05, -1.170311e-07, -2.034062e-08, 2.593986e-06, -1.462365e-09, 2.085369e-07, -8.131637e-08, 7.597361e-06, -9.532848e-08, -7.770080e-06, 8.024624e-08, -8.281188e-08, -1.495867e-08, -9.572230e-09, 4.840385e-10
1.440997e-02, -1.205649e-05, 6.671001e-10, 1.336779e-08, 1.272249e-09, 1.207202e-05, -9.744117e-04, 6.333039e-10, -1.713563e-06, -1.106538e-08, -1.504914e-08, 1.206493e-05, 9.743355e-04, 1.207227e-05, -8.774426e-09, -1.290381e-08, 1.713828e-06, -8.300823e-10, 1.495049e-08, -4.019455e-09, 4.914279e-06, 9.026553e-09, -4.918803e-06, 3.361636e-09, -8.758880e-09, -2.573697e-09, 9.198096e-11, 2.971940e-10
1.641135e-02, -7.633523e-06, -4.034629e-09, 2.696860e-09, -1.602894e-09, 7.632448e-06, -6.402059e-04, 9.935741e-11, -1.129032e-06, 1.261724e-09, 8.282908e-09, 7.632933e-06, 6.402218e-04, 7.630117e-06, 3.637796e-09, -2.811945e-09, 1.129127e-06, -1.424800e-10, -6.886624e-09, 3.187970e-09, 3.116617e-06, -3.854073e-09, -3.114255e-06, -3.330943e-09, 2.875570e-09, 4.313923e-10, 6.736280e-10, 6.164132e-11
1.867959e-02, -4.790983e-06, -2.039998e-09, -3.237445e-08, -5.003945e-09, 4.790509e-06, -4.189699e-04, -6.140193e-10, -7.396824e-07, -7.425880e-10, 2.199656e-08, 4.795361e-06, 4.189200e-04, 4.800538e-06, 1.853073e-08, 3.246449e-08, 7.399239e-07, 4.306916e-10, -2.556746e-08, 4.483051e-09, 1.953331e-06, 1.645062e-09, -1.960998e-06, -5.013662e-09, 1.437638e-08, -2.305808e-09, -1.119344e-09, 2.351831e-10
2.124926e-02, -2.964432e-06, 1.892368e-09, -3.092326e-08, -2.529639e-09, 2.963329e-06, -2.733876e-04, -4.344076e-10, -4.801319e-07, 2.452280e-10, 1.076643e-08, 2.965861e-06, 2.733691e-04, 2.968038e-06, 1.256567e-08, 3.101566e-08, 4.799630e-07, 3.082523e-10, -1.528965e-08, 7.189095e-10, 1.212410e-06, 5.523526e-10, -1.215634e-06, -1.080139e-09, 9.345829e-09, -8.407230e-10, -1.740060e-09, 1.606467e-10
2.415937e-02, -1.808156e-06, -1.348788e-09, -2.158620e-09, -1.038848e-09, 1.811006e-06, -1.773950e-04, -1.924046e-10, -3.079828e-07, -1.612593e-09, 4.756383e-09, 1.808326e-06, 1.773999e-04, 1.807684e-06, 2.933617e-09, 2.092159e-09, 3.077299e-07, 1.580044e-10, -4.635962e-09, 1.510733e-09, 7.432063e-07, 4.439213e-10, -7.410496e-07, -1.591585e-09, 2.037594e-09, 3.172685e-10, 1.537478e-10, 3.472314e-11
2.745383e-02, -1.081582e-06, -7.401959e-11, -2.291715e-09, -2.907945e-10, 1.085726e-06, -1.143130e-04, 2.065944e-11, -1.945742e-07, -2.503133e-09, 1.043492e-09, 1.082367e-06, 1.143127e-04, 1.082134e-06, 1.083399e-09, 2.262334e-09, 1.943711e-07, -4.198172e-11, -1.365950e-09, 1.056198e-10, 4.464226e-07, 1.191348e-09, -4.445061e-07, -1.637712e-10, 8.458637e-10, 1.697865e-10, -1.125584e-10, 2.533216e-11
3.118213e-02, -6.332536e-07, 4.537908e-10, -3.119016e-09, 3.039482e-11, 6.349596e-07, -7.294634e-05, 3.645746e-11, -1.203959e-07, -1.180872e-09, 2.049081e-10, 6.340938e-07, 7.294009e-05, 6.346521e-07, 8.826837e-10, 3.122853e-09, 1.203431e-07, -4.505029e-11, -8.105034e-10, -2.209015e-10, 2.611601e-07, 8.908308e-10, -2.613258e-07, 1.926775e-10, 5.779887e-10, -1.870425e-10, -2.812458e-10, 1.268644e-11
3.540000e-02, -3.573241e-07, 2.696427e-10, -2.359454e-09, -9.081344e-11, 3.592549e-07, -4.607477e-05, -3.563833e-11, -7.231308e-08, -1.206480e-09, 2.124670e-10, 3.579737e-07, 4.607201e-05, 3.580610e-07, 6.953371e-10, 2.366165e-09, 7.221514e-08, 2.122348e-11, -6.245794e-10, -1.488707e-10, 1.485667e-07, 5.481631e-10, -1.480287e-07, 1.047698e-10, 3.950716e-10, -4.198180e-11, -1.507642e-10, 1.980025e-11
3.622642e-02, -3.217804e-07, 8.090783e-10, -2.742577e-09, 2.188527e-10, 3.208070e-07, -4.230548e-05, 1.733361e-11, -6.557516e-08, 6.863535e-10, -9.207967e-10, 3.211340e-07, 4.231027e-05, 3.207738e-07, 8.882473e-11, 2.742951e-09, 6.560071e-08, -1.601685e-11, 3.927960e-10, -6.269261e-10, 1.332928e-07, -4.661593e-10, -1.330350e-07, 6.295711e-10, 6.393647e-11, 1.642581e-10, -2.372916e-10, -1.163995e-12
3.723270e-02, -2.822049e-07, 4.180656e-10, 3.853470e-10, 2.923265e-10, 2.815841e-07, -3.818529e-05, 6.336691e-11, -5.834565e-08, 3.532682e-10, -1.389943e-09, 2.821846e-07, 3.818406e-05, 2.823511e-07, -8.039399e-10, -3.837632e-10, 5.836474e-08, -5.720580e-11, 1.317094e-09, -4.790626e-10, 1.167449e-07, -1.005397e-10, -1.172285e-07, 4.969404e-10, -4.859541e-10, -6.650312e-11, -5.282944e-11, -7.965388e-12
3.823899e-02, -2.476145e-07, 2.777070e-10, -8.111726e-10, 9.385713e-11, 2.476440e-07, -3.454223e-05, 2.532956e-11, -5.197228e-08, -3.207746e-11, -3.084341e-10, 2.476691e-07, 3.454154e-05, 2.477637e-07, -2.877766e-11, 8.076963e-10, 5.193620e-08, -2.048754e-11, 1.649978e-10, -2.104236e-10, 1.028181e-07, 6.399723e-11, -1.028941e-07, 2.237756e-10, 4.789702e-11, -1.985569e-11, -7.633037e-11, -6.022422e-12
3.924528e-02, -2.179048e-07, 1.892826e-10, 5.282470e-10, 1.836009e-10, 2.178479e-07, -3.128575e-05, 7.488309e-11, -4.631276e-08, 4.099037e-11, -9.445207e-10, 2.178433e-07, 3.128604e-05, 2.178425e-07, -5.832786e-10, -5.274589e-10, 4.630818e-08, -7.366033e-11, 9.278162e-10, -3.148215e-10, 9.055991e-08, 6.642713e-12, -9.054625e-08, 3.165000e-10, -3.529811e-10, 1.621844e-11, -2.381354e-11, -7.240317e-13
4.025157e-02, -1.910508e-07, 9.721158e-11, 1.192538e-09, 1.869396e-10, 1.916625e-07, -2.841371e-05, 5.716736e-11, -4.127505e-08, -3.680604e-10, -1.075027e-09, 1.911426e-07, 2.841378e-05, 1.911165e-07, -7.594505e-10, -1.195558e-09, 4.124397e-08, -5.864487e-11, 1.142989e-09, -2.781645e-10, 7.988178e-08, 1.896677e-10, -7.957707e-08, 2.737516e-10, -5.370688e-10, 2.860684e-11, 2.239645e-11, 1.927623e-12
4.125786e-02, -1.683178e-07, 4.275916e-10, -2.748519e-09, -1.636227e-11, 1.682940e-07, -2.581972e-05, -3.424256e-11, -3.679740e-08, 3.502708e-11, 2.600202e-10, 1.682192e-07, 2.582055e-05, 1.681485e-07, 6.954374e-10, 2.741010e-09, 3.681099e-08, 3.299786e-11, -6.768436e-10, -1.789606e-10, 7.030688e-08, -3.154425e-11, -7.019805e-08, 1.757234e-10, 5.026474e-10, 3.463745e-11, -1.742781e-10, 1.336100e-12
4.226415e-02, -1.487697e-07, 5.512145e-10, -3.210468e-09, 1.469235e-11, 1.482573e-07, -2.347720e-05, -3.422824e-11, -3.284183e-08, 3.791029e-10, 1.852713e-10, 1.483304e-07, 2.348074e-05, 1.480569e-07, 7.497176e-10, 3.204570e-09, 3.286735e-08, 3.405705e-11, -6.891082e-10, -2.530062e-10, 6.211492e-08, -2.768276e-10, -6.182896e-08, 2.533817e-10, 5.556398e-10, 1.225711e-10, -2.127319e-10, -2.568228e-13
4.327044e-02, -1.308054e-07, 2.112495e-10, -4.666048e-11, 1.301388e-10, 1.310814e-07, -2.138166e-05, 2.868437e-11, -2.933427e-08, -1.779709e-10, -6.065689e-10, 1.308984e-07, 2.138109e-05, 1.309443e-07, -2.945011e-10, 4.958954e-11, 2.932240e-08, -2.710656e-11, 5.322922e-10, -2.313144e-10, 5.472009e-08, 1.229311e-10, -5.467454e-08, 2.354298e-10, -1.766008e-10, -1.031770e-11, -3.899376e-11, -1.809683e-12
4.427673e-02, -1.150645e-07, 3.560427e-10, -1.033616e-09, 1.185521e-10, 1.155377e-07, -1.950797e-05, 1.172997e-11, -2.616580e-08, -2.466007e-10, -5.079562e-10, 1.149533e-07, 1.950992e-05, 1.147605e-07, -4.503212e-11, 1.029428e-09, 2.615238e-08, -1.118127e-11, 2.887125e-10, -2.948617e-10, 4.848329e-08, 5.779557e-11, -4.796566e-08, 2.966580e-10, -3.908818e-12, 9.570319e-11, -9.546316e-11, -8.723834e-13
4.528302e-02, -1.008748e-07, 3.972792e-10, -5.124386e-10, 2.141997e-10, 1.016877e-07, -1.781855e-05, 1.779065e-11, -2.335465e-08, -5.186536e-10, -9.547478e-10, 1.011327e-07, 1.781722e-05, 1.012299e-07, -3.584739e-10, 5.136292e-10, 2.330022e-08, -1.698630e-11, 7.705323e-10, -3.912261e-10, 4.261545e-08, 3.080840e-10, -4.241727e-08, 3.933618e-10, -2.919149e-10, -1.784952e-11, -8.402250e-11, -9.412520e-13
4.628931e-02, -8.938546e-08, 6.170602e-11, -1.122996e-09, -9.401209e-11, 8.872938e-08, -1.628525e-05, -2.000722e-11, -2.078625e-08, 4.381532e-10, 4.911266e-10, 8.903635e-08, 1.628753e-05, 8.889632e-08, 4.600694e-10, 1.119600e-09, 2.080454e-08, 1.986916e-11, -6.184687e-10, 5.553662e-11, 3.750379e-08, -2.546659e-10, -3.747710e-08, -5.561538e-11, 3.854458e-10, 6.883573e-11, -4.801912e-11, -1.604520e-14
4.729560e-02, -7.833696e-08, 1.155505e-10, -6.949435e-11, 7.431092e-11, 7.852292e-08, -1.488605e-05, 1.985886e-11, -1.854882e-08, -1.204967e-10, -3.362173e-10, 7.841794e-08, 1.488556e-05, 7.845402e-08, -1.537476e-10, 6.835967e-11, 1.852922e-08, -1.958259e-11, 2.895662e-10, -1.348433e-10, 3.306275e-08, 6.646571e-11, -3.303707e-08, 1.359278e-10, -9.481684e-11, -1.163860e-11, -2.450357e-11, -5.110995e-13
4.830189e-02, -6.914556e-08, -1.697070e-11, 3.365001e-11, -6.810688e-12, 6.876571e-08, -1.361310e-05, 9.630482e-12, -1.651142e-08, 2.264352e-10, 6.622349e-11, 6.907961e-08, 1.361305e-05, 6.911672e-08, 1.143859e-11, -3.199012e-11, 1.651846e-08, -8.099535e-12, -4.916974e-11, 1.946597e-11, 2.902082e-08, -8.624760e-11, -2.920806e-08, -1.510697e-11, 4.510414e-11, -1.466624e-11, 2.720896e-12, -1.939655e-12
4.930818e-02, -6.064108e-08, 1.328887e-10, -4.064286e-10, 4.426261e-11, 6.070469e-08, -1.246156e-05, 4.676928e-12, -1.469707e-08, -3.738720e-11, -1.705502e-10, 6.065321e-08, 1.246153e-05, 6.065254e-08, 8.018312e-13, 4.070158e-10, 1.469280e-08, -4.357713e-12, 8.285956e-11, -1.036951e-10, 2.565028e-08, 1.770741e-11, -2.562034e-08, 1.045043e-10, 1.603375e-11, 1.793658e-12, -3.813128e-11, -3.580209e-13
5.031447e-02, -5.260688e-08, 2.121265e-10, -8.709659e-10, 5.731058e-11, 5.334871e-08, -1.143607e-05, -3.659142e-12, -1.305785e-08, -4.631825e-10, -1.936453e-10, 5.279934e-08, 1.143539e-05, 5.283076e-08, 9.387419e-11, 8.687276e-10, 1.301700e-08, 2.694838e-12, 2.808650e-11, -1.532690e-10, 2.262645e-08, 2.429541e-10, -2.236520e-08, 1.507669e-10, 4.763921e-11, 9.888362e-13, -6.926643e-11, 1.094528e-12
5.132075e-02, -4.643002e-08, 3.906855e-11, -3.397399e-11, 2.700992e-11, 4.650969e-08, -1.046673e-05, 8.076837e-12, -1.158424e-08, -5.761431e-11, -1.144564e-10, 4.647704e-08, 1.046633e-05, 4.651904e-08, -4.663898e-11, 3.361277e-11, 1.157335e-08, -8.153743e-12, 9.423740e-11, -4.631584e-11, 1.976054e-08, 5.568898e-11, -1.977913e-08, 4.608173e-11, -3.009494e-11, -1.118039e-11, -1.044971e-11, 9.892864e-14
5.232704e-02, -4.056638e-08, 1.219581e-10, -6.811894e-10, 1.201209e-11, 4.052854e-08, -9.599235e-06, -7.481617e-12, -1.025062e-08, 3.274661e-11, 5.113305e-12, 4.049882e-08, 9.599805e-06, 4.046284e-08, 1.479001e-10, 6.800047e-10, 1.024666e-08, 7.037164e-12, -1.191881e-10, -6.472980e-11, 1.734891e-08, -2.521191e-11, -1.727957e-08, 6.351791e-11, 1.032334e-10, 2.189975e-11, -4.607915e-11, 5.284445e-13
5.333333e-02, -3.533369e-08, 1.131905e-10, -1.066402e-10, 7.030789e-11, 3.566749e-08, -8.781816e-06, 9.464382e-12, -9.086777e-09, -2.212743e-10, -3.059951e-10, 3.548666e-08, 8.780816e-06, 3.556471e-08, -1.240067e-10, 1.061948e-10, 9.056414e-09, -9.444913e-12, 2.535062e-10, -1.205714e-10, 1.517307e-08, 1.372873e-10, -1.515432e-08, 1.207952e-10, -9.334352e-11, -2.458182e-11, -2.388862e-11, -1.091019e-13
5.433962e-02, -3.093895e-08, 4.979820e-11, 1.584991e-10, 5.488987e-11, 3.091457e-08, -8.043754e-06, 1.058588e-11, -8.006108e-09, 1.167208e-11, -2.692214e-10, 3.094332e-08, 8.043643e-06, 3.096026e-08, -1.610891e-10, -1.585632e-10, 8.002383e-09, -1.073020e-11, 2.654319e-10, -8.190589e-11, 1.322998e-08, 5.805623e-12, -1.325656e-08, 8.142341e-11, -1.244113e-10, -4.468544e-12, -3.084040e-12, 2.170959e-13
5.534591e-02, -2.666979e-08, 1.062586e-10, -5.529184e-10, 1.488115e-11, 2.673278e-08, -7.382226e-06, -6.611840e-12, -7.030913e-09, -3.254793e-11, -2.569640e-11, 2.664861e-08, 7.382530e-06, 2.662276e-08, 1.085656e-10, 5.519187e-10, 7.028264e-09, 5.974294e-12, -7.146879e-11, -6.151919e-11, 1.154566e-08, 5.585029e-12, -1.147009e-08, 5.969919e-11, 7.312475e-11, 1.420257e-11, -3.852079e-11, 8.089339e-13
5.635220e-02, -2.307831e-08, 3.837660e-11, -2.380392e-10, 5.736449e-13, 2.309428e-08, -6.764517e-06, -4.751233e-12, -6.172761e-09, -1.164858e-11, 2.122849e-11, 2.309212e-08, 6.764404e-06, 2.310106e-08, 6.264546e-11, 2.378396e-10, 6.171026e-09, 4.626634e-12, -6.062046e-11, -1.390916e-11, 9.992631e-09, 9.151573e-12, -1.000133e-08, 1.356720e-11, 4.389548e-11, -3.610660e-12, -1.531579e-11, 1.522837e-13
5.735849e-02, -1.992732e-08, 1.137326e-11, -8.927783e-11, -2.035415e-12, 1.994496e-08, -6.184157e-06, -2.573735e-12, -5.397771e-09, -1.102253e-11, 1.987364e-11, 1.993269e-08, 6.184128e-06, 1.993450e-08, 2.886945e-11, 8.927417e-11, 5.396960e-09, 2.585670e-12, -3.304942e-11, -5.977881e-13, 8.653363e-09, 6.769187e-12, -8.648792e-09, 6.455969e-13, 1.996455e-11, -3.738096e-13, -5.063009e-12, -2.165432e-14
5.836478e-02, -1.707954e-08, 3.240048e-11, -1.463608e-10, 7.176429e-12, 1.695572e-08, -5.659518e-06, -2.372516e-12, -4.691273e-09, 7.703618e-11, -1.837269e-11, 1.704928e-08, 5.659613e-06, 1.704661e-08, 2.395376e-11, 1.461404e-10, 4.696176e-09, 2.241038e-12, -9.380065e-12, -1.962757e-11, 7.421532e-09, -3.840164e-11, -7.466457e-09, 1.924764e-11, 1.398150e-11, -6.165482e-13, -1.080400e-11, 1.695965e-13
5.937107e-02, -1.457602e-08, 6.512152e-12, -3.971946e-11, 2.966047e-13, 1.458892e-08, -5.158989e-06, -8.958890e-13, -4.071186e-09, -9.149732e-12, 3.634299e-12, 1.458517e-08, 5.158917e-06, 1.459084e-08, 1.045023e-11, 3.974168e-11, 4.069928e-09, 8.937233e-13, -1.020061e-11, -2.244756e-12, 6.385529e-09, 7.090102e-12, -6.389459e-09, 2.242995e-12, 6.971702e-12, -2.176949e-12, -2.540670e-12, 1.068430e-15
6.037736e-02, -1.227261e-08, 2.648403e-11, -1.226644e-10, 5.443089e-12, 1.229057e-08, -4.713287e-06, -2.056868e-12, -3.503014e-09, -1.320073e-11, -1.281705e-11, 1.228639e-08, 4.713184e-06, 1.229493e-08, 2.125609e-11, 1.224726e-10, 3.500868e-09, 1.955834e-12, -1.012915e-11, -1.536989e-11, 5.432646e-09, 1.017716e-11, -5.438834e-09, 1.507472e-11, 1.356377e-11, -3.354004e-12, -8.902780e-12, 1.316604e-13
6.138365e-02, -1.035344e-08, 3.775889e-12, -5.285633e-11, -3.761196e-12, 1.036582e-08, -4.284315e-06, -1.693091e-12, -3.000715e-09, -8.888379e-12, 2.185560e-11, 1.036203e-08, 4.284249e-06, 1.036738e-08, 2.177401e-11, 5.285292e-11, 2.999575e-09, 1.697053e-12, -2.861250e-11, 2.968347e-12, 4.604549e-09, 6.989157e-12, -4.608191e-09, -2.954945e-12, 1.645650e-11, -2.017164e-12, -2.412414e-12, -5.994944e-15
6.238994e-02, -8.640450e-09, 1.077927e-11, 3.852611e-11, 1.278631e-11, 8.605581e-09, -3.888177e-06, 2.010921e-12, -2.548501e-09, 2.013933e-11, -6.008388e-11, 8.639668e-09, 3.888125e-06, 8.646094e-09, -3.679323e-11, -3.852047e-11, 2.548725e-09, -1.998244e-12, 6.002772e-11, -1.780901e-11, 3.857115e-09, -6.274641e-12, -3.881064e-09, 1.784721e-11, -2.919312e-11, -2.987606e-12, -3.005676e-13, -1.726415e-14
6.339623e-02, -7.139961e-09, 1.377230e-11, -3.645578e-11, 6.198347e-12, 7.138999e-09, -3.514950e-06, -3.506139e-13, -2.147445e-09, 1.066057e-12, -2.314016e-11, 7.137852e-09, 3.514964e-06, 7.136814e-09, -2.949816e-12, 3.642847e-11, 2.147632e-09, 3.409452e-13, 1.433125e-11, -1.127037e-11, 3.223537e-09, -5.947269e-13, -3.221741e-09, 1.124047e-11, -3.858032e-12, 6.291618e-13, -3.509064e-12, 1.333086e-14
6.440252e-02, -5.815611e-09, 1.015611e-11, -4.054636e-11, 2.953532e-12, 5.802445e-09, -3.169306e-06, -7.473136e-13, -1.788031e-09, 9.392379e-12, -8.699634e-12, 5.806256e-09, 3.169373e-06, 5.801068e-09, 4.753758e-12, 4.051311e-11, 1.789729e-09, 7.317260e-13, 8.087938e-13, -6.575843e-12, 2.653257e-09, -6.182074e-12, -2.650159e-09, 6.528892e-12, 2.326063e-12, 2.079317e-12, -3.053662e-12, 2.096951e-14
6.540881e-02, -4.656640e-09, 4.636507e-12, -1.590305e-11, 1.757022e-12, 4.643306e-09, -2.842690e-06, -2.217826e-13, -1.470315e-09, 8.862263e-12, -5.098005e-12, 4.650115e-09, 2.842730e-06, 4.647421e-09, 7.750068e-13, 1.594548e-11, 1.471421e-09, 2.459286e-13, 2.049223e-12, -3.180127e-12, 2.151953e-09, -4.950728e-12, -2.152759e-09, 3.251300e-12, 1.270224e-13, 1.071253e-12, -1.269674e-12, -3.180174e-14
6.641509e-02, -3.649128e-09, 3.543423e-12, -1.226842e-12, 2.721294e-12, 3.636706e-09, -2.535351e-06, 2.027526e-13, -1.189153e-09, 8.301910e-12, -1.127900e-11, 3.642851e-09, 2.535391e-06, 3.640097e-09, -4.913745e-12, 1.213077e-12, 1.190276e-09, -2.070757e-13, 9.695521e-12, -4.060292e-12, 1.716586e-09, -4.712130e-12, -1.716994e-09, 4.046711e-12, -4.393788e-12, 1.060630e-12, -6.529480e-13, 6.032603e-15
6.742138e-02, -2.802245e-09, 3.930727e-12, 1.733864e-12, 3.423694e-12, 2.780426e-09, -2.237532e-06, 3.019001e-13, -9.431152e-10, 1.389193e-11, -1.471254e-11, 2.795417e-09, 2.237563e-06, 2.793598e-09, -7.166241e-12, -1.753160e-12, 9.443410e-10, -3.104271e-13, 1.332126e-11, -4.945297e-12, 1.338245e-09, -7.174221e-12, -1.344173e-09, 4.919204e-12, -6.288282e-12, 4.419312e-13, -6.010437e-13, 1.167839e-14
6.842767e-02, -2.056556e-09, 7.276061e-13, 8.651267e-12, 1.588109e-12, 2.051841e-09, -1.956857e-06, 3.262224e-13, -7.281681e-10, 3.011075e-12, -7.676378e-12, 2.055555e-09, 1.956857e-06, 2.055595e-09, -5.449450e-12, -8.643228e-12, 7.283744e-10, -3.221044e-13, 8.217439e-12, -1.963921e-12, 1.016095e-09, -1.283324e-12, -1.018059e-09, 1.976016e-12, -4.216271e-12, -8.050767e-14, 1.924414e-13, -5.425005e-15
6.943396e-02, -1.435025e-09, -9.628638e-14, -1.158885e-12, -2.356600e-13, 1.437867e-09, -1.686183e-06, -4.359018e-14, -5.425076e-10, -1.703662e-12, 1.107645e-12, 1.435214e-09, 1.686186e-06, 1.434864e-09, 7.885691e-13, 1.157918e-12, 5.424747e-10, 4.300718e-14, -1.213633e-12, 2.744475e-13, 7.428234e-10, 6.215572e-13, -7.411074e-10, -2.761994e-13, 6.500758e-13, 1.855213e-13, -2.793964e-14, 7.852578e-16
7.044025e-02, -9.375200e-10, -1.333355e-12, 7.902262e-12, -1.096148e-13, 9.285749e-10, -1.412660e-06, 1.903553e-13, -3.831654e-10, 5.965682e-12, -4.977864e-13, 9.328922e-10, 1.412692e-06, 9.306192e-10, -1.914558e-12, -7.904498e-12, 3.840256e-10, -1.915354e-13, 1.746390e-12, 4.885090e-13, 5.111893e-10, -3.727867e-12, -5.112239e-10, -4.920630e-13, -1.305819e-12, 8.159353e-13, 4.839956e-13, 1.590533e-15
7.144654e-02, -5.351929e-10, -4.282601e-13, -8.888000e-14, -3.807217e-13, 5.268150e-10, -1.133821e-06, -3.452401e-14, -2.497404e-10, 5.482074e-12, 1.572969e-12, 5.315566e-10, 1.133844e-06, 5.299788e-10, 7.661114e-13, 8.893921e-14, 2.504120e-10, 3.442515e-14, -1.436933e-12, 5.301014e-13, 3.212125e-10, -3.231678e-12, -3.221414e-10, -5.303902e-13, 6.699873e-13, 5.258283e-13, 6.694875e-14, 1.269895e-16
7.245283e-02, -2.295615e-10, -1.049875e-13, -4.331849e-13, -1.470491e-13, 2.306286e-10, -8.317811e-07, -2.191397e-14, -1.404429e-10, -6.612641e-13, 6.598804e-13, 2.296701e-10, 8.317819e-07, 2.295916e-10, 4.041567e-13, 4.335621e-13, 1.404279e-10, 2.207961e-14, -6.678741e-13, 1.875888e-13, 1.713046e-10, 2.824515e-13, -1.707359e-10, -1.870903e-13, 3.376931e-13, 5.358789e-14, 2.258045e-15, -2.236121e-16
7.345912e-02, -3.806154e-11, -3.070684e-14, 5.024162e-14, -9.674637e-15, 3.824149e-11, -4.431441e-07, 2.605736e-15, -5.168953e-11, -1.177717e-13, 2.017073e-14, 3.814292e-11, 4.431435e-07, 3.817952e-11, -2.009415e-14, -5.025051e-14, 5.167393e-11, -2.610940e-15, 2.010889e-14, 1.832019e-14, 5.669171e-11, 7.020367e-14, -5.667547e-11, -1.833595e-14, -1.614026e-14, -1.234730e-14, 9.383040e-15, 7.057194e-18
7.446541e-02, 0.000000e+00, 0.000000e+00, 0.000000e+00, 0.000000e+00, 0.000000e+00, 0.000000e+00, 0.000000e+00, 0.000000e+00, 0.000000e+00, 0.000000e+00, 0.000000e+00, 0.000000e+00, 0.000000e+00, 0.000000e+00, 0.000000e+00, 0.000000e+00, 0.000000e+00, 0.000000e+00, 0.000000e+00, 0.000000e+00, 0.000000e+00, 0.000000e+00, 0.000000e+00, 0.000000e+00, 0.000000e+00, 0.000000e+00, 0.000000e+00
7.547170e-02, 0.000000e+00, 0.000000e+00, 0.000000e+00, 0.000000e+00, 0.000000e+00, 0.000000e+00, 0.000000e+00, 0.000000e+00, 0.000000e+00, 0.000000e+00, 0.000000e+00, 0.000000e+00, 0.000000e+00, 0.000000e+00, 0.000000e+00, 0.000000e+00, 0.000000e+00, 0.000000e+00, 0.000000e+00, 0.000000e+00, 0.000000e+00, 0.000000e+00, 0.000000e+00, 0.000000e+00, 0.000000e+00, 0.000000e+00, 0.000000e+00
7.647799e-02, 0.000000e+00, 0.000000e+00, 0.000000e+00, 0.000000e+00, 0.000000e+00, 0.000000e+00, 0.000000e+00, 0.000000e+00, 0.000000e+00, 0.000000e+00, 0.000000e+00, 0.000000e+00, 0.000000e+00, 0.000000e+00, 0.000000e+00, 0.000000e+00, 0.000000e+00, 0.000000e+00, 0.000000e+00, 0.000000e+00, 0.000000e+00, 0.000000e+00, 0.000000e+00, 0.000000e+00, 0.000000e+00, 0.000000e+00, 0.000000e+00
7.748428e-02, 0.000000e+00, 0.000000e+00, 0.000000e+00, 0.000000e+00, 0.000000e+00, 0.000000e+00, 0.000000e+00, 0.000000e+00, 0.000000e+00, 0.000000e+00, 0.000000e+00, 0.000000e+00, 0.000000e+00, 0.000000e+00, 0.000000e+00, 0.000000e+00, 0.000000e+00, 0.000000e+00, 0.000000e+00, 0.000000e+00, 0.000000e+00, 0.000000e+00, 0.000000e+00, 0.000000e+00, 0.000000e+00, 0.000000e+00, 0.000000e+00
7.849057e-02, 0.000000e+00, 0.000000e+00, 0.000000e+00, 0.000000e+00, 0.000000e+00, 0.000000e+00, 0.000000e+00, 0.000000e+00, 0.000000e+00, 0.000000e+00, 0.000000e+00, 0.000000e+00, 0.000000e+00, 0.000000e+00, 0.000000e+00, 0.000000e+00, 0.000000e+00, 0.000000e+00, 0.000000e+00, 0.000000e+00, 0.000000e+00, 0.000000e+00, 0.000000e+00, 0.000000e+00, 0.000000e+00, 0.000000e+00, 0.000000e+00
7.949686e-02, 0.000000e+00, 0.000000e+00, 0.000000e+00, 0.000000e+00, 0.000000e+00, 0.000000e+00, 0.000000e+00, 0.000000e+00, 0.000000e+00, 0.000000e+00, 0.000000e+00, 0.000000e+00, 0.000000e+00, 0.000000e+00, 0.000000e+00, 0.000000e+00, 0.000000e+00, 0.000000e+00, 0.000000e+00, 0.000000e+00, 0.000000e+00, 0.000000e+00, 0.000000e+00, 0.000000e+00, 0.000000e+00, 0.000000e+00, 0.000000e+00
8.050314e-02, 0.000000e+00, 0.000000e+00, 0.000000e+00, 0.000000e+00, 0.000000e+00, 0.000000e+00, 0.000000e+00, 0.000000e+00, 0.000000e+00, 0.000000e+00, 0.000000e+00, 0.000000e+00, 0.000000e+00, 0.000000e+00, 0.000000e+00, 0.000000e+00, 0.000000e+00, 0.000000e+00, 0.000000e+00, 0.000000e+00, 0.000000e+00, 0.000000e+00, 0.000000e+00, 0.000000e+00, 0.000000e+00, 0.000000e+00, 0.000000e+00
8.150943e-02, 0.000000e+00, 0.000000e+00, 0.000000e+00, 0.000000e+00, 0.000000e+00, 0.000000e+00, 0.000000e+00, 0.000000e+00, 0.000000e+00, 0.000000e+00, 0.000000e+00, 0.000000e+00, 0.000000e+00, 0.000000e+00, 0.000000e+00, 0.000000e+00, 0.000000e+00, 0.000000e+00, 0.000000e+00, 0.000000e+00, 0.000000e+00, 0.000000e+00, 0.000000e+00, 0.000000e+00, 0.000000e+00, 0.000000e+00, 0.000000e+00
8.251572e-02, 0.000000e+00, 0.000000e+00, 0.000000e+00, 0.000000e+00, 0.000000e+00, 0.000000e+00, 0.000000e+00, 0.000000e+00, 0.000000e+00, 0.000000e+00, 0.000000e+00, 0.000000e+00, 0.000000e+00, 0.000000e+00, 0.000000e+00, 0.000000e+00, 0.000000e+00, 0.000000e+00, 0.000000e+00, 0.000000e+00, 0.000000e+00, 0.000000e+00, 0.000000e+00, 0.000000e+00, 0.000000e+00, 0.000000e+00, 0.000000e+00
8.352201e-02, 0.000000e+00, 0.000000e+00, 0.000000e+00, 0.000000e+00, 0.000000e+00, 0.000000e+00, 0.000000e+00, 0.000000e+00, 0.000000e+00, 0.000000e+00, 0.000000e+00, 0.000000e+00, 0.000000e+00, 0.000000e+00, 0.000000e+00, 0.000000e+00, 0.000000e+00, 0.000000e+00, 0.000000e+00, 0.000000e+00, 0.000000e+00, 0.000000e+00, 0.000000e+00, 0.000000e+00, 0.000000e+00, 0.000000e+00, 0.000000e+00
8.452830e-02, 0.000000e+00, 0.000000e+00, 0.000000e+00, 0.000000e+00, 0.000000e+00, 0.000000e+00, 0.000000e+00, 0.000000e+00, 0.000000e+00, 0.000000e+00, 0.000000e+00, 0.000000e+00, 0.000000e+00, 0.000000e+00, 0.000000e+00, 0.000000e+00, 0.000000e+00, 0.000000e+00, 0.000000e+00, 0.000000e+00, 0.000000e+00, 0.000000e+00, 0.000000e+00, 0.000000e+00, 0.000000e+00, 0.000000e+00, 0.000000e+00
8.553459e-02, 0.000000e+00, 0.000000e+00, 0.000000e+00, 0.000000e+00, 0.000000e+00, 0.000000e+00, 0.000000e+00, 0.000000e+00, 0.000000e+00, 0.000000e+00, 0.000000e+00, 0.000000e+00, 0.000000e+00, 0.000000e+00, 0.000000e+00, 0.000000e+00, 0.000000e+00, 0.000000e+00, 0.000000e+00, 0.000000e+00, 0.000000e+00, 0.000000e+00, 0.000000e+00, 0.000000e+00, 0.000000e+00, 0.000000e+00, 0.000000e+00
8.654088e-02, 0.000000e+00, 0.000000e+00, 0.000000e+00, 0.000000e+00, 0.000000e+00, 0.000000e+00, 0.000000e+00, 0.000000e+00, 0.000000e+00, 0.000000e+00, 0.000000e+00, 0.000000e+00, 0.000000e+00, 0.000000e+00, 0.000000e+00, 0.000000e+00, 0.000000e+00, 0.000000e+00, 0.000000e+00, 0.000000e+00, 0.000000e+00, 0.000000e+00, 0.000000e+00, 0.000000e+00, 0.000000e+00, 0.000000e+00, 0.000000e+00
8.754717e-02, 0.000000e+00, 0.000000e+00, 0.000000e+00, 0.000000e+00, 0.000000e+00, 0.000000e+00, 0.000000e+00, 0.000000e+00, 0.000000e+00, 0.000000e+00, 0.000000e+00, 0.000000e+00, 0.000000e+00, 0.000000e+00, 0.000000e+00, 0.000000e+00, 0.000000e+00, 0.000000e+00, 0.000000e+00, 0.000000e+00, 0.000000e+00, 0.000000e+00, 0.000000e+00, 0.000000e+00, 0.000000e+00, 0.000000e+00, 0.000000e+00
8.855346e-02, 0.000000e+00, 0.000000e+00, 0.000000e+00, 0.000000e+00, 0.000000e+00, 0.000000e+00, 0.000000e+00, 0.000000e+00, 0.000000e+00, 0.000000e+00, 0.000000e+00, 0.000000e+00, 0.000000e+00, 0.000000e+00, 0.000000e+00, 0.000000e+00, 0.000000e+00, 0.000000e+00, 0.000000e+00, 0.000000e+00, 0.000000e+00, 0.000000e+00, 0.000000e+00, 0.000000e+00, 0.000000e+00, 0.000000e+00, 0.000000e+00
8.955975e-02, 0.000000e+00, 0.000000e+00, 0.000000e+00, 0.000000e+00, 0.000000e+00, 0.000000e+00, 0.000000e+00, 0.000000e+00, 0.000000e+00, 0.000000e+00, 0.000000e+00, 0.000000e+00, 0.000000e+00, 0.000000e+00, 0.000000e+00, 0.000000e+00, 0.000000e+00, 0.000000e+00, 0.000000e+00, 0.000000e+00, 0.000000e+00, 0.000000e+00, 0.000000e+00, 0.000000e+00, 0.000000e+00, 0.000000e+00, 0.000000e+00
9.056604e-02, 0.000000e+00, 0.000000e+00, 0.000000e+00, 0.000000e+00, 0.000000e+00, 0.000000e+00, 0.000000e+00, 0.000000e+00, 0.000000e+00, 0.000000e+00, 0.000000e+00, 0.000000e+00, 0.000000e+00, 0.000000e+00, 0.000000e+00, 0.000000e+00, 0.000000e+00, 0.000000e+00, 0.000000e+00, 0.000000e+00, 0.000000e+00, 0.000000e+00, 0.000000e+00, 0.000000e+00, 0.000000e+00, 0.000000e+00, 0.000000e+00
9.157233e-02, 0.000000e+00, 0.000000e+00, 0.000000e+00, 0.000000e+00, 0.000000e+00, 0.000000e+00, 0.000000e+00, 0.000000e+00, 0.000000e+00, 0.000000e+00, 0.000000e+00, 0.000000e+00, 0.000000e+00, 0.000000e+00, 0.000000e+00, 0.000000e+00, 0.000000e+00, 0.000000e+00, 0.000000e+00, 0.000000e+00, 0.000000e+00, 0.000000e+00, 0.000000e+00, 0.000000e+00, 0.000000e+00, 0.000000e+00, 0.000000e+00
9.257862e-02, 0.000000e+00, 0.000000e+00, 0.000000e+00, 0.000000e+00, 0.000000e+00, 0.000000e+00, 0.000000e+00, 0.000000e+00, 0.000000e+00, 0.000000e+00, 0.000000e+00, 0.000000e+00, 0.000000e+00, 0.000000e+00, 0.000000e+00, 0.000000e+00, 0.000000e+00, 0.000000e+00, 0.000000e+00, 0.000000e+00, 0.000000e+00, 0.000000e+00, 0.000000e+00, 0.000000e+00, 0.000000e+00, 0.000000e+00, 0.000000e+00
9.358491e-02, 0.000000e+00, 0.000000e+00, 0.000000e+00, 0.000000e+00, 0.000000e+00, 0.000000e+00, 0.000000e+00, 0.000000e+00, 0.000000e+00, 0.000000e+00, 0.000000e+00, 0.000000e+00, 0.000000e+00, 0.000000e+00, 0.000000e+00, 0.000000e+00, 0.000000e+00, 0.000000e+00, 0.000000e+00, 0.000000e+00, 0.000000e+00, 0.000000e+00, 0.000000e+00, 0.000000e+00, 0.000000e+00, 0.000000e+00, 0.000000e+00
9.459119e-02, 0.000000e+00, 0.000000e+00, 0.000000e+00, 0.000000e+00, 0.000000e+00, 0.000000e+00, 0.000000e+00, 0.000000e+00, 0.000000e+00, 0.000000e+00, 0.000000e+00, 0.000000e+00, 0.000000e+00, 0.000000e+00, 0.000000e+00, 0.000000e+00, 0.000000e+00, 0.000000e+00, 0.000000e+00, 0.000000e+00, 0.000000e+00, 0.000000e+00, 0.000000e+00, 0.000000e+00, 0.000000e+00, 0.000000e+00, 0.000000e+00
9.559748e-02, 0.000000e+00, 0.000000e+00, 0.000000e+00, 0.000000e+00, 0.000000e+00, 0.000000e+00, 0.000000e+00, 0.000000e+00, 0.000000e+00, 0.000000e+00, 0.000000e+00, 0.000000e+00, 0.000000e+00, 0.000000e+00, 0.000000e+00, 0.000000e+00, 0.000000e+00, 0.000000e+00, 0.000000e+00, 0.000000e+00, 0.000000e+00, 0.000000e+00, 0.000000e+00, 0.000000e+00, 0.000000e+00, 0.000000e+00, 0.000000e+00
9.660377e-02, 0.000000e+00, 0.000000e+00, 0.000000e+00, 0.000000e+00, 0.000000e+00, 0.000000e+00, 0.000000e+00, 0.000000e+00, 0.000000e+00, 0.000000e+00, 0.000000e+00, 0.000000e+00, 0.000000e+00, 0.000000e+00, 0.000000e+00, 0.000000e+00, 0.000000e+00, 0.000000e+00, 0.000000e+00, 0.000000e+00, 0.000000e+00, 0.000000e+00, 0.000000e+00, 0.000000e+00, 0.000000e+00, 0.000000e+00, 0.000000e+00
9.761006e-02, 0.000000e+00, 0.000000e+00, 0.000000e+00, 0.000000e+00, 0.000000e+00, 0.000000e+00, 0.000000e+00, 0.000000e+00, 0.000000e+00, 0.000000e+00, 0.000000e+00, 0.000000e+00, 0.000000e+00, 0.000000e+00, 0.000000e+00, 0.000000e+00, 0.000000e+00, 0.000000e+00, 0.000000e+00, 0.000000e+00, 0.000000e+00, 0.000000e+00, 0.000000e+00, 0.000000e+00, 0.000000e+00, 0.000000e+00, 0.000000e+00
9.861635e-02, 0.000000e+00, 0.000000e+00, 0.000000e+00, 0.000000e+00, 0.000000e+00, 0.000000e+00, 0.000000e+00, 0.000000e+00, 0.000000e+00, 0.000000e+00, 0.000000e+00, 0.000000e+00, 0.000000e+00, 0.000000e+00, 0.000000e+00, 0.000000e+00, 0.000000e+00, 0.000000e+00, 0.000000e+00, 0.000000e+00, 0.000000e+00, 0.000000e+00, 0.000000e+00, 0.000000e+00, 0.000000e+00, 0.000000e+00, 0.000000e+00
9.962264e-02, 0.000000e+00, 0.000000e+00, 0.000000e+00, 0.000000e+00, 0.000000e+00, 0.000000e+00, 0.000000e+00, 0.000000e+00, 0.000000e+00, 0.000000e+00, 0.000000e+00, 0.000000e+00, 0.000000e+00, 0.000000e+00, 0.000000e+00, 0.000000e+00, 0.000000e+00, 0.000000e+00, 0.000000e+00, 0.000000e+00, 0.000000e+00, 0.000000e+00, 0.000000e+00, 0.000000e+00, 0.000000e+00, 0.000000e+00, 0.000000e+00
1.006289e-01, 0.000000e+00, 0.000000e+00, 0.000000e+00, 0.000000e+00, 0.000000e+00, 0.000000e+00, 0.000000e+00, 0.000000e+00, 0.000000e+00, 0.000000e+00, 0.000000e+00, 0.000000e+00, 0.000000e+00, 0.000000e+00, 0.000000e+00, 0.000000e+00, 0.000000e+00, 0.000000e+00, 0.000000e+00, 0.000000e+00, 0.000000e+00, 0.000000e+00, 0.000000e+00, 0.000000e+00, 0.000000e+00, 0.000000e+00, 0.000000e+00
1.016352e-01, 0.000000e+00, 0.000000e+00, 0.000000e+00, 0.000000e+00, 0.000000e+00, 0.000000e+00, 0.000000e+00, 0.000000e+00, 0.000000e+00, 0.000000e+00, 0.000000e+00, 0.000000e+00, 0.000000e+00, 0.000000e+00, 0.000000e+00, 0.000000e+00, 0.000000e+00, 0.000000e+00, 0.000000e+00, 0.000000e+00, 0.000000e+00, 0.000000e+00, 0.000000e+00, 0.000000e+00, 0.000000e+00, 0.000000e+00, 0.000000e+00
1.026415e-01, 0.000000e+00, 0.000000e+00, 0.000000e+00, 0.000000e+00, 0.000000e+00, 0.000000e+00, 0.000000e+00, 0.000000e+00, 0.000000e+00, 0.000000e+00, 0.000000e+00, 0.000000e+00, 0.000000e+00, 0.000000e+00, 0.000000e+00, 0.000000e+00, 0.000000e+00, 0.000000e+00, 0.000000e+00, 0.000000e+00, 0.000000e+00, 0.000000e+00, 0.000000e+00, 0.000000e+00, 0.000000e+00, 0.000000e+00, 0.000000e+00
1.036478e-01, 0.000000e+00, 0.000000e+00, 0.000000e+00, 0.000000e+00, 0.000000e+00, 0.000000e+00, 0.000000e+00, 0.000000e+00, 0.000000e+00, 0.000000e+00, 0.000000e+00, 0.000000e+00, 0.000000e+00, 0.000000e+00, 0.000000e+00, 0.000000e+00, 0.000000e+00, 0.000000e+00, 0.000000e+00, 0.000000e+00, 0.000000e+00, 0.000000e+00, 0.000000e+00, 0.000000e+00, 0.000000e+00, 0.000000e+00, 0.000000e+00
1.046541e-01, 0.000000e+00, 0.000000e+00, 0.000000e+00, 0.000000e+00, 0.000000e+00, 0.000000e+00, 0.000000e+00, 0.000000e+00, 0.000000e+00, 0.000000e+00, 0.000000e+00, 0.000000e+00, 0.000000e+00, 0.000000e+00, 0.000000e+00, 0.000000e+00, 0.000000e+00, 0.000000e+00, 0.000000e+00, 0.000000e+00, 0.000000e+00, 0.000000e+00, 0.000000e+00, 0.000000e+00, 0.000000e+00, 0.000000e+00, 0.000000e+00
1.056604e-01, 0.000000e+00, 0.000000e+00, 0.000000e+00, 0.000000e+00, 0.000000e+00, 0.000000e+00, 0.000000e+00, 0.000000e+00, 0.000000e+00, 0.000000e+00, 0.000000e+00, 0.000000e+00, 0.000000e+00, 0.000000e+00, 0.000000e+00, 0.000000e+00, 0.000000e+00, 0.000000e+00, 0.000000e+00, 0.000000e+00, 0.000000e+00, 0.000000e+00, 0.000000e+00, 0.000000e+00, 0.000000e+00, 0.000000e+00, 0.000000e+00
1.066667e-01, 0.000000e+00, 0.000000e+00, 0.000000e+00, 0.000000e+00, 0.000000e+00, 0.000000e+00, 0.000000e+00, 0.000000e+00, 0.000000e+00, 0.000000e+00, 0.000000e+00, 0.000000e+00, 0.000000e+00, 0.000000e+00, 0.000000e+00, 0.000000e+00, 0.000000e+00, 0.000000e+00, 0.000000e+00, 0.000000e+00, 0.000000e+00, 0.000000e+00, 0.000000e+00, 0.000000e+00, 0.000000e+00, 0.000000e+00, 0.000000e+00
1.076730e-01, 0.000000e+00, 0.000000e+00, 0.000000e+00, 0.000000e+00, 0.000000e+00, 0.000000e+00, 0.000000e+00, 0.000000e+00, 0.000000e+00, 0.000000e+00, 0.000000e+00, 0.000000e+00, 0.000000e+00, 0.000000e+00, 0.000000e+00, 0.000000e+00, 0.000000e+00, 0.000000e+00, 0.000000e+00, 0.000000e+00, 0.000000e+00, 0.000000e+00, 0.000000e+00, 0.000000e+00, 0.000000e+00, 0.000000e+00, 0.000000e+00
1.086792e-01, 0.000000e+00, 0.000000e+00, 0.000000e+00, 0.000000e+00, 0.000000e+00, 0.000000e+00, 0.000000e+00, 0.000000e+00, 0.000000e+00, 0.000000e+00, 0.000000e+00, 0.000000e+00, 0.000000e+00, 0.000000e+00, 0.000000e+00, 0.000000e+00, 0.000000e+00, 0.000000e+00, 0.000000e+00, 0.000000e+00, 0.000000e+00, 0.000000e+00, 0.000000e+00, 0.000000e+00, 0.000000e+00, 0.000000e+00, 0.000000e+00
1.096855e-01, 0.000000e+00, 0.000000e+00, 0.000000e+00, 0.000000e+00, 0.000000e+00, 0.000000e+00, 0.000000e+00, 0.000000e+00, 0.000000e+00, 0.000000e+00, 0.000000e+00, 0.000000e+00, 0.000000e+00, 0.000000e+00, 0.000000e+00, 0.000000e+00, 0.000000e+00, 0.000000e+00, 0.000000e+00, 0.000000e+00, 0.000000e+00, 0.000000e+00, 0.000000e+00, 0.000000e+00, 0.000000e+00, 0.000000e+00, 0.000000e+00
1.106918e-01, 0.000000e+00, 0.000000e+00, 0.000000e+00, 0.000000e+00, 0.000000e+00, 0.000000e+00, 0.000000e+00, 0.000000e+00, 0.000000e+00, 0.000000e+00, 0.000000e+00, 0.000000e+00, 0.000000e+00, 0.000000e+00, 0.000000e+00, 0.000000e+00, 0.000000e+00, 0.000000e+00, 0.000000e+00, 0.000000e+00, 0.000000e+00, 0.000000e+00, 0.000000e+00, 0.000000e+00, 0.000000e+00, 0.000000e+00, 0.000000e+00
1.116981e-01, 0.000000e+00, 0.000000e+00, 0.000000e+00, 0.000000e+00, 0.000000e+00, 0.000000e+00, 0.000000e+00, 0.000000e+00, 0.000000e+00, 0.000000e+00, 0.000000e+00, 0.000000e+00, 0.000000e+00, 0.000000e+00, 0.000000e+00, 0.000000e+00, 0.000000e+00, 0.000000e+00, 0.000000e+00, 0.000000e+00, 0.000000e+00, 0.000000e+00, 0.000000e+00, 0.000000e+00, 0.000000e+00, 0.000000e+00, 0.000000e+00
1.127044e-01, 0.000000e+00, 0.000000e+00, 0.000000e+00, 0.000000e+00, 0.000000e+00, 0.000000e+00, 0.000000e+00, 0.000000e+00, 0.000000e+00, 0.000000e+00, 0.000000e+00, 0.000000e+00, 0.000000e+00, 0.000000e+00, 0.000000e+00, 0.000000e+00, 0.000000e+00, 0.000000e+00, 0.000000e+00, 0.000000e+00, 0.000000e+00, 0.000000e+00, 0.000000e+00, 0.000000e+00, 0.000000e+00, 0.000000e+00, 0.000000e+00
1.137107e-01, 0.000000e+00, 0.000000e+00, 0.000000e+00, 0.000000e+00, 0.000000e+00, 0.000000e+00, 0.000000e+00, 0.000000e+00, 0.000000e+00, 0.000000e+00, 0.000000e+00, 0.000000e+00, 0.000000e+00, 0.000000e+00, 0.000000e+00, 0.000000e+00, 0.000000e+00, 0.000000e+00, 0.000000e+00, 0.000000e+00, 0.000000e+00, 0.000000e+00, 0.000000e+00, 0.000000e+00, 0.000000e+00, 0.000000e+00, 0.000000e+00
1.147170e-01, 0.000000e+00, 0.000000e+00, 0.000000e+00, 0.000000e+00, 0.000000e+00, 0.000000e+00, 0.000000e+00, 0.000000e+00, 0.000000e+00, 0.000000e+00, 0.000000e+00, 0.000000e+00, 0.000000e+00, 0.000000e+00, 0.000000e+00, 0.000000e+00, 0.000000e+00, 0.000000e+00, 0.000000e+00, 0.000000e+00, 0.000000e+00, 0.000000e+00, 0.000000e+00, 0.000000e+00, 0.000000e+00, 0.000000e+00, 0.000000e+00
1.157233e-01, 0.000000e+00, 0.000000e+00, 0.000000e+00, 0.000000e+00, 0.000000e+00, 0.000000e+00, 0.000000e+00, 0.000000e+00, 0.000000e+00, 0.000000e+00, 0.000000e+00, 0.000000e+00, 0.000000e+00, 0.000000e+00, 0.000000e+00, 0.000000e+00, 0.000000e+00, 0.000000e+00, 0.000000e+00, 0.000000e+00, 0.000000e+00, 0.000000e+00, 0.000000e+00, 0.000000e+00, 0.000000e+00, 0.000000e+00, 0.000000e+00
1.167296e-01, 0.000000e+00, 0.000000e+00, 0.000000e+00, 0.000000e+00, 0.000000e+00, 0.000000e+00, 0.000000e+00, 0.000000e+00, 0.000000e+00, 0.000000e+00, 0.000000e+00, 0.000000e+00, 0.000000e+00, 0.000000e+00, 0.000000e+00, 0.000000e+00, 0.000000e+00, 0.000000e+00, 0.000000e+00, 0.000000e+00, 0.000000e+00, 0.000000e+00, 0.000000e+00, 0.000000e+00, 0.000000e+00, 0.000000e+00, 0.000000e+00
1.177358e-01, 0.000000e+00, 0.000000e+00, 0.000000e+00, 0.000000e+00, 0.000000e+00, 0.000000e+00, 0.000000e+00, 0.000000e+00, 0.000000e+00, 0.000000e+00, 0.000000e+00, 0.000000e+00, 0.000000e+00, 0.000000e+00, 0.000000e+00, 0.000000e+00, 0.000000e+00, 0.000000e+00, 0.000000e+00, 0.000000e+00, 0.000000e+00, 0.000000e+00, 0.000000e+00, 0.000000e+00, 0.000000e+00, 0.000000e+00, 0.000000e+00
1.187421e-01, 0.000000e+00, 0.000000e+00, 0.000000e+00, 0.000000e+00, 0.000000e+00, 0.000000e+00, 0.000000e+00, 0.000000e+00, 0.000000e+00, 0.000000e+00, 0.000000e+00, 0.000000e+00, 0.000000e+00, 0.000000e+00, 0.000000e+00, 0.000000e+00, 0.000000e+00, 0.000000e+00, 0.000000e+00, 0.000000e+00, 0.000000e+00, 0.000000e+00, 0.000000e+00, 0.000000e+00, 0.000000e+00, 0.000000e+00, 0.000000e+00
1.197484e-01, 0.000000e+00, 0.000000e+00, 0.000000e+00, 0.000000e+00, 0.000000e+00, 0.000000e+00, 0.000000e+00, 0.000000e+00, 0.000000e+00, 0.000000e+00, 0.000000e+00, 0.000000e+00, 0.000000e+00, 0.000000e+00, 0.000000e+00, 0.000000e+00, 0.000000e+00, 0.000000e+00, 0.000000e+00, 0.000000e+00, 0.000000e+00, 0.000000e+00, 0.000000e+00, 0.000000e+00, 0.000000e+00, 0.000000e+00, 0.000000e+00
1.207547e-01, 0.000000e+00, 0.000000e+00, 0.000000e+00, 0.000000e+00, 0.000000e+00, 0.000000e+00, 0.000000e+00, 0.000000e+00, 0.000000e+00, 0.000000e+00, 0.000000e+00, 0.000000e+00, 0.000000e+00, 0.000000e+00, 0.000000e+00, 0.000000e+00, 0.000000e+00, 0.000000e+00, 0.000000e+00, 0.000000e+00, 0.000000e+00, 0.000000e+00, 0.000000e+00, 0.000000e+00, 0.000000e+00, 0.000000e+00, 0.000000e+00
1.217610e-01, 0.000000e+00, 0.000000e+00, 0.000000e+00, 0.000000e+00, 0.000000e+00, 0.000000e+00, 0.000000e+00, 0.000000e+00, 0.000000e+00, 0.000000e+00, 0.000000e+00, 0.000000e+00, 0.000000e+00, 0.000000e+00, 0.000000e+00, 0.000000e+00, 0.000000e+00, 0.000000e+00, 0.000000e+00, 0.000000e+00, 0.000000e+00, 0.000000e+00, 0.000000e+00, 0.000000e+00, 0.000000e+00, 0.000000e+00, 0.000000e+00
1.227673e-01, 0.000000e+00, 0.000000e+00, 0.000000e+00, 0.000000e+00, 0.000000e+00, 0.000000e+00, 0.000000e+00, 0.000000e+00, 0.000000e+00, 0.000000e+00, 0.000000e+00, 0.000000e+00, 0.000000e+00, 0.000000e+00, 0.000000e+00, 0.000000e+00, 0.000000e+00, 0.000000e+00, 0.000000e+00, 0.000000e+00, 0.000000e+00, 0.000000e+00, 0.000000e+00, 0.000000e+00, 0.000000e+00, 0.000000e+00, 0.000000e+00
1.237736e-01, 0.000000e+00, 0.000000e+00, 0.000000e+00, 0.000000e+00, 0.000000e+00, 0.000000e+00, 0.000000e+00, 0.000000e+00, 0.000000e+00, 0.000000e+00, 0.000000e+00, 0.000000e+00, 0.000000e+00, 0.000000e+00, 0.000000e+00, 0.000000e+00, 0.000000e+00, 0.000000e+00, 0.000000e+00, 0.000000e+00, 0.000000e+00, 0.000000e+00, 0.000000e+00, 0.000000e+00, 0.000000e+00, 0.000000e+00, 0.000000e+00
1.247799e-01, 0.000000e+00, 0.000000e+00, 0.000000e+00, 0.000000e+00, 0.000000e+00, 0.000000e+00, 0.000000e+00, 0.000000e+00, 0.000000e+00, 0.000000e+00, 0.000000e+00, 0.000000e+00, 0.000000e+00, 0.000000e+00, 0.000000e+00, 0.000000e+00, 0.000000e+00, 0.000000e+00, 0.000000e+00, 0.000000e+00, 0.000000e+00, 0.000000e+00, 0.000000e+00, 0.000000e+00, 0.000000e+00, 0.000000e+00, 0.000000e+00
1.257862e-01, 0.000000e+00, 0.000000e+00, 0.000000e+00, 0.000000e+00, 0.000000e+00, 0.000000e+00, 0.000000e+00, 0.000000e+00, 0.000000e+00, 0.000000e+00, 0.000000e+00, 0.000000e+00, 0.000000e+00, 0.000000e+00, 0.000000e+00, 0.000000e+00, 0.000000e+00, 0.000000e+00, 0.000000e+00, 0.000000e+00, 0.000000e+00, 0.000000e+00, 0.000000e+00, 0.000000e+00, 0.000000e+00, 0.000000e+00, 0.000000e+00
1.267925e-01, 0.000000e+00, 0.000000e+00, 0.000000e+00, 0.000000e+00, 0.000000e+00, 0.000000e+00, 0.000000e+00, 0.000000e+00, 0.000000e+00, 0.000000e+00, 0.000000e+00, 0.000000e+00, 0.000000e+00, 0.000000e+00, 0.000000e+00, 0.000000e+00, 0.000000e+00, 0.000000e+00, 0.000000e+00, 0.000000e+00, 0.000000e+00, 0.000000e+00, 0.000000e+00, 0.000000e+00, 0.000000e+00, 0.000000e+00, 0.000000e+00
1.277987e-01, 0.000000e+00, 0.000000e+00, 0.000000e+00, 0.000000e+00, 0.000000e+00, 0.000000e+00, 0.000000e+00, 0.000000e+00, 0.000000e+00, 0.000000e+00, 0.000000e+00, 0.000000e+00, 0.000000e+00, 0.000000e+00, 0.000000e+00, 0.000000e+00, 0.000000e+00, 0.000000e+00, 0.000000e+00, 0.000000e+00, 0.000000e+00, 0.000000e+00, 0.000000e+00, 0.000000e+00, 0.000000e+00, 0.000000e+00, 0.000000e+00
1.288050e-01, 0.000000e+00, 0.000000e+00, 0.000000e+00, 0.000000e+00, 0.000000e+00, 0.000000e+00, 0.000000e+00, 0.000000e+00, 0.000000e+00, 0.000000e+00, 0.000000e+00, 0.000000e+00, 0.000000e+00, 0.000000e+00, 0.000000e+00, 0.000000e+00, 0.000000e+00, 0.000000e+00, 0.000000e+00, 0.000000e+00, 0.000000e+00, 0.000000e+00, 0.000000e+00, 0.000000e+00, 0.000000e+00, 0.000000e+00, 0.000000e+00
1.298113e-01, 0.000000e+00, 0.000000e+00, 0.000000e+00, 0.000000e+00, 0.000000e+00, 0.000000e+00, 0.000000e+00, 0.000000e+00, 0.000000e+00, 0.000000e+00, 0.000000e+00, 0.000000e+00, 0.000000e+00, 0.000000e+00, 0.000000e+00, 0.000000e+00, 0.000000e+00, 0.000000e+00, 0.000000e+00, 0.000000e+00, 0.000000e+00, 0.000000e+00, 0.000000e+00, 0.000000e+00, 0.000000e+00, 0.000000e+00, 0.000000e+00
1.308176e-01, 0.000000e+00, 0.000000e+00, 0.000000e+00, 0.000000e+00, 0.000000e+00, 0.000000e+00, 0.000000e+00, 0.000000e+00, 0.000000e+00, 0.000000e+00, 0.000000e+00, 0.000000e+00, 0.000000e+00, 0.000000e+00, 0.000000e+00, 0.000000e+00, 0.000000e+00, 0.000000e+00, 0.000000e+00, 0.000000e+00, 0.000000e+00, 0.000000e+00, 0.000000e+00, 0.000000e+00, 0.000000e+00, 0.000000e+00, 0.000000e+00
1.318239e-01, 0.000000e+00, 0.000000e+00, 0.000000e+00, 0.000000e+00, 0.000000e+00, 0.000000e+00, 0.000000e+00, 0.000000e+00, 0.000000e+00, 0.000000e+00, 0.000000e+00, 0.000000e+00, 0.000000e+00, 0.000000e+00, 0.000000e+00, 0.000000e+00, 0.000000e+00, 0.000000e+00, 0.000000e+00, 0.000000e+00, 0.000000e+00, 0.000000e+00, 0.000000e+00, 0.000000e+00, 0.000000e+00, 0.000000e+00, 0.000000e+00
1.328302e-01, 0.000000e+00, 0.000000e+00, 0.000000e+00, 0.000000e+00, 0.000000e+00, 0.000000e+00, 0.000000e+00, 0.000000e+00, 0.000000e+00, 0.000000e+00, 0.000000e+00, 0.000000e+00, 0.000000e+00, 0.000000e+00, 0.000000e+00, 0.000000e+00, 0.000000e+00, 0.000000e+00, 0.000000e+00, 0.000000e+00, 0.000000e+00, 0.000000e+00, 0.000000e+00, 0.000000e+00, 0.000000e+00, 0.000000e+00, 0.000000e+00
1.338365e-01, 0.000000e+00, 0.000000e+00, 0.000000e+00, 0.000000e+00, 0.000000e+00, 0.000000e+00, 0.000000e+00, 0.000000e+00, 0.000000e+00, 0.000000e+00, 0.000000e+00, 0.000000e+00, 0.000000e+00, 0.000000e+00, 0.000000e+00, 0.000000e+00, 0.000000e+00, 0.000000e+00, 0.000000e+00, 0.000000e+00, 0.000000e+00, 0.000000e+00, 0.000000e+00, 0.000000e+00, 0.000000e+00, 0.000000e+00, 0.000000e+00
1.348428e-01, 0.000000e+00, 0.000000e+00, 0.000000e+00, 0.000000e+00, 0.000000e+00, 0.000000e+00, 0.000000e+00, 0.000000e+00, 0.000000e+00, 0.000000e+00, 0.000000e+00, 0.000000e+00, 0.000000e+00, 0.000000e+00, 0.000000e+00, 0.000000e+00, 0.000000e+00, 0.000000e+00, 0.000000e+00, 0.000000e+00, 0.000000e+00, 0.000000e+00, 0.000000e+00, 0.000000e+00, 0.000000e+00, 0.000000e+00, 0.000000e+00
1.358491e-01, 0.000000e+00, 0.000000e+00, 0.000000e+00, 0.000000e+00, 0.000000e+00, 0.000000e+00, 0.000000e+00, 0.000000e+00, 0.000000e+00, 0.000000e+00, 0.000000e+00, 0.000000e+00, 0.000000e+00, 0.000000e+00, 0.000000e+00, 0.000000e+00, 0.000000e+00, 0.000000e+00, 0.000000e+00, 0.000000e+00, 0.000000e+00, 0.000000e+00, 0.000000e+00, 0.000000e+00, 0.000000e+00, 0.000000e+00, 0.000000e+00
1.368553e-01, 0.000000e+00, 0.000000e+00, 0.000000e+00, 0.000000e+00, 0.000000e+00, 0.000000e+00, 0.000000e+00, 0.000000e+00, 0.000000e+00, 0.000000e+00, 0.000000e+00, 0.000000e+00, 0.000000e+00, 0.000000e+00, 0.000000e+00, 0.000000e+00, 0.000000e+00, 0.000000e+00, 0.000000e+00, 0.000000e+00, 0.000000e+00, 0.000000e+00, 0.000000e+00, 0.000000e+00, 0.000000e+00, 0.000000e+00, 0.000000e+00
1.378616e-01, 0.000000e+00, 0.000000e+00, 0.000000e+00, 0.000000e+00, 0.000000e+00, 0.000000e+00, 0.000000e+00, 0.000000e+00, 0.000000e+00, 0.000000e+00, 0.000000e+00, 0.000000e+00, 0.000000e+00, 0.000000e+00, 0.000000e+00, 0.000000e+00, 0.000000e+00, 0.000000e+00, 0.000000e+00, 0.000000e+00, 0.000000e+00, 0.000000e+00, 0.000000e+00, 0.000000e+00, 0.000000e+00, 0.000000e+00, 0.000000e+00
1.388679e-01, 0.000000e+00, 0.000000e+00, 0.000000e+00, 0.000000e+00, 0.000000e+00, 0.000000e+00, 0.000000e+00, 0.000000e+00, 0.000000e+00, 0.000000e+00, 0.000000e+00, 0.000000e+00, 0.000000e+00, 0.000000e+00, 0.000000e+00, 0.000000e+00, 0.000000e+00, 0.000000e+00, 0.000000e+00, 0.000000e+00, 0.000000e+00, 0.000000e+00, 0.000000e+00, 0.000000e+00, 0.000000e+00, 0.000000e+00, 0.000000e+00
1.398742e-01, 0.000000e+00, 0.000000e+00, 0.000000e+00, 0.000000e+00, 0.000000e+00, 0.000000e+00, 0.000000e+00, 0.000000e+00, 0.000000e+00, 0.000000e+00, 0.000000e+00, 0.000000e+00, 0.000000e+00, 0.000000e+00, 0.000000e+00, 0.000000e+00, 0.000000e+00, 0.000000e+00, 0.000000e+00, 0.000000e+00, 0.000000e+00, 0.000000e+00, 0.000000e+00, 0.000000e+00, 0.000000e+00, 0.000000e+00, 0.000000e+00
1.408805e-01, 0.000000e+00, 0.000000e+00, 0.000000e+00, 0.000000e+00, 0.000000e+00, 0.000000e+00, 0.000000e+00, 0.000000e+00, 0.000000e+00, 0.000000e+00, 0.000000e+00, 0.000000e+00, 0.000000e+00, 0.000000e+00, 0.000000e+00, 0.000000e+00, 0.000000e+00, 0.000000e+00, 0.000000e+00, 0.000000e+00, 0.000000e+00, 0.000000e+00, 0.000000e+00, 0.000000e+00, 0.000000e+00, 0.000000e+00, 0.000000e+00
1.418868e-01, 0.000000e+00, 0.000000e+00, 0.000000e+00, 0.000000e+00, 0.000000e+00, 0.000000e+00, 0.000000e+00, 0.000000e+00, 0.000000e+00, 0.000000e+00, 0.000000e+00, 0.000000e+00, 0.000000e+00, 0.000000e+00, 0.000000e+00, 0.000000e+00, 0.000000e+00, 0.000000e+00, 0.000000e+00, 0.000000e+00, 0.000000e+00, 0.000000e+00, 0.000000e+00, 0.000000e+00, 0.000000e+00, 0.000000e+00, 0.000000e+00
