1027, 1023, 609
6, 39, 4
691, 208, 859
105, 485, 1608
105, 1134, 485
48, 39, 6
1614, 1693, 1470
1614, 1574, 1693
1496, 1494, 1236
149, 229, 232
713, 714, 712
264, 180, 9
264, 9, 265
229, 233, 232
229, 230, 233
1730, 491, 1047
1049, 1730, 1047
317, 1705, 453
317, 453, 1398
628, 223, 1036
888, 262, 889
888, 577, 262
1221, 1587, 1231
574, 575, 157
572, 575, 574
1033, 1020, 1021
1135, 301, 1123
1135, 1115, 301
457, 1768, 109
163, 481, 1715
163, 479, 481
1137, 296, 367
258, 27, 256
257, 256, 27
22, 82, 117
170, 691, 715
40, 49, 28
578, 1655, 19
401, 750, 747
783, 401, 747
181, 88, 89
64, 181, 89
32, 75, 73
7, 73, 75
478, 159, 477
478, 472, 159
55, 58, 17
31, 58, 55
1668, 1782, 300
128, 1782, 1668
118, 117, 81
80, 46, 11
80, 79, 46
174, 862, 864
54, 136, 142
15, 230, 229
59, 257, 144
26, 47, 138
336, 1546, 1547
770, 773, 769
770, 78, 773
168, 50, 1577
56, 93, 182
91, 93, 56
63, 90, 56
1096, 1108, 1622
125, 475, 305
257, 23, 256
299, 128, 1827
299, 1782, 128
258, 29, 41
91, 90, 65
91, 56, 90
207, 858, 718
1, 329, 328
1731, 931, 930
48, 24, 39
48, 83, 24
348, 281, 1588
348, 1611, 281
83, 21, 24
187, 1416, 1415
1688, 1491, 19
857, 861, 858
818, 1384, 1385
90, 63, 7
75, 90, 7
153, 23, 257
1112, 1114, 302
7, 55, 17
73, 7, 17
901, 665, 225
901, 1679, 665
256, 89, 29
98, 266, 391
57, 391, 266
418, 1784, 710
553, 238, 237
47, 22, 53
37, 47, 53
24, 21, 49
24, 49, 42
404, 657, 658
656, 657, 404
769, 772, 340
1602, 166, 383
1594, 383, 166
556, 231, 588
47, 139, 138
53, 143, 27
142, 143, 53
53, 27, 37
463, 1730, 1049
972, 973, 1645
972, 525, 973
867, 866, 132
69, 120, 119
867, 720, 865
148, 11, 14
82, 11, 148
960, 962, 512
251, 30, 1692
251, 250, 30
429, 1800, 1720
1170, 1270, 1528
130, 97, 349
540, 1535, 991
100, 151, 18
96, 100, 18
1684, 976, 498
1587, 1221, 1222
1128, 880, 879
1128, 325, 880
183, 597, 123
14, 155, 149
14, 149, 148
468, 34, 469
468, 476, 34
31, 55, 63
589, 31, 63
120, 232, 121
69, 232, 120
1345, 1346, 1350
445, 1345, 1350
1565, 495, 951
942, 1565, 951
479, 434, 1798
859, 860, 133
1667, 1666, 295
1515, 222, 1813
648, 1515, 1813
1337, 1338, 1700
873, 586, 50
583, 566, 1618
224, 658, 657
661, 658, 224
12, 96, 18
560, 231, 559
75, 76, 65
60, 18, 129
150, 118, 81
88, 85, 84
88, 181, 85
152, 17, 58
152, 74, 17
1716, 175, 741
1716, 863, 175
391, 57, 289
391, 289, 243
101, 271, 366
563, 567, 115
564, 567, 563
738, 737, 263
1526, 1527, 212
1525, 1526, 212
1394, 1395, 446
1438, 1437, 311
1581, 1438, 311
1764, 580, 581
13, 181, 182
13, 85, 181
249, 12, 60
249, 248, 12
1242, 1493, 1239
1165, 1242, 1239
349, 347, 348
558, 94, 557
556, 558, 557
11, 46, 140
122, 1006, 1004
247, 98, 242
242, 96, 247
12, 247, 96
62, 249, 250
250, 249, 30
62, 74, 152
62, 250, 74
250, 2, 74
1037, 236, 1562
209, 1026, 1767
183, 122, 304
1627, 304, 122
251, 252, 2
784, 411, 783
784, 785, 411
139, 41, 48
1446, 1584, 1722
624, 625, 219
627, 219, 625
45, 138, 6
6, 4, 45
694, 733, 696
197, 694, 696
784, 175, 863
784, 863, 719
1522, 1709, 386
572, 571, 51
345, 739, 740
741, 345, 740
575, 10, 581
573, 10, 575
749, 261, 748
732, 748, 261
714, 189, 722
589, 56, 64
589, 63, 56
248, 180, 247
264, 247, 180
1111, 1080, 836
283, 1131, 1130
1132, 1130, 1131
247, 264, 98
266, 98, 264
660, 1045, 486
660, 487, 1045
577, 1748, 749
261, 749, 1748
1355, 1344, 1161
997, 542, 995
274, 245, 291
273, 274, 291
97, 346, 347
1740, 293, 1828
1665, 338, 1675
1137, 1136, 1138
25, 274, 273
270, 25, 273
241, 477, 159
1497, 1533, 351
1497, 420, 1533
884, 537, 215
274, 275, 245
809, 810, 416
778, 78, 761
100, 346, 97
100, 268, 346
268, 101, 346
268, 270, 101
1037, 1628, 236
1037, 125, 1628
1610, 469, 281
886, 99, 887
347, 38, 348
685, 734, 686
421, 420, 201
421, 1533, 420
599, 600, 204
350, 606, 607
1553, 1552, 225
904, 903, 1552
201, 677, 669
1013, 674, 214
393, 672, 676
397, 801, 800
405, 656, 655
405, 657, 656
789, 400, 751
579, 1675, 338
1648, 824, 829
1648, 1746, 824
670, 394, 671
1427, 881, 1745
1426, 1427, 1745
1596, 1760, 384
218, 678, 642
1663, 778, 146
665, 664, 225
137, 8, 365
303, 8, 137
8, 136, 365
365, 136, 134
134, 135, 365
134, 5, 135
61, 211, 129
60, 129, 211
1535, 590, 991
1671, 1667, 295
651, 1656, 1785
1487, 1489, 1488
1430, 1489, 1487
1702, 1253, 1173
1609, 1608, 280
1294, 1224, 1316
1294, 1316, 1604
1491, 578, 19
662, 1690, 408
373, 1603, 1575
1254, 1318, 1320
158, 473, 475
158, 474, 473
1822, 426, 1821
428, 1822, 1821
98, 391, 242
1823, 823, 1682
1557, 1050, 1055
46, 40, 140
46, 42, 40
64, 182, 181
64, 56, 182
405, 660, 763
405, 659, 660
257, 27, 144
305, 306, 126
305, 71, 306
759, 761, 697
87, 88, 84
548, 996, 1746
789, 751, 401
788, 789, 401
1324, 1326, 1325
1074, 1145, 591
1207, 1208, 1550
487, 1048, 1047
37, 139, 47
1660, 16, 871
22, 80, 82
80, 11, 82
231, 555, 559
231, 556, 555
90, 75, 65
26, 79, 80
22, 26, 80
22, 47, 26
656, 1515, 1630
656, 404, 1515
94, 252, 251
857, 785, 784
26, 45, 79
62, 180, 248
62, 248, 249
698, 779, 695
698, 179, 779
803, 804, 397
1805, 1804, 272
1805, 272, 1652
1002, 536, 933
1099, 1830, 1762
1761, 1211, 1753
247, 12, 248
780, 164, 1822
730, 724, 725
878, 879, 326
351, 600, 599
351, 1534, 600
1588, 281, 1589
1733, 1695, 1574
368, 154, 1756
367, 154, 368
1660, 877, 16
1518, 316, 1517
1563, 1562, 236
36, 1562, 1563
1628, 1629, 70
1508, 1509, 380
1798, 1797, 435
1798, 434, 1797
1766, 1477, 1472
1584, 1583, 319
438, 1583, 1584
1447, 310, 1417
782, 1, 76
1353, 1352, 320
1244, 1245, 893
1250, 893, 1245
600, 1534, 352
1308, 1568, 1816
1797, 1596, 435
1593, 435, 1596
2, 782, 32
1195, 1245, 1244
1291, 1195, 1244
1126, 1127, 325
1126, 325, 1128
1151, 1152, 534
1378, 1379, 820
1414, 1413, 1423
186, 1414, 1423
1346, 1347, 439
1350, 1346, 439
1156, 1452, 1451
1373, 318, 1372
1154, 1373, 1372
1256, 1313, 1484
1340, 1163, 1342
1339, 1340, 1342
590, 543, 1769
770, 769, 342
1402, 1401, 1403
904, 508, 905
1074, 594, 1145
1632, 594, 1074
321, 1464, 1463
1397, 1401, 454
645, 1035, 354
645, 354, 604
1443, 1175, 1325
1148, 594, 1149
1167, 1188, 1657
1336, 1334, 447
1336, 1393, 1334
1396, 453, 1809
826, 846, 853
1643, 1414, 186
465, 376, 458
375, 465, 458
1359, 1360, 1387
451, 1359, 1387
1444, 1443, 1168
1444, 1174, 1443
1125, 1132, 102
1125, 102, 1138
22, 117, 141
1061, 1060, 843
178, 371, 1747
1431, 1007, 881
162, 485, 484
533, 1598, 852
1724, 1599, 992
1779, 992, 1599
1769, 821, 995
544, 1769, 995
1760, 1759, 425
1760, 426, 1759
1409, 324, 1407
1802, 821, 1769
32, 76, 75
32, 782, 76
548, 1746, 1648
528, 978, 1684
939, 528, 1684
1638, 1590, 415
1638, 1706, 1590
894, 1761, 1210
65, 76, 330
39, 24, 42
330, 76, 328
808, 416, 807
1139, 1010, 292
1139, 292, 1142
1249, 1289, 1295
296, 104, 1740
296, 1144, 104
76, 1, 328
187, 1419, 1416
1273, 1236, 1259
84, 85, 20
1573, 1733, 1471
304, 1627, 125
1627, 1628, 125
84, 20, 21
1546, 1545, 171
1546, 146, 1545
177, 116, 13
1654, 177, 13
376, 465, 466
376, 466, 1676
760, 44, 762
760, 758, 44
1192, 1165, 1189
1417, 1415, 1416
1440, 1354, 1016
722, 189, 717
1714, 61, 129
633, 1737, 1736
1648, 1647, 548
826, 1647, 1648
757, 197, 696
757, 699, 197
746, 262, 745
766, 262, 746
184, 1113, 1118
1645, 973, 996
655, 217, 654
655, 1630, 217
474, 159, 473
474, 241, 159
124, 554, 553
1525, 553, 554
277, 278, 0
277, 244, 278
187, 1412, 502
187, 502, 1507
839, 1105, 1762
368, 108, 370
282, 1131, 1134
102, 1131, 282
883, 266, 265
883, 265, 423
241, 34, 477
241, 1589, 34
274, 288, 275
274, 25, 288
269, 243, 25
288, 25, 243
275, 244, 277
275, 288, 244
289, 288, 243
244, 288, 289
33, 243, 269
289, 57, 290
242, 243, 33
96, 242, 33
1674, 306, 71
244, 289, 290
244, 290, 278
1146, 590, 1535
367, 370, 285
367, 368, 370
107, 1128, 879
1580, 387, 436
1579, 387, 1580
1170, 1528, 1298
1024, 1018, 610
365, 1742, 137
365, 135, 1742
295, 1670, 1671
1670, 390, 1671
1480, 1440, 1016
294, 1666, 1667
1124, 1123, 1122
301, 1122, 1123
469, 280, 1012
1609, 280, 469
346, 101, 347
1002, 847, 536
279, 1611, 552
1743, 409, 897
510, 409, 1743
485, 283, 484
99, 349, 348
1145, 594, 1147
1425, 1424, 327
1426, 1425, 327
349, 97, 347
1532, 299, 298
880, 1745, 326
123, 299, 1532
278, 145, 303
278, 290, 145
336, 146, 1546
336, 1663, 146
1627, 1629, 1628
677, 412, 395
799, 194, 800
811, 794, 398
1731, 1050, 641
492, 1042, 1043
644, 608, 1032
644, 1032, 607
732, 1544, 1543
866, 1544, 732
1591, 1120, 482
652, 925, 924
652, 909, 925
624, 219, 653
653, 605, 624
151, 129, 18
151, 1714, 129
1737, 223, 1754
463, 1050, 1731
1019, 1018, 1036
659, 654, 635
659, 655, 654
1516, 1051, 358
1516, 489, 1051
1054, 487, 660
315, 425, 427
1759, 427, 425
1041, 363, 1044
491, 1041, 1044
780, 1520, 164
662, 663, 661
661, 407, 422
658, 661, 422
684, 663, 664
1556, 409, 510
933, 934, 522
508, 1556, 905
681, 410, 683
1556, 508, 1555
392, 629, 667
667, 629, 352
615, 614, 227
668, 667, 421
675, 616, 227
615, 227, 616
392, 675, 629
392, 672, 675
670, 392, 668
669, 670, 668
394, 670, 669
1640, 1639, 396
628, 1036, 612
1035, 628, 612
683, 665, 361
676, 646, 393
226, 671, 673
538, 994, 1001
538, 1014, 994
400, 798, 751
806, 751, 798
1092, 1687, 1708
645, 604, 653
1554, 664, 408
1053, 1554, 408
904, 1552, 508
201, 412, 677
643, 611, 210
678, 360, 642
1568, 1567, 1569
681, 683, 361
619, 360, 678
619, 618, 360
631, 628, 1551
1273, 1735, 1236
892, 1735, 1273
1113, 1683, 501
685, 598, 350
998, 533, 1153
842, 998, 1153
1059, 1058, 357
1057, 357, 1058
407, 682, 422
911, 1014, 538
911, 974, 1014
488, 1048, 1051
662, 224, 764
857, 719, 861
725, 1032, 1031
725, 193, 1032
187, 1507, 1419
561, 95, 588
1687, 1092, 1830
1099, 1687, 1830
1682, 496, 821
1657, 1241, 1167
1657, 1190, 1241
823, 496, 1682
690, 196, 691
350, 734, 685
207, 718, 716
534, 841, 1151
869, 870, 259
1303, 1459, 1268
1303, 1269, 1459
709, 688, 689
709, 191, 688
190, 692, 711
190, 693, 692
1052, 506, 1053
93, 92, 1654
1038, 92, 93
276, 1644, 1781
715, 207, 716
176, 762, 1792
1802, 543, 1147
1802, 1147, 822
703, 765, 344
705, 703, 344
763, 224, 657
763, 657, 405
698, 699, 700
698, 197, 699
1800, 1801, 165
345, 752, 753
706, 779, 179
706, 179, 705
198, 700, 699
198, 701, 700
1031, 608, 1030
1032, 608, 1031
1718, 1098, 1680
1094, 1718, 1680
179, 700, 702
179, 698, 700
1636, 413, 1638
705, 344, 707
706, 705, 707
1719, 1094, 1095
1098, 1719, 1095
1177, 1207, 1550
1206, 1207, 1177
703, 705, 702
179, 702, 705
1509, 381, 1490
1785, 194, 796
651, 1785, 796
145, 290, 883
57, 883, 290
192, 709, 689
192, 689, 690
710, 709, 708
192, 708, 709
1118, 1113, 308
1498, 1118, 308
287, 1118, 1498
1113, 501, 308
1126, 287, 1498
347, 366, 38
762, 188, 1792
44, 188, 762
146, 759, 1545
146, 761, 759
659, 358, 660
711, 712, 190
711, 713, 712
842, 1151, 843
873, 259, 872
713, 715, 716
189, 713, 716
702, 701, 343
208, 860, 859
203, 731, 685
203, 685, 686
722, 717, 723
189, 716, 717
702, 343, 703
173, 890, 723
169, 723, 890
196, 724, 730
196, 687, 724
776, 341, 767
340, 776, 767
867, 865, 866
736, 147, 737
169, 722, 723
735, 147, 736
686, 724, 687
203, 686, 687
293, 1740, 1803
414, 1706, 1707
1781, 293, 1803
1781, 1803, 276
731, 598, 685
731, 504, 598
706, 1717, 199
1066, 540, 1724
992, 1066, 1724
808, 809, 416
1031, 726, 725
773, 814, 339
176, 1792, 1791
252, 94, 1721
155, 856, 113
1041, 491, 1042
188, 712, 714
733, 712, 188
733, 190, 712
694, 190, 733
343, 701, 735
780, 878, 326
723, 717, 720
341, 889, 767
9, 58, 812
9, 152, 58
609, 1026, 1029
343, 735, 736
772, 773, 339
343, 736, 704
735, 768, 147
342, 768, 735
736, 738, 704
728, 786, 727
739, 3, 738
704, 738, 3
1611, 38, 552
869, 260, 870
753, 3, 739
345, 753, 739
740, 739, 263
738, 263, 739
299, 1564, 1782
761, 78, 771
740, 263, 744
743, 740, 744
1719, 1098, 1718
1094, 1719, 1718
747, 345, 741
175, 747, 741
750, 752, 345
747, 750, 345
772, 339, 775
857, 858, 133
650, 1656, 1729
221, 1729, 1656
786, 411, 785
756, 1749, 810
756, 810, 200
401, 751, 750
797, 651, 796
797, 220, 651
417, 753, 752
754, 753, 417
751, 417, 752
750, 751, 752
147, 766, 737
1600, 849, 1071
727, 785, 133
860, 727, 133
754, 755, 3
754, 3, 753
347, 101, 366
759, 758, 760
759, 697, 758
1419, 1507, 380
1419, 380, 1430
278, 303, 1531
701, 198, 777
146, 778, 761
1412, 187, 1411
1253, 1702, 1248
1611, 1610, 281
1659, 480, 483
363, 1041, 1040
1052, 363, 1040
763, 764, 224
763, 486, 764
763, 660, 486
506, 1052, 1040
344, 765, 755
872, 259, 870
872, 871, 131
533, 998, 1598
771, 78, 770
774, 78, 778
773, 78, 774
1610, 1609, 469
429, 1801, 1800
711, 170, 713
772, 775, 340
316, 430, 1765
316, 436, 430
775, 776, 340
1332, 1400, 1166
1625, 1294, 1536
199, 779, 706
1789, 390, 377
1789, 178, 390
29, 87, 41
87, 83, 41
41, 83, 48
648, 1630, 1515
29, 88, 87
1432, 1431, 1428
816, 1449, 1450
2, 252, 782
727, 786, 785
411, 786, 787
728, 195, 787
790, 789, 788
195, 790, 788
790, 400, 789
411, 787, 788
787, 195, 788
223, 1019, 1036
354, 1034, 611
603, 354, 611
1017, 1034, 612
1017, 612, 1018
672, 670, 671
356, 1059, 625
694, 1530, 693
190, 694, 693
694, 695, 1530
1041, 1042, 492
1040, 1041, 492
1042, 922, 359
1043, 1042, 359
1729, 1808, 650
1045, 363, 1046
1045, 1044, 363
486, 1045, 1046
1055, 489, 1056
463, 1731, 930
487, 1047, 1044
487, 1044, 1045
1052, 505, 1046
363, 1052, 1046
1054, 660, 358
1051, 1054, 358
302, 1699, 388
1732, 388, 1699
1050, 1049, 488
1586, 70, 1005
1586, 235, 70
903, 225, 1552
545, 1823, 1148
822, 1148, 1823
505, 1052, 1053
1048, 487, 1054
1050, 488, 1055
1056, 489, 1057
680, 218, 682
216, 1055, 1056
549, 1084, 1071
1298, 1560, 1222
1170, 1298, 1222
1056, 1057, 1058
913, 915, 362
640, 1502, 913
1500, 1502, 640
1058, 1059, 626
679, 218, 680
679, 678, 218
854, 626, 356
1059, 356, 626
1536, 1225, 1311
535, 1642, 942
1102, 1101, 1100
1214, 1542, 1213
1063, 1066, 992
1073, 591, 1072
1097, 845, 1087
1066, 1067, 540
1068, 540, 1067
571, 572, 574
1065, 595, 1063
1063, 595, 1066
1067, 1066, 595
374, 1789, 1691
171, 1545, 1780
1548, 1780, 1549
1548, 171, 1780
1068, 1067, 593
1068, 593, 1072
1065, 1070, 595
1065, 549, 1070
1029, 1026, 209
500, 255, 1683
833, 549, 1065
1081, 539, 1075
1072, 1075, 1073
1072, 593, 1075
1146, 543, 590
1306, 1223, 1570
1311, 1228, 1538
1537, 1311, 1538
450, 1807, 1329
1109, 840, 1078
1091, 1079, 1090
839, 1104, 1105
1681, 731, 203
1681, 503, 731
1080, 539, 836
1073, 539, 1080
1080, 592, 1074
1073, 1080, 1074
1110, 1086, 835
1085, 835, 1086
1089, 838, 1088
1091, 1089, 845
1086, 1087, 845
592, 1111, 834
1103, 833, 1064
1088, 1071, 1084
1088, 1084, 1085
1109, 1078, 837
840, 1082, 1081
840, 1081, 1083
1094, 1096, 1095
1238, 1176, 1623
1623, 1620, 1238
896, 1620, 1623
1623, 1176, 1186
835, 1084, 1100
1228, 1248, 1726
1253, 1248, 1228
832, 1086, 1110
1100, 1084, 549
1089, 1085, 845
1091, 1092, 1079
1091, 1097, 1092
836, 1082, 1106
1104, 1109, 1105
833, 1102, 1100
833, 1100, 549
831, 1102, 1103
1029, 1030, 608
1661, 307, 471
1661, 1763, 307
184, 1114, 1112
1116, 1114, 184
831, 1101, 1102
833, 1103, 1102
1689, 1763, 389
1689, 127, 1763
1096, 1099, 1108
1104, 839, 1106
1106, 839, 1107
832, 1107, 1087
1086, 832, 1087
1082, 1104, 1106
1104, 840, 1109
836, 1106, 1107
1105, 837, 1108
1090, 1089, 1091
1640, 395, 1639
1029, 209, 1030
1707, 413, 1637
205, 1707, 1637
350, 607, 734
592, 1080, 1111
1131, 102, 1132
286, 1117, 1119
286, 1119, 1120
500, 302, 388
1112, 302, 500
844, 541, 1064
1129, 1130, 284
1133, 1130, 1129
322, 1479, 1402
373, 1602, 1603
1746, 823, 824
287, 1117, 1118
287, 1119, 1117
1786, 1803, 1143
184, 1118, 1117
286, 1124, 1122
1120, 1124, 286
1129, 284, 1124
1123, 1124, 284
1121, 1119, 287
1626, 1721, 253
1117, 1122, 1116
1117, 286, 1122
1116, 301, 1114
1122, 301, 1116
1128, 1121, 1126
107, 1121, 1128
102, 282, 1010
102, 1010, 1139
1135, 1136, 285
1130, 1132, 284
1125, 284, 1132
464, 1499, 620
637, 1499, 464
1413, 1411, 1410
1655, 579, 338
1124, 1120, 1129
110, 1129, 1120
1133, 283, 1130
297, 1137, 1138
1125, 1138, 1136
1123, 1136, 1135
1123, 1125, 1136
110, 1133, 1129
484, 1133, 110
1612, 1688, 19
329, 1688, 1612
1656, 1021, 221
1134, 283, 485
1131, 283, 1134
1140, 1141, 482
107, 882, 1141
107, 1141, 1140
284, 1125, 1123
297, 1138, 1139
102, 1139, 1138
1108, 837, 1622
1140, 482, 1120
1140, 1120, 1119
1119, 1121, 1140
1721, 1696, 253
996, 823, 1746
996, 496, 823
336, 92, 335
336, 1653, 92
245, 292, 291
245, 1143, 292
292, 103, 291
1680, 1687, 1099
1096, 1680, 1099
1787, 1603, 383
1787, 382, 1603
292, 1143, 1142
822, 1147, 1148
271, 1686, 366
844, 1061, 843
1064, 1062, 1061
547, 1062, 1063
1146, 591, 1145
1147, 543, 1146
1145, 1147, 1146
1803, 104, 1143
1095, 1093, 1079
1095, 1622, 1093
1622, 837, 1093
1150, 680, 407
1147, 594, 1148
1150, 684, 410
1150, 663, 684
921, 930, 531
410, 680, 1150
410, 679, 680
663, 1150, 407
663, 407, 661
1801, 1821, 165
1167, 1189, 1188
1762, 1105, 1108
745, 748, 43
1543, 43, 748
894, 1207, 1540
1237, 1540, 1207
1267, 1230, 1266
1270, 1230, 1267
815, 1417, 1420
1447, 1417, 815
1247, 1252, 1196
1246, 1247, 1196
1495, 1162, 1363
1163, 1495, 1363
318, 1399, 1015
1481, 318, 1015
1341, 1239, 448
1191, 1239, 1341
1275, 1208, 1210
1172, 1286, 1285
1207, 894, 1208
1311, 1310, 1323
1311, 1225, 1310
1313, 1280, 1484
1191, 1165, 1239
1260, 1173, 1264
1387, 1159, 1376
1160, 1387, 1376
440, 1435, 1436
1395, 1394, 1335
895, 1204, 1190
895, 1205, 1204
1186, 1187, 1169
1237, 1207, 1206
1374, 1361, 1157
1624, 327, 1424
503, 1783, 1707
414, 1707, 1783
1264, 1261, 1260
1201, 1261, 1264
1366, 1214, 1156
1366, 1365, 1214
1205, 1179, 1204
1205, 1215, 1179
1283, 1257, 1197
1233, 1171, 1234
1233, 1227, 1171
1251, 1278, 1197
1217, 1277, 1178
1276, 1178, 1277
1292, 1293, 1295
1320, 1321, 1254
1296, 1297, 1185
1367, 1372, 1155
1371, 1155, 1372
317, 1398, 1337
1332, 1168, 1400
1332, 1444, 1168
1302, 1304, 1299
1167, 1192, 1189
1274, 1273, 1199
1511, 464, 1510
504, 205, 1497
583, 1703, 566
1234, 1240, 1180
1234, 1180, 1233
452, 1189, 1191
1219, 1198, 1263
1278, 1198, 1219
816, 1450, 312
1308, 1567, 1568
1495, 448, 1494
1495, 1494, 1496
1245, 1196, 1250
1251, 1250, 1196
1276, 1219, 1263
1232, 1231, 1183
1292, 1284, 1183
1167, 1194, 1192
1167, 1241, 1194
1181, 1284, 1285
1739, 619, 361
681, 361, 619
1176, 1206, 1282
1176, 1237, 1206
1283, 1209, 1274
1199, 1283, 1274
1326, 1168, 1325
1244, 893, 1243
1193, 1244, 1243
1205, 1206, 1177
1169, 1187, 1188
1284, 1232, 1183
1551, 628, 627
1208, 894, 1210
332, 228, 1658
1210, 1212, 892
1169, 1324, 1325
1364, 460, 1365
1403, 1401, 456
827, 1621, 825
246, 1432, 1433
820, 1380, 1399
1379, 1380, 820
1177, 1216, 1215
630, 1551, 627
1215, 1277, 1217
1179, 1215, 1217
1632, 1777, 830
1776, 830, 1777
1227, 1179, 1217
1233, 1179, 1227
1358, 1235, 1212
1204, 1233, 1180
1204, 1179, 1233
1218, 1217, 1178
1227, 1217, 1218
1253, 1255, 1173
1261, 1201, 1262
1243, 1258, 1200
1242, 1243, 1200
1268, 1202, 1319
1199, 1257, 1283
1218, 1220, 1227
1171, 1227, 1220
1263, 1178, 1276
1203, 1218, 1229
1220, 1218, 1203
1215, 1216, 1277
1220, 1221, 1231
1220, 1203, 1221
1171, 1231, 1232
1171, 1220, 1231
1262, 1201, 1229
1218, 1178, 1229
1262, 1229, 1178
1762, 1107, 839
1762, 1087, 1107
1493, 1494, 448
1239, 1493, 448
1529, 1039, 898
1190, 1180, 1241
1190, 1204, 1180
1161, 1344, 1757
1343, 1757, 1344
1458, 1243, 1242
647, 1736, 632
1246, 1196, 1245
1195, 1246, 1245
1297, 1249, 1185
1258, 1259, 1200
1199, 1259, 1258
138, 48, 6
138, 139, 48
503, 504, 731
503, 205, 504
143, 142, 136
83, 84, 21
83, 87, 84
1525, 212, 553
1396, 1809, 321
717, 718, 174
717, 716, 718
195, 728, 1767
118, 141, 117
118, 54, 141
37, 41, 139
37, 258, 41
140, 40, 28
112, 140, 28
256, 29, 258
445, 1700, 1338
258, 37, 27
73, 17, 74
73, 74, 32
74, 2, 32
1532, 1531, 137
1742, 1532, 137
377, 390, 1689
862, 719, 863
898, 492, 1043
1039, 492, 898
432, 1521, 1755
172, 874, 50
1242, 1200, 1493
1533, 421, 1534
350, 599, 606
351, 1533, 1534
675, 227, 629
213, 1692, 30
473, 159, 472
473, 472, 71
307, 71, 472
307, 1674, 71
432, 1517, 1521
1420, 313, 1421
1677, 1421, 313
491, 922, 1042
1730, 922, 491
673, 394, 674
1013, 673, 674
111, 470, 466
467, 466, 160
470, 160, 466
111, 389, 470
111, 377, 389
428, 1821, 1801
160, 478, 476
160, 471, 478
7, 63, 55
1800, 165, 1797
468, 467, 476
160, 476, 467
471, 472, 478
471, 307, 472
300, 1564, 1672
479, 163, 434
285, 1115, 1135
285, 370, 1115
484, 283, 1133
46, 4, 42
239, 886, 887
1429, 1428, 324
1429, 1432, 1428
1061, 1062, 547
1519, 1521, 1517
372, 178, 374
372, 371, 178
1498, 308, 1643
1127, 1498, 1643
1015, 818, 1385
1380, 818, 1015
124, 237, 235
124, 553, 237
1006, 135, 5
201, 669, 668
677, 394, 669
677, 674, 394
393, 616, 675
497, 967, 966
353, 604, 602
1309, 1570, 1307
1309, 1307, 1605
899, 1043, 359
898, 1043, 899
905, 1556, 510
441, 1518, 1566
965, 963, 964
852, 985, 532
851, 852, 532
1075, 539, 1073
987, 529, 985
982, 529, 987
1260, 1261, 1198
821, 997, 995
821, 496, 997
255, 388, 379
500, 388, 255
1112, 1113, 184
500, 1113, 1112
1134, 1805, 282
105, 1805, 1134
297, 1142, 1144
297, 1139, 1142
317, 1700, 1351
689, 687, 196
689, 688, 687
533, 850, 1153
488, 1049, 1048
755, 704, 3
755, 765, 704
1398, 453, 1392
584, 585, 1752
917, 652, 923
917, 923, 364
944, 941, 940
944, 940, 519
920, 921, 531
987, 985, 526
940, 937, 938
940, 520, 937
1598, 998, 1599
1598, 1599, 546
951, 535, 942
1786, 276, 1803
1078, 840, 1083
362, 915, 1512
902, 362, 1512
982, 981, 529
963, 962, 514
1476, 1467, 1223
1568, 1223, 1467
975, 514, 961
986, 975, 961
1059, 357, 625
623, 622, 356
623, 621, 622
207, 691, 859
919, 950, 920
987, 988, 542
987, 526, 988
934, 933, 935
520, 934, 935
524, 977, 976
985, 529, 984
532, 985, 984
788, 401, 783
411, 788, 783
950, 952, 535
1513, 1514, 404
1048, 1049, 1047
1078, 1083, 1077
838, 1078, 1077
784, 783, 175
747, 175, 783
937, 943, 521
937, 936, 943
983, 528, 939
521, 983, 939
922, 921, 359
517, 847, 1002
1317, 1606, 1567
922, 930, 921
1050, 1557, 641
968, 497, 970
639, 461, 637
639, 1558, 461
901, 666, 1679
652, 924, 923
1714, 239, 61
1149, 545, 1148
828, 545, 1149
966, 977, 524
402, 673, 1013
1549, 1791, 172
1549, 176, 1791
515, 965, 964
834, 1777, 592
831, 1777, 834
1074, 592, 1632
1777, 1632, 592
1070, 849, 1069
989, 544, 988
995, 988, 544
838, 1090, 1078
838, 1089, 1090
958, 523, 953
945, 953, 523
1101, 835, 1100
1062, 1065, 1063
591, 1068, 1072
549, 1071, 1070
1685, 743, 43
744, 43, 743
1463, 1566, 432
640, 917, 918
638, 1504, 1505
224, 662, 661
968, 970, 974
348, 38, 1611
303, 1741, 8
1269, 1299, 1528
117, 82, 81
232, 233, 121
233, 234, 121
230, 124, 234
230, 554, 124
230, 234, 233
230, 559, 554
555, 554, 559
1247, 1702, 1173
148, 81, 82
148, 150, 81
148, 149, 150
556, 68, 555
556, 557, 68
15, 562, 560
1456, 1446, 1722
444, 1456, 1722
562, 115, 561
1734, 627, 628
1734, 219, 627
571, 156, 568
855, 856, 112
855, 113, 856
562, 563, 115
113, 563, 562
377, 1689, 389
1695, 1694, 1574
1695, 1619, 1694
1735, 1235, 1496
906, 509, 907
1439, 424, 1810
564, 565, 567
114, 565, 564
565, 51, 567
569, 95, 561
569, 561, 115
89, 23, 64
589, 64, 23
568, 115, 567
569, 115, 568
14, 112, 856
14, 11, 112
11, 140, 112
569, 568, 156
572, 573, 575
566, 573, 572
865, 174, 864
720, 174, 865
744, 745, 43
746, 745, 744
263, 746, 744
737, 746, 263
116, 1492, 85
116, 85, 13
1544, 866, 721
574, 578, 156
574, 156, 571
582, 10, 577
576, 577, 10
157, 581, 580
157, 575, 581
157, 578, 574
157, 579, 578
556, 588, 95
558, 556, 95
259, 873, 874
231, 560, 561
231, 561, 588
562, 561, 560
1712, 1370, 459
1370, 1483, 459
1482, 1483, 1370
1085, 1084, 835
1826, 294, 1667
1608, 485, 1607
397, 1640, 396
1608, 1607, 280
1565, 934, 941
300, 1672, 1669
335, 1663, 336
335, 333, 1663
730, 725, 208
1564, 126, 1672
598, 599, 350
598, 351, 599
601, 204, 600
352, 601, 600
707, 756, 200
642, 393, 646
642, 616, 393
601, 602, 204
209, 726, 1030
603, 204, 602
668, 392, 667
684, 683, 410
334, 92, 1038
1626, 252, 1721
603, 606, 204
908, 884, 215
700, 701, 702
207, 859, 858
1789, 374, 178
643, 644, 607
726, 727, 860
874, 873, 50
173, 867, 868
357, 630, 627
607, 193, 734
607, 1032, 193
1126, 1498, 1127
421, 201, 668
634, 490, 630
393, 675, 672
690, 689, 196
909, 910, 926
925, 909, 926
353, 601, 613
601, 352, 613
629, 613, 352
1426, 1745, 880
1076, 1081, 1075
130, 886, 239
1508, 255, 1509
866, 865, 721
918, 364, 919
918, 917, 364
602, 354, 603
355, 621, 623
617, 621, 355
923, 932, 550
923, 924, 932
617, 618, 621
360, 618, 617
412, 201, 420
355, 623, 605
624, 605, 623
999, 215, 1000
999, 910, 215
621, 267, 622
618, 267, 621
1472, 1814, 1815
357, 627, 625
356, 624, 623
625, 624, 356
603, 611, 643
606, 603, 643
607, 606, 643
1770, 112, 28
1770, 114, 112
407, 680, 682
1158, 1359, 1753
551, 793, 792
659, 405, 655
914, 909, 652
1047, 491, 1044
800, 398, 799
801, 398, 800
404, 1514, 1515
1051, 1048, 1054
295, 1668, 1669
1559, 461, 1558
218, 642, 646
855, 114, 564
1814, 1470, 1619
653, 604, 605
120, 1004, 5
1815, 1572, 1308
42, 4, 39
1650, 882, 879
107, 879, 882
389, 1763, 1661
915, 1505, 1511
638, 1505, 915
31, 23, 153
31, 153, 58
1315, 1697, 1468
26, 138, 45
1616, 52, 1576
298, 1827, 1781
270, 273, 271
101, 270, 271
33, 268, 100
33, 269, 268
229, 155, 15
229, 149, 155
728, 787, 786
1783, 503, 1681
1749, 416, 810
1711, 334, 1038
35, 334, 1711
1829, 136, 8
12, 18, 60
1573, 1695, 1733
1573, 1619, 1695
23, 89, 256
1753, 1359, 1212
1161, 1357, 1356
1362, 1158, 1753
1588, 1589, 241
754, 416, 1749
1250, 1257, 893
584, 72, 1576
770, 777, 771
1350, 439, 1456
1351, 1350, 1456
971, 1645, 996
384, 425, 1595
384, 1760, 425
1427, 1431, 881
1455, 1353, 320
368, 1756, 1747
29, 89, 88
1748, 877, 261
876, 261, 877
1614, 1733, 1574
1410, 1411, 310
1415, 310, 1411
22, 141, 53
1820, 507, 1053
506, 1820, 1053
1595, 385, 1788
355, 605, 614
615, 355, 614
1351, 445, 1350
1351, 1700, 445
613, 614, 353
227, 614, 613
629, 227, 613
1301, 1796, 1766
794, 799, 398
794, 795, 799
220, 1033, 651
376, 457, 458
376, 1768, 457
736, 737, 738
794, 798, 400
794, 811, 798
1077, 849, 1600
1077, 1076, 849
218, 406, 682
805, 1013, 214
1144, 296, 1137
297, 1144, 1137
663, 662, 408
202, 807, 806
202, 808, 807
673, 671, 394
1008, 1755, 1007
246, 1008, 1007
488, 1051, 489
1055, 488, 489
1774, 226, 673
168, 172, 50
168, 1549, 172
410, 681, 679
366, 552, 38
651, 1033, 1021
651, 1021, 1656
1341, 448, 1340
1499, 267, 620
423, 265, 59
423, 59, 144
469, 1589, 281
469, 34, 1589
44, 696, 733
44, 733, 188
634, 357, 1057
216, 1559, 1558
1668, 300, 1669
672, 392, 670
28, 49, 1616
843, 1151, 841
878, 428, 1801
878, 1801, 1650
1068, 1535, 540
693, 192, 692
693, 708, 192
132, 866, 732
77, 1612, 1664
1815, 1473, 1572
1706, 413, 1707
758, 696, 44
758, 757, 696
707, 344, 756
806, 807, 417
806, 417, 751
1451, 1174, 1444
1451, 1452, 1174
791, 1208, 1209
540, 991, 1724
793, 795, 794
793, 551, 795
790, 793, 400
790, 792, 793
803, 800, 194
803, 397, 800
812, 59, 265
812, 265, 9
153, 257, 59
812, 153, 59
1808, 1771, 399
551, 796, 795
551, 797, 796
792, 797, 551
729, 797, 792
1036, 1018, 612
1641, 809, 419
1641, 415, 809
195, 792, 790
812, 58, 153
489, 634, 1057
489, 1516, 634
794, 400, 793
209, 727, 726
728, 727, 209
1809, 1705, 443
202, 811, 419
798, 202, 806
801, 396, 802
1516, 635, 634
633, 221, 1021
1020, 633, 1021
1755, 1521, 1007
805, 214, 397
804, 805, 397
202, 419, 808
1014, 527, 994
974, 527, 1014
974, 970, 527
807, 754, 417
416, 754, 807
1633, 396, 1634
802, 396, 1633
419, 809, 808
202, 798, 811
910, 909, 215
499, 1003, 848
773, 774, 814
228, 774, 333
228, 814, 774
817, 185, 1448
1404, 185, 817
1117, 1116, 184
1272, 1230, 1460
1272, 1265, 1230
537, 965, 515
1000, 537, 515
1265, 1201, 1264
1272, 1201, 1265
1705, 1723, 443
1074, 591, 1073
28, 1616, 1770
993, 994, 527
517, 994, 993
979, 966, 524
497, 966, 979
1078, 1093, 837
1078, 1090, 1093
501, 1683, 502
279, 1610, 1611
419, 802, 1633
1069, 593, 1067
595, 1069, 1067
833, 1065, 1062
615, 617, 355
1649, 617, 615
622, 854, 356
1787, 1788, 106
831, 834, 1101
836, 539, 1082
1085, 1086, 845
533, 852, 851
850, 533, 851
1085, 1089, 1088
1070, 1069, 595
1329, 1330, 1331
1807, 1330, 1329
1064, 833, 1062
840, 1104, 1082
1101, 1110, 835
834, 1110, 1101
1152, 850, 848
1362, 1361, 1158
534, 846, 841
1105, 1109, 837
846, 829, 841
1612, 77, 1646
1076, 1069, 849
1076, 593, 1069
829, 825, 841
829, 827, 825
1745, 1011, 326
1091, 845, 1097
844, 1064, 1061
1060, 1061, 547
681, 619, 679
616, 1649, 615
1205, 1177, 1215
1093, 1090, 1079
969, 516, 999
999, 516, 910
1454, 1455, 320
1468, 1796, 1301
847, 846, 534
847, 853, 846
972, 497, 979
990, 544, 989
546, 990, 989
742, 1685, 1544
1651, 742, 1544
997, 973, 982
678, 679, 619
267, 636, 622
854, 622, 636
461, 854, 636
1697, 1281, 1469
112, 114, 855
564, 563, 113
564, 113, 855
1030, 726, 1031
133, 785, 857
1717, 418, 710
586, 873, 872
784, 719, 857
867, 132, 868
868, 869, 259
868, 259, 874
718, 861, 174
862, 174, 861
756, 344, 755
861, 719, 862
766, 746, 737
865, 864, 721
1815, 1814, 1473
720, 173, 723
720, 867, 173
586, 872, 131
768, 340, 767
769, 340, 768
768, 767, 147
767, 766, 147
132, 869, 868
875, 732, 876
876, 732, 261
50, 586, 1577
86, 1764, 776
1765, 427, 431
1765, 430, 427
470, 471, 160
470, 1661, 471
86, 776, 775
583, 1618, 72
584, 583, 72
324, 1624, 1407
324, 1428, 1624
173, 868, 874
132, 732, 875
132, 875, 869
1684, 498, 939
955, 939, 498
1703, 16, 1704
1703, 1704, 573
1523, 1522, 315
57, 266, 883
558, 1696, 1721
1716, 742, 863
522, 929, 933
884, 904, 511
884, 509, 904
1521, 1519, 433
349, 99, 886
172, 890, 874
130, 349, 886
822, 1682, 1802
888, 582, 577
260, 875, 876
260, 869, 875
470, 389, 1661
890, 173, 874
262, 577, 749
766, 889, 262
766, 767, 889
1735, 1496, 1236
1627, 122, 1629
1255, 1264, 1173
513, 959, 958
960, 959, 513
1228, 1726, 1538
1260, 1252, 1173
1247, 1173, 1252
1326, 1327, 1400
1326, 1400, 1168
949, 951, 948
309, 1412, 1411
982, 525, 981
493, 898, 899
897, 898, 493
519, 938, 955
519, 940, 938
216, 1557, 1055
947, 359, 921
223, 631, 1754
223, 628, 631
1008, 432, 1755
1723, 319, 1811
443, 1723, 1811
1152, 1151, 842
1152, 842, 1153
933, 536, 935
931, 531, 930
931, 1501, 531
901, 903, 902
901, 225, 903
967, 497, 968
509, 884, 907
919, 531, 1501
919, 1501, 918
926, 911, 927
926, 910, 911
518, 925, 926
909, 908, 215
906, 885, 912
906, 907, 885
362, 902, 906
362, 912, 913
362, 906, 912
885, 909, 914
885, 908, 909
761, 1506, 697
761, 771, 1506
913, 912, 916
913, 916, 640
509, 903, 904
918, 1501, 1500
333, 778, 1663
333, 774, 778
908, 907, 884
885, 907, 908
640, 916, 917
652, 917, 916
914, 652, 916
1759, 1822, 164
364, 923, 952
935, 1003, 936
935, 536, 1003
461, 1559, 854
626, 854, 1559
511, 904, 905
919, 920, 531
965, 494, 963
1500, 1501, 462
1081, 1082, 539
518, 926, 927
520, 935, 936
1688, 570, 1491
950, 535, 949
172, 1791, 890
532, 943, 851
499, 851, 943
920, 949, 530
920, 950, 949
519, 954, 953
944, 519, 953
981, 980, 528
983, 981, 528
518, 924, 925
518, 932, 924
946, 948, 945
946, 945, 523
988, 995, 542
934, 520, 941
520, 936, 937
511, 1794, 1795
542, 982, 987
521, 939, 938
937, 521, 938
978, 979, 524
984, 983, 521
943, 984, 521
923, 550, 952
1469, 1613, 1796
523, 957, 956
946, 523, 956
957, 493, 899
956, 957, 899
993, 527, 971
1747, 371, 368
919, 952, 950
919, 364, 952
941, 520, 940
947, 899, 359
234, 235, 1586
234, 124, 235
1468, 1697, 1469
1468, 1469, 1796
921, 530, 947
921, 920, 530
512, 1744, 1743
881, 1011, 1745
530, 949, 948
530, 948, 946
948, 495, 945
948, 951, 495
1464, 1566, 1463
1464, 441, 1566
965, 1795, 494
537, 1795, 965
963, 514, 964
1794, 494, 1795
664, 663, 408
946, 956, 947
530, 946, 947
947, 956, 899
958, 953, 954
958, 954, 513
957, 959, 493
1608, 1804, 105
1608, 1609, 1804
959, 957, 958
523, 958, 957
532, 984, 943
493, 960, 512
493, 959, 960
961, 514, 962
513, 961, 960
962, 960, 961
515, 964, 966
949, 535, 951
980, 981, 525
1646, 329, 1612
967, 515, 966
1576, 1770, 1616
499, 850, 851
542, 997, 982
1127, 1643, 186
980, 978, 528
969, 999, 1000
969, 515, 967
770, 342, 777
611, 1017, 210
517, 853, 847
534, 848, 847
968, 516, 969
967, 968, 969
1000, 215, 537
1571, 1474, 1317
496, 973, 997
996, 973, 496
970, 497, 972
989, 988, 526
852, 989, 526
978, 524, 976
976, 975, 498
977, 975, 976
1566, 1518, 1517
432, 1566, 1517
1685, 43, 1543
1544, 1685, 1543
980, 525, 979
972, 979, 525
979, 978, 980
721, 1651, 1544
973, 525, 982
499, 848, 850
1156, 1725, 1452
1156, 1214, 1725
1214, 460, 1542
852, 526, 985
955, 986, 954
519, 955, 954
955, 498, 986
975, 986, 498
986, 961, 513
954, 986, 513
1076, 1075, 593
641, 1751, 1731
1620, 1214, 1213
1620, 1725, 1214
1572, 1474, 1571
1308, 1572, 1571
1301, 1766, 1467
830, 828, 1149
541, 828, 830
826, 829, 846
826, 1648, 829
929, 1002, 933
929, 1001, 1002
534, 1152, 848
1153, 850, 1152
1810, 817, 1449
816, 1810, 1449
329, 1646, 328
518, 927, 928
518, 928, 932
1793, 1513, 422
890, 1791, 169
971, 527, 970
517, 1001, 994
517, 1002, 1001
536, 848, 1003
536, 847, 848
499, 936, 1003
499, 943, 936
135, 1006, 183
1006, 122, 183
120, 1005, 1004
1301, 1467, 1466
1468, 1301, 1466
1778, 382, 1787
1778, 1787, 106
1810, 816, 1439
1803, 1740, 104
1437, 440, 1436
1438, 440, 1437
1450, 815, 1420
186, 1424, 1425
186, 1423, 1424
998, 1779, 1599
326, 1011, 780
280, 596, 1012
390, 369, 1671
1012, 161, 468
467, 468, 161
469, 1012, 468
876, 877, 1660
260, 876, 1660
403, 1775, 1774
406, 646, 676
1489, 1490, 1778
1489, 1778, 106
610, 1022, 1023
395, 674, 677
475, 1037, 158
475, 125, 1037
610, 1020, 1022
633, 1020, 1019
610, 1019, 1020
610, 1018, 1019
1023, 1025, 609
397, 396, 801
1034, 1017, 611
483, 480, 109
1768, 483, 109
729, 1026, 1025
1017, 1018, 1024
158, 1562, 1561
158, 1037, 1562
1638, 415, 1641
1017, 1024, 210
1790, 1001, 929
1790, 538, 1001
729, 220, 797
729, 1025, 220
674, 1640, 214
395, 1640, 674
644, 1028, 608
1028, 1029, 608
801, 802, 398
952, 550, 1642
535, 952, 1642
1026, 609, 1025
928, 1642, 550
932, 928, 550
1024, 1023, 1027
1634, 1635, 206
1640, 397, 214
1634, 206, 1633
1024, 610, 1023
1022, 1020, 1033
567, 571, 568
567, 51, 571
15, 113, 562
15, 155, 113
858, 861, 718
155, 14, 856
1610, 279, 1609
764, 486, 1046
764, 1046, 505
228, 331, 337
228, 332, 331
236, 1628, 70
1720, 434, 163
477, 34, 476
477, 476, 478
773, 772, 769
1137, 367, 285
1136, 1137, 285
566, 51, 1618
566, 572, 51
182, 93, 13
188, 714, 722
713, 170, 715
167, 116, 177
167, 66, 116
1507, 1508, 380
1034, 1035, 612
1126, 1121, 287
493, 512, 897
1743, 897, 512
1435, 1434, 442
9, 180, 152
62, 152, 180
953, 945, 944
495, 944, 945
1177, 1550, 1216
1612, 19, 1655
242, 391, 243
166, 1602, 1601
1183, 1222, 1293
1183, 1587, 1222
449, 1388, 1389
449, 1386, 1388
317, 1337, 1700
1092, 1708, 1079
168, 1548, 1549
1791, 1792, 169
208, 726, 860
1259, 1494, 1200
1493, 1200, 1494
199, 695, 779
1530, 695, 199
983, 529, 981
983, 984, 529
1644, 0, 1781
298, 1781, 0
912, 914, 916
912, 885, 914
1294, 1604, 1536
858, 859, 133
717, 174, 720
1087, 1830, 1097
1762, 1830, 1087
715, 691, 207
795, 194, 799
795, 796, 194
426, 1822, 1759
93, 1654, 13
313, 1418, 1677
232, 69, 149
150, 149, 69
1267, 1459, 1270
15, 560, 230
559, 230, 560
68, 1525, 554
1526, 1525, 68
23, 31, 589
1672, 306, 1673
237, 36, 1563
237, 238, 36
475, 71, 305
475, 473, 71
238, 239, 36
769, 768, 342
119, 54, 118
357, 634, 630
269, 270, 268
269, 25, 270
271, 273, 291
1142, 1143, 1144
104, 1144, 1143
955, 938, 939
295, 1666, 1668
250, 251, 2
249, 60, 30
197, 698, 695
694, 197, 695
888, 889, 341
343, 765, 703
343, 704, 765
1550, 791, 1216
399, 805, 804
86, 775, 339
1071, 849, 1070
220, 1022, 1033
713, 189, 714
1402, 454, 1401
354, 1035, 1034
1636, 1638, 206
1008, 1009, 1462
35, 332, 334
331, 332, 35
735, 701, 342
777, 342, 701
1375, 1712, 459
490, 654, 813
1809, 443, 1464
218, 646, 406
1459, 1269, 1270
1528, 1270, 1269
605, 604, 353
614, 605, 353
1615, 1471, 1613
640, 918, 1500
187, 1415, 1411
711, 692, 170
66, 585, 587
262, 749, 745
748, 745, 749
604, 354, 602
755, 754, 1749
755, 1749, 756
1022, 1025, 1023
1022, 220, 1025
809, 415, 810
303, 137, 1531
60, 211, 30
1528, 1299, 1298
910, 516, 911
1473, 1619, 1573
708, 1530, 199
693, 1530, 708
1788, 1488, 106
385, 1488, 1788
371, 108, 368
120, 5, 119
119, 5, 134
54, 142, 141
1526, 557, 213
1526, 68, 557
35, 1711, 1698
555, 68, 554
353, 602, 601
265, 266, 264
1699, 370, 108
69, 118, 150
336, 1547, 67
123, 597, 299
1181, 1232, 1284
1226, 1485, 1315
1292, 1183, 1293
1193, 1291, 1244
1193, 1287, 1291
1289, 1249, 1297
1250, 1197, 1257
1316, 1224, 1305
1184, 1284, 1292
1286, 1181, 1285
1255, 1266, 1265
1182, 1249, 1295
1182, 1295, 1293
1703, 573, 566
1209, 1208, 1275
1184, 1295, 1289
444, 1723, 1705
1266, 1230, 1265
1189, 1165, 1191
1209, 1275, 1274
1772, 402, 805
1013, 805, 402
1258, 1257, 1199
1165, 1458, 1242
1274, 892, 1273
1219, 1216, 791
1219, 791, 1279
1707, 205, 503
1287, 1194, 1286
235, 236, 70
1563, 236, 235
1322, 1253, 1228
1262, 1263, 1261
1263, 1198, 1261
1262, 1178, 1263
1171, 1232, 1234
1232, 1181, 1234
1338, 1461, 1330
1338, 447, 1461
1332, 1166, 1331
1460, 1230, 1271
409, 1039, 1529
1184, 1292, 1295
1299, 1224, 1298
734, 193, 686
1618, 51, 565
1618, 565, 72
725, 726, 208
1170, 1221, 1271
1170, 1222, 1221
1229, 1201, 1272
1304, 1224, 1299
1270, 1271, 1230
1270, 1170, 1271
1329, 1331, 1166
1273, 1259, 1199
1275, 892, 1274
1205, 1282, 1206
895, 1282, 1205
1181, 1286, 1194
1181, 1194, 1240
425, 385, 1595
1276, 1216, 1219
1277, 1216, 1276
1198, 1278, 1251
1181, 1240, 1234
1240, 1241, 1180
1240, 1194, 1241
1278, 1219, 1279
1278, 1279, 1197
1252, 1260, 1198
1176, 1282, 1186
895, 1187, 1186
1282, 895, 1186
1279, 1283, 1197
1279, 791, 1209
1283, 1279, 1209
1250, 1251, 1197
1246, 1185, 1247
1246, 1296, 1185
1321, 1253, 1322
1599, 1724, 546
1251, 1196, 1252
1251, 1252, 1198
1291, 1290, 1195
1172, 1290, 1291
1285, 1184, 1288
1285, 1284, 1184
1267, 1266, 1202
1287, 1192, 1194
1172, 1288, 1290
1172, 1285, 1288
1193, 1243, 1458
1457, 1193, 1458
1172, 1291, 1287
1286, 1172, 1287
1324, 1188, 1189
991, 990, 546
1724, 991, 546
628, 1035, 1734
1265, 1264, 1255
1313, 1256, 1318
1296, 1246, 1195
1290, 1296, 1195
1290, 1297, 1296
1288, 1297, 1290
1288, 1289, 1297
1288, 1184, 1289
1460, 1229, 1272
1203, 1229, 1460
1475, 1468, 1466
1529, 898, 897
1304, 1305, 1224
1300, 1466, 1476
1302, 1299, 1269
1302, 1269, 1303
237, 1563, 235
1203, 1271, 1221
1203, 1460, 1271
1488, 1489, 106
91, 65, 1698
452, 1324, 1189
1539, 1355, 1160
1315, 1818, 1697
1606, 1605, 1307
891, 1344, 1355
891, 1355, 1539
158, 1561, 474
1256, 1484, 1485
280, 1607, 596
1323, 1310, 1312
1228, 1323, 1322
1228, 1311, 1323
928, 929, 522
928, 1790, 929
1606, 1280, 1605
1606, 1314, 1280
126, 306, 1672
1275, 1210, 892
1324, 452, 1326
1443, 1325, 1168
1310, 1225, 1309
1306, 1309, 1225
1280, 1312, 1310
1313, 1312, 1280
1826, 154, 367
1826, 367, 296
314, 1430, 1487
1419, 1430, 314
1306, 1316, 1305
1300, 1302, 1465
1318, 1256, 1319
1254, 1312, 1313
1318, 1254, 1313
378, 108, 371
1280, 1310, 1605
1309, 1605, 1310
1318, 1319, 1320
1319, 1202, 1320
1626, 253, 329
1626, 329, 1
1202, 1255, 1320
1321, 1320, 1255
1202, 1266, 1255
386, 1488, 1819
1487, 1488, 386
1727, 481, 479
1254, 1321, 1322
891, 1539, 1454
1455, 1454, 1539
1324, 1169, 1188
1358, 451, 1357
334, 332, 1658
334, 335, 92
334, 1658, 335
1169, 1325, 1175
1381, 1382, 1383
452, 1327, 1326
1413, 323, 1423
1413, 1410, 323
1397, 1462, 1009
1358, 1357, 1162
1166, 1327, 1328
1477, 1614, 1470
1015, 1385, 424
1480, 1015, 424
446, 1444, 1332
1336, 455, 1390
1337, 455, 1336
1174, 1175, 1443
1174, 896, 1175
1353, 1354, 1352
1368, 1156, 1395
1375, 459, 1353
818, 1381, 1383
818, 1383, 1384
1328, 1329, 1166
1328, 1339, 1329
449, 1389, 1390
1395, 1451, 446
1480, 1016, 1481
1376, 1159, 1375
1164, 1339, 1328
1164, 1340, 1339
1581, 438, 1438
1581, 1583, 438
450, 1339, 1342
450, 1329, 1339
1358, 1162, 1235
1784, 191, 710
709, 710, 191
1741, 303, 145
541, 1103, 1064
1744, 494, 1794
366, 272, 552
366, 1686, 272
1345, 1344, 891
1345, 1333, 1344
1455, 1376, 1353
1347, 1349, 1348
1347, 1348, 439
1376, 1375, 1353
1359, 1358, 1212
1328, 1327, 1442
1632, 1149, 594
830, 1149, 1632
1435, 440, 1434
1381, 1380, 1379
1381, 1379, 322
1435, 312, 1436
1257, 1258, 893
321, 1462, 1397
1243, 893, 1258
1193, 1457, 1287
1268, 1459, 1267
1268, 1267, 1202
452, 1191, 1442
1347, 320, 1349
1352, 1349, 320
1357, 451, 1356
441, 1464, 1811
448, 1495, 1163
1340, 448, 1163
1394, 1334, 1393
1159, 1374, 1375
446, 1451, 1444
1327, 1166, 1400
1368, 1395, 1335
1362, 460, 1364
1399, 1380, 1015
1158, 1360, 1359
1361, 1362, 1364
1355, 1161, 1356
1808, 804, 803
650, 1808, 803
1359, 451, 1358
351, 504, 1497
351, 598, 504
1386, 1368, 1388
1386, 1154, 1368
1154, 1367, 1368
85, 1492, 20
442, 1440, 1439
1361, 1360, 1158
1162, 1357, 1363
437, 1583, 1581
437, 1812, 1583
330, 331, 35
1713, 331, 330
1392, 455, 1398
1392, 1391, 455
1182, 1537, 1249
1621, 541, 844
1621, 828, 541
825, 844, 843
1621, 844, 825
1367, 1156, 1368
1367, 1366, 1156
1367, 1155, 1366
323, 1406, 1407
323, 1408, 1406
1328, 1442, 1164
569, 1491, 570
569, 156, 1491
452, 1442, 1327
1371, 1369, 1155
1384, 1404, 817
732, 1543, 748
1380, 1381, 818
1490, 1489, 1430
1414, 309, 1413
1364, 1157, 1361
1336, 447, 1337
1337, 447, 1338
328, 1713, 330
1335, 1394, 1393
1388, 1368, 1335
1378, 820, 1377
1373, 1377, 820
1369, 1157, 1364
1438, 1348, 1453
1438, 438, 1348
1448, 185, 1408
1448, 1408, 1447
1383, 819, 1384
1383, 1382, 819
1448, 1447, 815
1378, 1386, 449
1378, 1377, 1386
1433, 1429, 456
380, 1490, 1430
1445, 1390, 1391
455, 1391, 1390
1372, 318, 1371
322, 1403, 1382
1381, 322, 1382
1154, 1386, 1377
1373, 1154, 1377
1481, 1016, 1482
1390, 1389, 1336
1127, 186, 1425
1127, 1425, 325
1154, 1372, 1367
1402, 1403, 322
1346, 1454, 1347
320, 1347, 1454
1483, 1482, 1016
892, 1212, 1235
1396, 454, 1441
442, 1352, 1354
1335, 1393, 1389
1335, 1389, 1388
1370, 1369, 1371
1155, 1365, 1366
1155, 1369, 1365
1369, 1364, 1365
212, 1710, 238
553, 212, 238
1398, 455, 1337
1405, 1406, 185
1351, 1456, 444
317, 1351, 444
1440, 424, 1439
312, 1420, 1421
1008, 1463, 432
1436, 312, 1421
1384, 819, 1404
1449, 817, 1448
618, 619, 1739
618, 1739, 620
267, 618, 620
1433, 1432, 1429
1449, 815, 1450
1009, 1401, 1397
1382, 1403, 456
1370, 1371, 1482
318, 1482, 1371
1482, 318, 1481
1429, 1382, 456
1407, 1423, 323
1407, 1424, 1423
1378, 900, 1479
1378, 1479, 1379
1405, 1407, 1406
1405, 1409, 1407
1480, 424, 1440
326, 879, 880
1445, 1391, 900
1582, 436, 316
1580, 436, 1582
1734, 1035, 645
322, 1379, 1479
1419, 1418, 1416
1419, 314, 1418
431, 164, 1520
431, 427, 164
877, 1704, 16
877, 576, 1704
978, 976, 1684
1417, 310, 1415
1007, 433, 1011
881, 1007, 1011
1813, 222, 1771
313, 1416, 1418
1507, 502, 1508
688, 203, 687
688, 1681, 203
313, 1417, 1416
1307, 1569, 1567
1606, 1307, 1567
1505, 637, 464
1053, 408, 1690
505, 1053, 1690
436, 387, 1523
430, 436, 1523
1345, 891, 1346
1454, 1346, 891
1511, 1505, 464
430, 315, 427
430, 1523, 315
325, 1426, 880
325, 1425, 1426
1182, 1536, 1537
1182, 1625, 1536
1405, 185, 1404
1413, 309, 1411
1426, 327, 1427
185, 1406, 1408
219, 645, 653
1734, 645, 219
1409, 819, 1382
1409, 1405, 819
819, 1405, 1404
324, 1382, 1429
324, 1409, 1382
246, 1009, 1008
246, 1433, 1009
239, 1710, 61
239, 238, 1710
1449, 1448, 815
246, 1007, 1431
1408, 1410, 310
323, 1410, 1408
1095, 1096, 1622
1571, 1317, 1567
1015, 1480, 1481
1436, 1421, 1437
439, 1348, 1446
1456, 439, 1446
1439, 312, 1435
816, 312, 1439
1396, 1397, 454
1396, 321, 1397
1306, 1305, 1223
1573, 1471, 1572
1473, 1573, 1572
442, 1354, 1440
453, 1396, 1392
1191, 1341, 1164
1191, 1164, 1442
204, 606, 599
1365, 460, 1214
1396, 1441, 1392
449, 1445, 1378
246, 1431, 1432
1408, 310, 1447
1009, 1433, 456
1445, 900, 1378
1009, 456, 1401
781, 1579, 1578
1156, 1451, 1395
1434, 440, 1453
1457, 1192, 1287
1165, 1457, 1458
1165, 1192, 1457
620, 1739, 361
1360, 1159, 1387
1461, 1331, 1330
433, 1519, 1520
1520, 1519, 431
1008, 1462, 1463
312, 1450, 1420
321, 1463, 1462
1465, 1303, 1226
1302, 1303, 1465
1615, 1281, 1474
1306, 1570, 1309
1819, 425, 315
1697, 1818, 1281
1767, 1026, 729
1060, 547, 1779
1568, 1569, 1223
1537, 1538, 1249
1726, 1249, 1538
1317, 1817, 1606
1226, 1315, 1468
1226, 1468, 1475
209, 1767, 728
1694, 1693, 1574
1619, 1693, 1694
1300, 1465, 1466
1475, 1466, 1465
1226, 1475, 1465
1476, 1466, 1467
1305, 1476, 1223
1300, 1476, 1305
1486, 1485, 1226
1300, 1305, 1304
501, 1478, 308
1478, 309, 1414
1412, 309, 1478
502, 1412, 501
1478, 501, 1412
1441, 454, 1402
1441, 1402, 1479
449, 1390, 1445
1479, 900, 1441
1441, 900, 1391
1392, 1441, 1391
1373, 1399, 318
1373, 820, 1399
1354, 1483, 1016
1483, 1354, 459
1353, 459, 1354
328, 1646, 77
1713, 328, 77
35, 1698, 330
1486, 1226, 1303
1304, 1302, 1300
1486, 1303, 1268
330, 1698, 65
1256, 1485, 1486
1319, 1486, 1268
1319, 1256, 1486
1772, 1773, 402
578, 1491, 156
1247, 1248, 1702
1247, 1185, 1248
1060, 1779, 998
1617, 1616, 49
1063, 992, 1779
547, 1063, 1779
1816, 1568, 1467
21, 1617, 49
20, 1617, 21
66, 1492, 116
587, 1492, 66
1437, 1578, 311
1259, 1236, 1494
1164, 1341, 1340
1235, 1162, 1496
1496, 1162, 1495
221, 647, 1728
221, 1736, 647
637, 636, 1499
461, 636, 637
639, 1751, 641
1502, 1503, 638
1500, 1503, 1502
462, 1503, 1500
1504, 639, 637
1504, 637, 1505
902, 903, 509
906, 902, 509
586, 131, 1752
1503, 639, 1504
462, 639, 1503
1559, 1058, 626
308, 1414, 1643
308, 1478, 1414
913, 638, 915
1502, 638, 913
253, 1688, 329
1506, 699, 757
1506, 198, 699
1503, 1504, 638
1096, 1094, 1680
658, 1513, 404
915, 1511, 1512
771, 198, 1506
771, 777, 198
697, 757, 758
697, 1506, 757
864, 862, 863
1651, 864, 863
742, 1651, 863
1510, 620, 361
1781, 1827, 293
635, 654, 490
902, 1512, 666
901, 902, 666
1512, 1511, 666
1679, 361, 665
1678, 361, 1679
464, 620, 1510
1802, 1682, 821
1773, 1774, 402
1774, 1773, 403
1737, 1754, 632
654, 217, 813
1514, 222, 1515
402, 1774, 673
658, 422, 1513
634, 635, 490
1796, 1477, 1766
1796, 1613, 1477
1514, 403, 1773
1514, 1773, 222
453, 1705, 1809
358, 635, 1516
358, 659, 635
1569, 1570, 1223
1569, 1307, 1570
590, 990, 991
1418, 314, 1422
1011, 433, 780
1520, 780, 433
1007, 1521, 433
1756, 369, 1747
1756, 1667, 369
1756, 154, 1667
423, 144, 1524
1555, 507, 1820
1604, 1316, 1306
1604, 1306, 1225
1536, 1604, 1225
141, 142, 53
387, 1522, 1523
387, 1422, 1522
145, 883, 423
145, 423, 1524
91, 1038, 93
1711, 1038, 91
1711, 91, 1698
69, 119, 118
30, 211, 213
1527, 213, 211
213, 1527, 1526
134, 54, 119
136, 54, 134
897, 409, 1529
591, 1146, 1535
33, 100, 96
97, 151, 100
278, 1531, 0
1532, 298, 0
1532, 0, 1531
97, 130, 151
1534, 667, 352
421, 667, 1534
591, 1535, 1068
1254, 1322, 1323
1484, 1280, 1314
1537, 1536, 1311
1800, 1797, 434
1455, 1160, 1376
1539, 1160, 1455
1542, 460, 1362
1540, 1237, 1238
1176, 1238, 1237
1213, 1541, 1540
1213, 1540, 1238
1099, 1762, 1108
1541, 1542, 1211
1213, 1542, 1541
103, 1686, 271
291, 103, 271
1806, 1111, 836
191, 1784, 1783
1830, 1092, 1097
1686, 1652, 272
1686, 103, 1652
1010, 1652, 103
1010, 103, 292
67, 1548, 168
67, 1547, 1548
1547, 171, 1548
1547, 1546, 171
169, 1792, 722
188, 722, 1792
682, 406, 1793
422, 682, 1793
1775, 1793, 406
541, 830, 1776
541, 1776, 1103
631, 490, 813
631, 1551, 630
631, 630, 490
1555, 508, 1552
507, 1553, 1554
1050, 463, 1049
1053, 507, 1554
1553, 664, 1554
1553, 225, 664
379, 388, 1732
1553, 1555, 1552
1163, 1363, 1757
1342, 1163, 1757
962, 1744, 512
962, 963, 1744
494, 1744, 963
639, 641, 1558
684, 664, 665
1557, 1558, 641
216, 1558, 1557
683, 684, 665
216, 1058, 1559
216, 1056, 1058
1224, 1560, 1298
1224, 1294, 1560
42, 49, 40
843, 1060, 842
1800, 434, 1720
239, 887, 240
36, 239, 240
1561, 36, 240
1561, 1562, 36
1669, 1672, 1673
1564, 299, 597
942, 934, 1565
942, 522, 934
964, 977, 966
964, 514, 977
977, 514, 975
495, 941, 944
495, 1565, 941
1817, 1314, 1606
1308, 1571, 1567
1315, 1485, 1818
1818, 1485, 1484
1818, 1484, 1314
1572, 1471, 1474
1615, 1474, 1471
254, 372, 1575
254, 378, 372
1751, 1501, 931
1751, 462, 1501
1731, 1751, 931
1509, 379, 1825
67, 168, 167
1577, 167, 168
1581, 1582, 437
1437, 1421, 1578
1421, 781, 1578
1005, 70, 1629
234, 1586, 121
1813, 1771, 649
1728, 1813, 649
316, 1518, 437
316, 437, 1582
1579, 1585, 387
311, 1579, 1580
1578, 1579, 311
1581, 1580, 1582
1581, 311, 1580
1348, 438, 1446
1584, 1446, 438
440, 1438, 1453
781, 1422, 1585
1418, 1422, 781
781, 1585, 1579
1004, 1006, 5
121, 1005, 120
121, 1586, 1005
1231, 1587, 1183
99, 348, 1588
260, 871, 870
1660, 871, 260
341, 582, 888
1802, 1769, 543
546, 989, 852
1598, 546, 852
420, 205, 1637
420, 1497, 205
255, 379, 1509
200, 810, 415
200, 415, 1590
1120, 1591, 110
435, 1593, 1592
109, 479, 1798
457, 109, 1798
166, 1592, 1594
1593, 1594, 1592
1323, 1312, 1254
1594, 1595, 383
384, 1595, 1594
1602, 373, 1601
1593, 1596, 384
1593, 384, 1594
1597, 200, 1590
691, 730, 208
691, 196, 730
1783, 1784, 414
707, 200, 1597
418, 707, 1597
1088, 1600, 1071
1083, 1081, 1076
1077, 1083, 1076
838, 1077, 1600
838, 1600, 1088
1592, 458, 457
166, 458, 1592
166, 1601, 458
1603, 1602, 383
557, 1692, 213
1722, 1584, 319
382, 1575, 1603
1607, 162, 596
1607, 485, 162
282, 1805, 1652
282, 1652, 1010
1363, 1357, 1161
1757, 1363, 1161
1829, 27, 143
144, 27, 1829
993, 971, 548
993, 548, 1647
1823, 1682, 822
548, 971, 996
1619, 1470, 1693
1754, 631, 813
1754, 813, 632
1472, 1815, 1816
1469, 1615, 1613
1522, 1819, 315
386, 1819, 1522
1211, 1542, 1362
1753, 1211, 1362
587, 1617, 20
587, 20, 1492
1649, 360, 617
517, 1647, 853
517, 993, 1647
1617, 52, 1616
1238, 1620, 1213
1407, 1624, 1424
1726, 1248, 1185
1249, 1726, 1185
827, 828, 1621
827, 545, 828
831, 1776, 1777
831, 1103, 1776
1175, 1186, 1169
1175, 1623, 1186
896, 1623, 1175
1431, 1427, 1428
1428, 327, 1624
1428, 1427, 327
1255, 1253, 1321
1182, 1293, 1625
1560, 1625, 1293
1560, 1293, 1222
1625, 1560, 1294
1, 252, 1626
782, 252, 1
1647, 826, 853
1005, 1629, 122
1005, 122, 1004
655, 656, 1630
1786, 275, 276
1786, 245, 275
427, 1759, 164
1338, 1330, 1631
1701, 131, 871
445, 1338, 1631
445, 1631, 1333
445, 1333, 1345
649, 1771, 1808
395, 412, 1635
395, 1635, 1639
927, 538, 1790
927, 911, 538
1635, 1636, 206
412, 1636, 1635
1028, 1027, 609
609, 1029, 1028
644, 1027, 1028
1642, 928, 522
210, 644, 643
1636, 1637, 413
412, 1637, 1636
420, 1637, 412
942, 1642, 522
1027, 644, 210
1634, 1639, 1635
1634, 396, 1639
206, 1641, 1633
1641, 419, 1633
206, 1638, 1641
1024, 1027, 210
969, 1000, 515
275, 277, 276
1644, 276, 277
1644, 277, 0
1806, 832, 1110
1645, 970, 972
971, 970, 1645
52, 1617, 587
1665, 86, 339
161, 483, 1676
161, 1659, 483
616, 642, 360
616, 360, 1649
1650, 879, 878
864, 1651, 721
67, 1653, 336
1659, 161, 1012
596, 1659, 1012
67, 177, 1653
67, 167, 177
1653, 177, 1654
1653, 1654, 92
111, 466, 465
579, 1655, 578
584, 1576, 52
585, 584, 52
585, 52, 587
1657, 1188, 1187
791, 1550, 1208
1657, 1187, 1190
895, 1190, 1187
333, 335, 1658
333, 1658, 228
597, 183, 1662
304, 1662, 183
872, 870, 871
1826, 1740, 294
1662, 304, 305
125, 305, 304
1664, 1612, 338
1655, 338, 1612
77, 1664, 337
77, 337, 331
586, 585, 66
1577, 586, 66
167, 1577, 66
1664, 1665, 337
339, 814, 1665
814, 337, 1665
228, 337, 814
1664, 338, 1665
1785, 650, 803
1785, 1656, 650
128, 1668, 1666
127, 1670, 1669
1670, 295, 1669
127, 1669, 1673
1674, 1673, 306
577, 576, 1748
877, 1748, 576
369, 1667, 1671
1692, 94, 251
1614, 1471, 1733
165, 1821, 1596
86, 1665, 1675
86, 1675, 580
580, 1675, 579
580, 579, 157
467, 1676, 466
467, 161, 1676
1418, 781, 1677
1421, 1677, 781
1667, 154, 1826
666, 1510, 1678
666, 1511, 1510
1510, 361, 1678
666, 1678, 1679
1701, 1752, 131
1683, 1113, 500
107, 1140, 1121
1683, 255, 502
1508, 502, 255
1685, 742, 743
710, 708, 199
1717, 710, 199
1688, 253, 570
927, 1790, 928
1670, 1689, 390
127, 1689, 1670
662, 764, 1690
1690, 764, 505
1691, 377, 111
581, 10, 582
1764, 581, 582
375, 1691, 111
465, 375, 111
557, 94, 1692
570, 95, 569
570, 1696, 95
558, 95, 1696
570, 253, 1696
1115, 302, 1114
1115, 1699, 302
481, 484, 1591
484, 110, 1591
301, 1115, 1114
370, 1699, 1115
143, 136, 1829
871, 583, 1701
583, 16, 1703
871, 16, 583
573, 1704, 576
573, 576, 10
317, 444, 1705
319, 1583, 1812
1811, 319, 1812
1352, 1434, 1349
1352, 442, 1434
193, 725, 724
1590, 1706, 414
686, 193, 724
1095, 1079, 1708
1098, 1687, 1680
1708, 1687, 1098
1708, 1098, 1095
413, 1706, 1638
1709, 1422, 314
1709, 1487, 386
314, 1487, 1709
1709, 1522, 1422
1710, 1527, 211
1710, 212, 1527
211, 61, 1710
1369, 1370, 1157
1712, 1157, 1370
1374, 1157, 1712
1374, 1712, 1375
1393, 1336, 1389
1713, 77, 331
481, 1591, 1715
1715, 1591, 482
1141, 1715, 482
163, 1715, 1141
741, 740, 743
1716, 741, 743
742, 1716, 743
707, 418, 706
1717, 706, 418
170, 690, 691
170, 692, 690
692, 192, 690
1650, 429, 1720
882, 1650, 1720
163, 1141, 1720
882, 1720, 1141
4, 79, 45
4, 46, 79
1721, 94, 558
1723, 1722, 319
444, 1722, 1723
1349, 1453, 1348
1349, 1434, 1453
1780, 762, 176
1780, 760, 762
896, 1725, 1620
896, 1452, 1725
1174, 1452, 896
480, 479, 109
1727, 479, 480
480, 162, 1727
162, 481, 1727
162, 484, 481
372, 378, 371
1728, 649, 1729
221, 1728, 1729
1730, 463, 930
922, 1730, 930
507, 1555, 1553
1732, 108, 378
1732, 378, 379
1699, 108, 1732
676, 672, 671
226, 676, 671
892, 1235, 1735
221, 633, 1736
399, 1772, 805
1736, 1737, 632
1332, 1738, 1334
1332, 1334, 446
1334, 1394, 446
1374, 1360, 1361
1738, 1332, 1331
1461, 1738, 1331
447, 1334, 1738
447, 1738, 1461
1159, 1360, 1374
636, 267, 1499
552, 1804, 279
272, 1804, 552
1524, 144, 1829
1741, 145, 1524
123, 1742, 135
123, 135, 183
130, 239, 1714
1532, 1742, 123
130, 1714, 151
1795, 537, 884
511, 1795, 884
390, 1747, 369
480, 596, 162
1659, 596, 480
390, 178, 1747
374, 373, 1575
1750, 373, 374
1601, 373, 1750
1575, 372, 374
375, 458, 1601
375, 1601, 1750
1691, 1750, 374
375, 1750, 1691
639, 462, 1751
586, 1752, 585
584, 1752, 1701
584, 1701, 583
905, 510, 1794
905, 1794, 511
1417, 313, 1420
1757, 1343, 1342
450, 1342, 1343
1472, 1816, 1467
1766, 1472, 1467
647, 217, 1758
647, 632, 217
632, 813, 217
1758, 1630, 648
1758, 217, 1630
825, 843, 841
824, 823, 1823
1211, 1761, 1541
894, 1540, 1541
1761, 894, 1541
1210, 1753, 1212
1210, 1761, 1753
1763, 1674, 307
127, 1673, 1674
127, 1674, 1763
1764, 582, 341
776, 1764, 341
580, 1764, 86
387, 1585, 1422
1517, 1765, 431
1519, 1517, 431
1517, 316, 1765
802, 811, 398
419, 811, 802
195, 729, 792
195, 1767, 729
1768, 376, 1676
483, 1768, 1676
590, 1769, 544
990, 590, 544
1060, 998, 842
1576, 72, 1770
114, 72, 565
1770, 72, 114
321, 1809, 1464
1771, 1772, 399
223, 1737, 1019
1737, 633, 1019
222, 1773, 1772
1771, 222, 1772
1774, 1775, 226
226, 406, 676
226, 1775, 406
1490, 381, 1778
1509, 1825, 381
1824, 381, 1825
176, 1549, 1780
1545, 760, 1780
1545, 759, 760
1564, 300, 1782
1785, 803, 194
1609, 279, 1804
191, 1783, 1681
191, 1681, 688
418, 1597, 1784
414, 1597, 1590
1784, 1597, 414
299, 1827, 298
245, 1786, 1143
1691, 1789, 377
383, 1595, 1788
1787, 383, 1788
911, 516, 974
974, 516, 968
1513, 403, 1514
1793, 403, 1513
1775, 403, 1793
510, 1744, 1794
510, 1743, 1744
474, 1799, 241
1799, 1588, 241
887, 99, 1799
1490, 380, 1509
378, 1825, 379
378, 254, 1825
1824, 1825, 254
165, 1596, 1797
457, 1798, 435
457, 435, 1592
1650, 1801, 429
126, 1564, 597
1662, 126, 597
1662, 305, 126
1799, 474, 1561
1561, 240, 1799
887, 1799, 240
99, 1588, 1799
834, 1806, 1110
834, 1111, 1806
1107, 1806, 836
1107, 832, 1806
1387, 1356, 451
1343, 1807, 450
1355, 1356, 1160
1387, 1160, 1356
1333, 1343, 1344
1333, 1807, 1343
1631, 1807, 1333
1631, 1330, 1807
1729, 649, 1808
399, 804, 1808
442, 1439, 1435
1385, 817, 1810
1384, 817, 1385
1385, 1810, 424
443, 1811, 1464
441, 1811, 1812
1812, 437, 1518
441, 1812, 1518
1728, 647, 1758
1728, 1758, 648
1728, 648, 1813
1472, 1470, 1814
1472, 1477, 1470
1477, 1613, 1614
1613, 1471, 1614
1816, 1815, 1308
1473, 1814, 1619
1474, 1281, 1817
1317, 1474, 1817
1469, 1281, 1615
1819, 385, 425
1488, 385, 1819
1818, 1314, 1817
1818, 1817, 1281
506, 1039, 1820
506, 1040, 1039
1039, 1040, 492
409, 1820, 1039
1556, 1555, 1820
409, 1556, 1820
1596, 1821, 426
1596, 426, 1760
780, 428, 878
780, 1822, 428
824, 827, 829
824, 545, 827
824, 1823, 545
1824, 382, 1778
381, 1824, 1778
294, 1828, 1666
1575, 1824, 254
1575, 382, 1824
296, 1740, 1826
1805, 105, 1804
1828, 293, 1827
128, 1828, 1827
1666, 1828, 128
294, 1740, 1828
1741, 1524, 1829
8, 1741, 1829
