0.000000e+00, -4.445703e-03, -4.158300e-02, 2.337205e-01, -1.727893e-01, 1.241025e-02, 3.924808e-01
-4.446955e-03, 0.000000e+00, -4.158300e-02, -6.156645e-01, -2.090447e-01, -4.306821e-01, 3.924808e-01
4.446955e-03, 0.000000e+00, -4.158300e-02, 1.968948e-01, -2.090446e-01, -4.306821e-01, 3.924808e-01
0.000000e+00, 4.448188e-03, -4.158300e-02, 1.339637e-01, 5.400112e-01, -8.732052e-02, 3.924808e-01
0.000000e+00, -6.380612e-03, -3.696267e-02, 4.730108e-01, -1.133790e-01, 2.785569e-01, 3.924808e-01
-4.406082e-03, -4.620333e-03, -3.696267e-02, -7.691636e-01, -7.894954e-01, -5.597176e-01, 3.924808e-01
-4.620333e-03, -4.406399e-03, -3.696267e-02, -3.484871e-02, -1.581383e-02, 1.942677e-01, 3.924808e-01
4.406082e-03, -4.620333e-03, -3.696267e-02, 3.850845e-02, -7.894954e-01, -5.597176e-01, 3.924808e-01
4.620333e-03, -4.406399e-03, -3.696267e-02, 8.121566e-01, -1.581385e-02, 1.942678e-01, 3.924808e-01
-6.382921e-03, 0.000000e+00, -3.696267e-02, -5.736035e-01, 1.298182e-02, -1.820679e-01, 3.924808e-01
-4.620333e-03, 4.401358e-03, -3.696267e-02, -3.232687e-01, 5.056030e-01, -9.292500e-02, 3.924808e-01
6.382921e-03, 0.000000e+00, -3.696267e-02, 5.982986e-01, 1.298183e-02, -1.820678e-01, 3.924808e-01
4.620333e-03, 4.401358e-03, -3.696267e-02, 5.263078e-01, 5.056031e-01, -9.292498e-02, 3.924808e-01
-4.401711e-03, 4.620333e-03, -3.696267e-02, -6.981621e-01, 1.306781e-01, -4.878855e-01, 3.924808e-01
4.401711e-03, 4.620333e-03, -3.696267e-02, 1.112722e-01, 1.306781e-01, -4.878855e-01, 3.924808e-01
0.000000e+00, 6.385230e-03, -3.696267e-02, -2.048206e-01, 3.806907e-01, -3.991974e-01, 3.924808e-01
-4.620333e-03, -6.133736e-03, -3.234233e-02, -6.126391e-01, -7.531711e-01, -3.557778e-01, 3.924808e-01
0.000000e+00, -7.675199e-03, -3.234233e-02, 1.863398e-01, -5.221045e-01, 1.793924e-02, 3.924808e-01
4.620333e-03, -6.133736e-03, -3.234233e-02, 2.377021e-01, -7.531711e-01, -3.557777e-01, 3.924808e-01
-6.135869e-03, -4.620333e-03, -3.234233e-02, -9.321550e-01, -7.929981e-01, -5.355501e-01, 3.924808e-01
6.135869e-03, -4.620333e-03, -3.234233e-02, 1.975955e-01, -7.929981e-01, -5.355501e-01, 3.924808e-01
-7.678142e-03, 0.000000e+00, -3.234233e-02, -3.287947e-01, 3.798904e-01, 2.107415e-01, 3.924808e-01
7.678142e-03, 0.000000e+00, -3.234233e-02, 1.086944e+00, 3.798904e-01, 2.107414e-01, 3.924808e-01
-6.128960e-03, 4.620333e-03, -3.234233e-02, -1.201956e-01, 8.718606e-01, 2.772611e-01, 3.924808e-01
-4.620333e-03, 6.131093e-03, -3.234233e-02, -6.673120e-01, 3.244669e-01, -4.089173e-01, 3.924808e-01
0.000000e+00, 7.681103e-03, -3.234233e-02, -2.757172e-01, 4.315778e-01, -4.439831e-01, 3.924808e-01
6.128960e-03, 4.620333e-03, -3.234233e-02, 1.011510e+00, 8.718606e-01, 2.772612e-01, 3.924808e-01
4.620333e-03, 6.131093e-03, -3.234233e-02, 1.861921e-01, 3.244669e-01, -4.089173e-01, 3.924808e-01
-4.620333e-03, -7.292424e-03, -2.772200e-02, -3.354380e-01, -5.838988e-01, -5.163876e-02, 3.924808e-01
0.000000e+00, -8.629285e-03, -2.772200e-02, -3.909760e-01, -1.190452e+00, -5.340288e-01, 3.924808e-01
4.620333e-03, -7.292424e-03, -2.772200e-02, 5.180509e-01, -5.838988e-01, -5.163876e-02, 3.924808e-01
-7.295746e-03, -4.620333e-03, -2.772200e-02, -5.715125e-01, -3.243751e-01, -4.008574e-02, 3.924808e-01
7.295746e-03, -4.620333e-03, -2.772200e-02, 7.770645e-01, -3.243751e-01, -4.008574e-02, 3.924808e-01
-8.632501e-03, 0.000000e+00, -2.772200e-02, -7.338313e-01, 6.589952e-02, -7.795285e-02, 3.924808e-01
8.632501e-03, 0.000000e+00, -2.772200e-02, 8.638396e-01, 6.589950e-02, -7.795283e-02, 3.924808e-01
-7.288168e-03, 4.620333e-03, -2.772200e-02, -5.358369e-01, 5.674032e-01, -3.610370e-03, 3.924808e-01
-4.620333e-03, 7.291481e-03, -2.772200e-02, -1.999720e-01, 9.027594e-01, 8.542856e-02, 3.924808e-01
0.000000e+00, 8.635735e-03, -2.772200e-02, -4.073630e-01, 3.908326e-01, -5.502239e-01, 3.924808e-01
7.288168e-03, 4.620333e-03, -2.772200e-02, 8.147203e-01, 5.674032e-01, -3.610370e-03, 3.924808e-01
4.620333e-03, 7.291481e-03, -2.772200e-02, 6.567667e-01, 9.027595e-01, 8.542854e-02, 3.924808e-01
0.000000e+00, -9.352763e-03, -2.310167e-02, -3.599335e-01, -1.229121e+00, -4.782458e-01, 3.924808e-01
-1.445828e-03, -9.240667e-03, -2.310167e-02, 2.325828e-01, -4.921924e-01, 2.482417e-01, 3.924808e-01
-4.620333e-03, -8.135410e-03, -2.310167e-02, -7.956001e-01, -1.123133e+00, -4.856300e-01, 3.924808e-01
1.445828e-03, -9.240667e-03, -2.310167e-02, 5.004992e-01, -4.921924e-01, 2.482417e-01, 3.924808e-01
4.620333e-03, -8.135410e-03, -2.310167e-02, 6.072550e-02, -1.123133e+00, -4.856300e-01, 3.924808e-01
-8.139146e-03, -4.620333e-03, -2.310167e-02, -9.920835e-01, -6.657442e-01, -3.553675e-01, 3.924808e-01
-9.240667e-03, -1.473394e-03, -2.310167e-02, -1.090297e+00, -3.686842e-01, -3.508833e-01, 3.924808e-01
8.139146e-03, -4.620333e-03, -2.310167e-02, 5.174836e-01, -6.657442e-01, -3.553675e-01, 3.924808e-01
9.240667e-03, -1.473394e-03, -2.310167e-02, 6.247991e-01, -3.686842e-01, -3.508833e-01, 3.924808e-01
-9.355935e-03, 0.000000e+00, -2.310167e-02, -7.132249e-01, 1.562082e-01, 3.713214e-02, 3.924808e-01
-9.240667e-03, 1.454923e-03, -2.310167e-02, -9.884028e-01, 5.650180e-03, -2.485075e-01, 3.924808e-01
9.355935e-03, 0.000000e+00, -2.310167e-02, 1.023869e+00, 1.562082e-01, 3.713216e-02, 3.924808e-01
9.240667e-03, 1.454923e-03, -2.310167e-02, 7.278785e-01, 5.650166e-03, -2.485075e-01, 3.924808e-01
-8.131832e-03, 4.620333e-03, -2.310167e-02, -1.042272e+00, 1.428422e-01, -4.048711e-01, 3.924808e-01
-4.620333e-03, 8.135560e-03, -2.310167e-02, -3.442147e-01, 8.402691e-01, -3.271863e-02, 3.924808e-01
8.131832e-03, 4.620333e-03, -2.310167e-02, 4.691540e-01, 1.428422e-01, -4.048711e-01, 3.924808e-01
4.620333e-03, 8.135560e-03, -2.310167e-02, 5.151524e-01, 8.402691e-01, -3.271865e-02, 3.924808e-01
-1.482066e-03, 9.240667e-03, -2.310167e-02, 7.624582e-02, 1.071063e+00, 9.602061e-02, 3.924808e-01
1.482066e-03, 9.240667e-03, -2.310167e-02, 3.519578e-01, 1.071063e+00, 9.602057e-02, 3.924808e-01
0.000000e+00, 9.359125e-03, -2.310167e-02, -3.924583e-01, 4.754488e-01, -5.105258e-01, 3.924808e-01
0.000000e+00, -9.900333e-03, -1.848133e-02, 1.150945e-01, -8.072608e-01, 2.101484e-02, 3.924808e-01
-3.557782e-03, -9.240667e-03, -1.848133e-02, -3.136175e-01, -8.437137e-01, -7.699424e-02, 3.924808e-01
-4.620333e-03, -8.758962e-03, -1.848133e-02, -5.526396e-01, -9.389708e-01, -2.171964e-01, 3.924808e-01
3.557782e-03, -9.240667e-03, -1.848133e-02, 3.476289e-01, -8.437137e-01, -7.699424e-02, 3.924808e-01
4.620333e-03, -8.758962e-03, -1.848133e-02, 3.061486e-01, -9.389708e-01, -2.171964e-01, 3.924808e-01
-8.762549e-03, -4.620333e-03, -1.848133e-02, -4.028597e-01, -1.753916e-02, 3.182477e-01, 3.924808e-01
-9.240667e-03, -3.568498e-03, -1.848133e-02, -5.928281e-01, -6.484394e-02, 1.728919e-01, 3.924808e-01
8.762549e-03, -4.620333e-03, -1.848133e-02, 1.226934e+00, -1.753916e-02, 3.182477e-01, 3.924808e-01
9.240667e-03, -3.568498e-03, -1.848133e-02, 1.126220e+00, -6.484396e-02, 1.728919e-01, 3.924808e-01
-9.903197e-03, 0.000000e+00, -1.848133e-02, -6.861897e-01, 2.363825e-01, 1.416475e-01, 3.924808e-01
-9.240667e-03, 3.554257e-03, -1.848133e-02, -4.921216e-01, 6.999947e-01, 2.744969e-01, 3.924808e-01
9.903197e-03, 0.000000e+00, -1.848133e-02, 1.157353e+00, 2.363825e-01, 1.416476e-01, 3.924808e-01
9.240667e-03, 3.554257e-03, -1.848133e-02, 1.229243e+00, 6.999948e-01, 2.744969e-01, 3.924808e-01
-8.756115e-03, 4.620333e-03, -1.848133e-02, -1.063689e+00, 1.825466e-01, -3.420593e-01, 3.924808e-01
-4.620333e-03, 8.759702e-03, -1.848133e-02, -4.382664e-01, 8.073239e-01, -1.014736e-01, 3.924808e-01
8.756115e-03, 4.620333e-03, -1.848133e-02, 5.677274e-01, 1.825466e-01, -3.420593e-01, 3.924808e-01
4.620333e-03, 8.759702e-03, -1.848133e-02, 4.231544e-01, 8.073239e-01, -1.014736e-01, 3.924808e-01
-3.564973e-03, 9.240667e-03, -1.848133e-02, -5.932053e-01, 5.986358e-01, -3.547232e-01, 3.924808e-01
3.564973e-03, 9.240667e-03, -1.848133e-02, 7.149670e-02, 5.986358e-01, -3.547232e-01, 3.924808e-01
0.000000e+00, 9.906070e-03, -1.848133e-02, -7.525047e-02, 8.459372e-01, -1.690391e-01, 3.924808e-01
0.000000e+00, -1.030320e-02, -1.386100e-02, 1.790343e-01, -7.826405e-01, 1.087804e-01, 3.924808e-01
-4.561236e-03, -9.240667e-03, -1.386100e-02, -5.935514e-01, -1.030921e+00, -2.387627e-01, 3.924808e-01
-4.620333e-03, -9.211303e-03, -1.386100e-02, -4.352896e-02, -4.726460e-01, 3.167695e-01, 3.924808e-01
4.561236e-03, -9.240667e-03, -1.386100e-02, 2.562691e-01, -1.030921e+00, -2.387627e-01, 3.924808e-01
4.620333e-03, -9.211303e-03, -1.386100e-02, 8.173048e-01, -4.726460e-01, 3.167695e-01, 3.924808e-01
-9.214335e-03, -4.620333e-03, -1.386100e-02, -3.777708e-01, 5.055830e-02, 4.111571e-01, 3.924808e-01
-9.240667e-03, -4.567440e-03, -1.386100e-02, -1.030718e+00, -5.949892e-01, -2.393299e-01, 3.924808e-01
9.214335e-03, -4.620333e-03, -1.386100e-02, 1.339941e+00, 5.055831e-02, 4.111571e-01, 3.924808e-01
9.240667e-03, -4.567440e-03, -1.386100e-02, 6.919146e-01, -5.949892e-01, -2.393299e-01, 3.924808e-01
-1.030554e-02, 0.000000e+00, -1.386100e-02, -7.818234e-01, 1.800253e-01, 1.092818e-01, 3.924808e-01
-9.240667e-03, 4.557077e-03, -1.386100e-02, -7.244973e-01, 5.633894e-01, 6.768413e-02, 3.924808e-01
1.030554e-02, 0.000000e+00, -1.386100e-02, 1.140566e+00, 1.800253e-01, 1.092818e-01, 3.924808e-01
9.240667e-03, 4.557077e-03, -1.386100e-02, 1.000367e+00, 5.633894e-01, 6.768413e-02, 3.924808e-01
-9.209188e-03, 4.620333e-03, -1.386100e-02, -4.474863e-01, 8.433629e-01, 3.417639e-01, 3.924808e-01
-4.620333e-03, 9.212220e-03, -1.386100e-02, -9.810008e-02, 1.192182e+00, 2.632970e-01, 3.924808e-01
9.209188e-03, 4.620333e-03, -1.386100e-02, 1.271517e+00, 8.433629e-01, 3.417639e-01, 3.924808e-01
4.620333e-03, 9.212220e-03, -1.386100e-02, 7.648159e-01, 1.192182e+00, 2.632970e-01, 3.924808e-01
-4.563281e-03, 9.240667e-03, -1.386100e-02, -5.652161e-01, 7.223851e-01, -2.091424e-01, 3.924808e-01
4.563281e-03, 9.240667e-03, -1.386100e-02, 2.870470e-01, 7.223851e-01, -2.091424e-01, 3.924808e-01
0.000000e+00, 1.030787e-02, -1.386100e-02, 4.329231e-01, 1.393638e+00, 3.629979e-01, 3.924808e-01
-4.620333e-03, -9.519515e-03, -9.240667e-03, -6.648191e-01, -1.123088e+00, -2.801970e-01, 3.924808e-01
0.000000e+00, -1.058023e-02, -9.240667e-03, -2.566966e-01, -1.245461e+00, -3.034294e-01, 3.924808e-01
4.620333e-03, -9.519515e-03, -9.240667e-03, 1.976106e-01, -1.123088e+00, -2.801970e-01, 3.924808e-01
-5.156015e-03, -9.240667e-03, -9.240667e-03, -1.668772e-01, -5.490477e-01, 2.677793e-01, 3.924808e-01
-9.240667e-03, -5.159540e-03, -9.240667e-03, -9.938951e-01, -6.128507e-01, -1.775457e-01, 3.924808e-01
5.156015e-03, -9.240667e-03, -9.240667e-03, 7.955609e-01, -5.490477e-01, 2.677793e-01, 3.924808e-01
9.240667e-03, -5.159540e-03, -9.240667e-03, 7.315570e-01, -6.128507e-01, -1.775457e-01, 3.924808e-01
-9.521682e-03, -4.620333e-03, -9.240667e-03, -6.114938e-01, -1.537632e-01, 2.311307e-01, 3.924808e-01
9.521682e-03, -4.620333e-03, -9.240667e-03, 1.166516e+00, -1.537632e-01, 2.311307e-01, 3.924808e-01
-1.058187e-02, 0.000000e+00, -9.240667e-03, -1.002309e+00, -1.342410e-02, -6.043900e-02, 3.924808e-01
1.058187e-02, 0.000000e+00, -9.240667e-03, 9.745408e-01, -1.342409e-02, -6.043901e-02, 3.924808e-01
-9.518122e-03, 4.620333e-03, -9.240667e-03, -1.173000e+00, 1.483251e-01, -3.302755e-01, 3.924808e-01
-9.240667e-03, 5.152807e-03, -9.240667e-03, -1.056840e+00, 2.882948e-01, -2.400060e-01, 3.924808e-01
9.518122e-03, 4.620333e-03, -9.240667e-03, 6.059066e-01, 1.483251e-01, -3.302755e-01, 3.924808e-01
9.240667e-03, 5.152807e-03, -9.240667e-03, 6.702934e-01, 2.882948e-01, -2.400059e-01, 3.924808e-01
-5.156315e-03, 9.240667e-03, -9.240667e-03, -3.400677e-01, 1.004865e+00, 9.541429e-02, 3.924808e-01
-4.620333e-03, 9.520290e-03, -9.240667e-03, -2.821763e-01, 1.038730e+00, 1.032388e-01, 3.924808e-01
0.000000e+00, 1.058351e-02, -9.240667e-03, 3.540019e-01, 1.342087e+00, 3.076255e-01, 3.924808e-01
5.156315e-03, 9.240667e-03, -9.240667e-03, 6.239901e-01, 1.004865e+00, 9.541430e-02, 3.924808e-01
4.620333e-03, 9.520290e-03, -9.240667e-03, 5.816872e-01, 1.038730e+00, 1.032388e-01, 3.924808e-01
-4.620333e-03, -9.699133e-03, -4.620333e-03, -1.973899e-01, -6.725406e-01, 2.111147e-01, 3.924808e-01
0.000000e+00, -1.074276e-02, -4.620333e-03, -1.711568e-01, -1.175753e+00, -1.945703e-01, 3.924808e-01
4.620333e-03, -9.699133e-03, -4.620333e-03, 6.661605e-01, -6.725406e-01, 2.111147e-01, 3.924808e-01
-5.480477e-03, -9.240667e-03, -4.620333e-03, -4.158588e-01, -7.677187e-01, 7.308531e-02, 3.924808e-01
-9.240667e-03, -5.482063e-03, -4.620333e-03, -8.348861e-01, -4.835932e-01, 5.764336e-03, 3.924808e-01
5.480477e-03, -9.240667e-03, -4.620333e-03, 6.084699e-01, -7.677187e-01, 7.308534e-02, 3.924808e-01
9.240667e-03, -5.482063e-03, -4.620333e-03, 8.924951e-01, -4.835932e-01, 5.764333e-03, 3.924808e-01
-9.700261e-03, -4.620333e-03, -4.620333e-03, -1.309869e+00, -8.349876e-01, -4.262324e-01, 3.924808e-01
9.700261e-03, -4.620333e-03, -4.620333e-03, 5.034944e-01, -8.349876e-01, -4.262324e-01, 3.924808e-01
-1.074360e-02, 0.000000e+00, -4.620333e-03, -1.068093e+00, -6.343646e-02, -8.689834e-02, 3.924808e-01
1.074360e-02, 0.000000e+00, -4.620333e-03, 9.407500e-01, -6.343644e-02, -8.689834e-02, 3.924808e-01
-9.698454e-03, 4.620333e-03, -4.620333e-03, -1.204002e+00, 1.350182e-01, -3.205015e-01, 3.924808e-01
-9.240667e-03, 5.478785e-03, -4.620333e-03, -1.190405e+00, 1.860630e-01, -3.496849e-01, 3.924808e-01
9.698454e-03, 4.620333e-03, -4.620333e-03, 6.098153e-01, 1.350182e-01, -3.205015e-01, 3.924808e-01
9.240667e-03, 5.478785e-03, -4.620333e-03, 5.378617e-01, 1.860630e-01, -3.496849e-01, 3.924808e-01
-5.480371e-03, 9.240667e-03, -4.620333e-03, -9.158463e-01, 4.605212e-01, -4.265118e-01, 3.924808e-01
-4.620333e-03, 9.699573e-03, -4.620333e-03, -5.868026e-01, 7.519976e-01, -1.778487e-01, 3.924808e-01
0.000000e+00, 1.074444e-02, -4.620333e-03, 7.644630e-02, 1.080694e+00, 5.340630e-02, 3.924808e-01
5.480371e-03, 9.240667e-03, -4.620333e-03, 1.092893e-01, 4.605213e-01, -4.265118e-01, 3.924808e-01
4.620333e-03, 9.699573e-03, -4.620333e-03, 2.774710e-01, 7.519976e-01, -1.778487e-01, 3.924808e-01
-4.620333e-03, -9.758327e-03, 0.000000e+00, -1.460022e-01, -6.264878e-01, 2.860371e-01, 3.924808e-01
0.000000e+00, -1.079689e-02, 0.000000e+00, -1.168419e-01, -1.126537e+00, -1.170339e-01, 3.924808e-01
4.620333e-03, -9.758327e-03, 0.000000e+00, 7.181728e-01, -6.264878e-01, 2.860371e-01, 3.924808e-01
-5.584131e-03, -9.240667e-03, 0.000000e+00, -9.094215e-01, -1.251365e+00, -3.871923e-01, 3.924808e-01
-9.240667e-03, -5.584078e-03, 0.000000e+00, -3.877989e-01, -4.584065e-02, 4.765592e-01, 3.924808e-01
5.584131e-03, -9.240667e-03, 0.000000e+00, 1.350189e-01, -1.251365e+00, -3.871923e-01, 3.924808e-01
9.240667e-03, -5.584078e-03, 0.000000e+00, 1.340544e+00, -4.584065e-02, 4.765592e-01, 3.924808e-01
-9.758300e-03, -4.620333e-03, 0.000000e+00, -6.652185e-01, -1.847266e-01, 2.475417e-01, 3.924808e-01
9.758300e-03, -4.620333e-03, 0.000000e+00, 1.159939e+00, -1.847266e-01, 2.475417e-01, 3.924808e-01
-1.079687e-02, 0.000000e+00, 0.000000e+00, -1.369364e+00, -3.596710e-01, -3.596677e-01, 3.924808e-01
1.079687e-02, 0.000000e+00, 0.000000e+00, 6.500337e-01, -3.596710e-01, -3.596677e-01, 3.924808e-01
-9.758344e-03, 4.620333e-03, 0.000000e+00, -7.614346e-01, 5.832189e-01, 1.509530e-01, 3.924808e-01
-9.240667e-03, 5.584166e-03, 0.000000e+00, -9.522616e-01, 4.341155e-01, -8.829201e-02, 3.924808e-01
9.758344e-03, 4.620333e-03, 0.000000e+00, 1.063713e+00, 5.832189e-01, 1.509530e-01, 3.924808e-01
9.240667e-03, 5.584166e-03, 0.000000e+00, 7.760608e-01, 4.341155e-01, -8.829200e-02, 3.924808e-01
-5.584131e-03, 9.240667e-03, 0.000000e+00, -6.671548e-01, 7.192244e-01, -1.449582e-01, 3.924808e-01
-4.620333e-03, 9.758318e-03, 0.000000e+00, -3.196764e-01, 1.024982e+00, 1.124458e-01, 3.924808e-01
0.000000e+00, 1.079685e-02, 0.000000e+00, 2.873374e-01, 1.297040e+00, 2.875246e-01, 3.924808e-01
5.584131e-03, 9.240667e-03, 0.000000e+00, 3.772658e-01, 7.192244e-01, -1.449582e-01, 3.924808e-01
4.620333e-03, 9.758318e-03, 0.000000e+00, 5.444811e-01, 1.024982e+00, 1.124458e-01, 3.924808e-01
-4.620333e-03, -9.699609e-03, 4.620333e-03, -3.439787e-01, -8.184905e-01, 1.113432e-01, 3.924808e-01
0.000000e+00, -1.074450e-02, 4.620333e-03, 3.761736e-01, -6.280632e-01, 3.992093e-01, 3.924808e-01
4.620333e-03, -9.699609e-03, 4.620333e-03, 5.203081e-01, -8.184905e-01, 1.113433e-01, 3.924808e-01
-5.480407e-03, -9.240667e-03, 4.620333e-03, -3.623859e-01, -7.135977e-01, 1.734214e-01, 3.924808e-01
-9.240667e-03, -5.478750e-03, 4.620333e-03, -8.737798e-01, -5.219751e-01, 1.376805e-02, 3.924808e-01
5.480407e-03, -9.240667e-03, 4.620333e-03, 6.627708e-01, -7.135977e-01, 1.734214e-01, 3.924808e-01
9.240667e-03, -5.478750e-03, 4.620333e-03, 8.544980e-01, -5.219751e-01, 1.376805e-02, 3.924808e-01
-9.698436e-03, -4.620333e-03, 4.620333e-03, -9.857334e-01, -5.109387e-01, -5.541840e-02, 3.924808e-01
9.698436e-03, -4.620333e-03, 4.620333e-03, 8.280889e-01, -5.109387e-01, -5.541841e-02, 3.924808e-01
-1.074363e-02, 0.000000e+00, 4.620333e-03, -1.222971e+00, -2.187986e-01, -1.953298e-01, 3.924808e-01
1.074363e-02, 0.000000e+00, 4.620333e-03, 7.858669e-01, -2.187985e-01, -1.953298e-01, 3.924808e-01
-9.700331e-03, 4.620333e-03, 4.620333e-03, -1.319199e+00, 1.926771e-02, -3.894827e-01, 3.924808e-01
-9.240667e-03, 5.482187e-03, 4.620333e-03, -6.644794e-01, 7.115984e-01, 2.222328e-01, 3.924808e-01
9.700331e-03, 4.620333e-03, 4.620333e-03, 4.941514e-01, 1.926771e-02, -3.894827e-01, 3.924808e-01
9.240667e-03, 5.482187e-03, 4.620333e-03, 1.062874e+00, 7.115984e-01, 2.222328e-01, 3.924808e-01
-5.480530e-03, 9.240667e-03, 4.620333e-03, -4.829620e-01, 8.932204e-01, 5.241086e-02, 3.924808e-01
-4.620333e-03, 9.699150e-03, 4.620333e-03, -2.332221e-01, 1.105473e+00, 2.218086e-01, 3.924808e-01
0.000000e+00, 1.074275e-02, 4.620333e-03, 1.076910e-01, 1.112292e+00, 1.311001e-01, 3.924808e-01
5.480530e-03, 9.240667e-03, 4.620333e-03, 5.413520e-01, 8.932204e-01, 5.241086e-02, 3.924808e-01
4.620333e-03, 9.699150e-03, 4.620333e-03, 6.303068e-01, 1.105473e+00, 2.218086e-01, 3.924808e-01
-4.620333e-03, -9.520352e-03, 9.240667e-03, -3.623361e-01, -8.193648e-01, 1.161133e-01, 3.924808e-01
0.000000e+00, -1.058360e-02, 9.240667e-03, 7.013914e-02, -9.179335e-01, 1.165121e-01, 3.924808e-01
4.620333e-03, -9.520352e-03, 9.240667e-03, 5.015361e-01, -8.193648e-01, 1.161132e-01, 3.924808e-01
-5.156421e-03, -9.240667e-03, 9.240667e-03, -6.856911e-01, -1.066537e+00, -1.571042e-01, 3.924808e-01
-9.240667e-03, -5.152825e-03, 9.240667e-03, -1.154931e+00, -7.729343e-01, -2.446341e-01, 3.924808e-01
5.156421e-03, -9.240667e-03, 9.240667e-03, 2.783955e-01, -1.066537e+00, -1.571042e-01, 3.924808e-01
9.240667e-03, -5.152825e-03, 9.240667e-03, 5.722040e-01, -7.729343e-01, -2.446341e-01, 3.924808e-01
-9.518131e-03, -4.620333e-03, 9.240667e-03, -1.121668e+00, -6.640886e-01, -1.854887e-01, 3.924808e-01
9.518131e-03, -4.620333e-03, 9.240667e-03, 6.572399e-01, -6.640886e-01, -1.854887e-01, 3.924808e-01
-1.058192e-02, 0.000000e+00, 9.240667e-03, -7.740055e-01, 2.139430e-01, 2.609654e-01, 3.924808e-01
1.058192e-02, 0.000000e+00, 9.240667e-03, 1.202834e+00, 2.139430e-01, 2.609654e-01, 3.924808e-01
-9.521779e-03, 4.620333e-03, 9.240667e-03, -8.945021e-01, 4.257582e-01, 4.087189e-02, 3.924808e-01
-9.240667e-03, 5.159717e-03, 9.240667e-03, -1.063542e+00, 2.808536e-01, -1.544609e-01, 3.924808e-01
9.521779e-03, 4.620333e-03, 9.240667e-03, 8.834916e-01, 4.257582e-01, 4.087188e-02, 3.924808e-01
9.240667e-03, 5.159717e-03, 9.240667e-03, 6.618742e-01, 2.808536e-01, -1.544609e-01, 3.924808e-01
-5.156103e-03, 9.240667e-03, 9.240667e-03, 7.262752e-03, 1.351863e+00, 5.350353e-01, 3.924808e-01
-4.620333e-03, 9.519550e-03, 9.240667e-03, -3.632709e-02, 1.284360e+00, 4.414645e-01, 3.924808e-01
0.000000e+00, 1.058023e-02, 9.240667e-03, 4.901465e-01, 1.478913e+00, 5.368761e-01, 3.924808e-01
5.156103e-03, 9.240667e-03, 9.240667e-03, 9.696894e-01, 1.351863e+00, 5.350353e-01, 3.924808e-01
4.620333e-03, 9.519550e-03, 9.240667e-03, 8.260771e-01, 1.284360e+00, 4.414644e-01, 3.924808e-01
0.000000e+00, -1.030798e-02, 1.386100e-02, -3.151798e-01, -1.275879e+00, -2.452563e-01, 3.924808e-01
-4.563439e-03, -9.240667e-03, 1.386100e-02, -8.035630e-01, -1.238865e+00, -3.073584e-01, 3.924808e-01
-4.620333e-03, -9.212299e-03, 1.386100e-02, -4.535261e-01, -8.808782e-01, 4.799318e-02, 3.924808e-01
4.563439e-03, -9.240667e-03, 1.386100e-02, 4.873375e-02, -1.238865e+00, -3.073584e-01, 3.924808e-01
4.620333e-03, -9.212299e-03, 1.386100e-02, 4.093940e-01, -8.808782e-01, 4.799316e-02, 3.924808e-01
-9.209223e-03, -4.620333e-03, 1.386100e-02, -1.171882e+00, -7.437293e-01, -2.421319e-01, 3.924808e-01
-9.240667e-03, -4.557129e-03, 1.386100e-02, -6.551432e-01, -2.181749e-01, 2.775339e-01, 3.924808e-01
9.209223e-03, -4.620333e-03, 1.386100e-02, 5.471190e-01, -7.437293e-01, -2.421319e-01, 3.924808e-01
9.240667e-03, -4.557129e-03, 1.386100e-02, 1.069713e+00, -2.181749e-01, 2.775339e-01, 3.924808e-01
-1.030560e-02, 0.000000e+00, 1.386100e-02, -8.826298e-01, 7.789252e-02, 1.486448e-01, 3.924808e-01
-9.240667e-03, 4.567652e-03, 1.386100e-02, -6.875376e-01, 5.993524e-01, 2.436842e-01, 3.924808e-01
1.030560e-02, 0.000000e+00, 1.386100e-02, 1.039743e+00, 7.789253e-02, 1.486448e-01, 3.924808e-01
9.240667e-03, 4.567652e-03, 1.386100e-02, 1.035053e+00, 5.993524e-01, 2.436842e-01, 3.924808e-01
-9.214449e-03, 4.620333e-03, 1.386100e-02, -8.612511e-01, 4.281083e-01, 6.752031e-02, 3.924808e-01
-4.620333e-03, 9.211374e-03, 1.386100e-02, -9.016878e-01, 3.882486e-01, -4.011687e-01, 3.924808e-01
9.214449e-03, 4.620333e-03, 1.386100e-02, 8.564397e-01, 4.281083e-01, 6.752029e-02, 3.924808e-01
4.620333e-03, 9.211374e-03, 1.386100e-02, -4.088333e-02, 3.882487e-01, -4.011687e-01, 3.924808e-01
-4.561360e-03, 9.240667e-03, 1.386100e-02, -7.018233e-01, 5.853578e-01, -2.067962e-01, 3.924808e-01
4.561360e-03, 9.240667e-03, 1.386100e-02, 1.479912e-01, 5.853578e-01, -2.067962e-01, 3.924808e-01
0.000000e+00, 1.030323e-02, 1.386100e-02, -1.131335e-01, 8.485402e-01, -4.288114e-02, 3.924808e-01
0.000000e+00, -9.906167e-03, 1.848133e-02, 2.817392e-02, -8.929950e-01, 1.219632e-01, 3.924808e-01
-3.565185e-03, -9.240667e-03, 1.848133e-02, -3.649031e-01, -8.919984e-01, 6.133730e-02, 3.924808e-01
-4.620333e-03, -8.759781e-03, 1.848133e-02, -7.230760e-01, -1.107232e+00, -1.984476e-01, 3.924808e-01
3.565185e-03, -9.240667e-03, 1.848133e-02, 2.998386e-01, -8.919983e-01, 6.133730e-02, 3.924808e-01
4.620333e-03, -8.759781e-03, 1.848133e-02, 1.383441e-01, -1.107232e+00, -1.984476e-01, 3.924808e-01
-8.756142e-03, -4.620333e-03, 1.848133e-02, -6.080982e-01, -2.229199e-01, 3.016840e-01, 3.924808e-01
-9.240667e-03, -3.554363e-03, 1.848133e-02, -1.058354e+00, -5.291261e-01, -1.036167e-01, 3.924808e-01
8.756142e-03, -4.620333e-03, 1.848133e-02, 1.023307e+00, -2.229198e-01, 3.016840e-01, 3.924808e-01
9.240667e-03, -3.554363e-03, 1.848133e-02, 6.629908e-01, -5.291260e-01, -1.036167e-01, 3.924808e-01
-9.903267e-03, 0.000000e+00, 1.848133e-02, -1.375143e+00, -4.541931e-01, -3.594476e-01, 3.924808e-01
-9.240667e-03, 3.568780e-03, 1.848133e-02, -1.252088e+00, -6.103506e-02, -2.987829e-01, 3.924808e-01
9.903267e-03, 0.000000e+00, 1.848133e-02, 4.683776e-01, -4.541931e-01, -3.594476e-01, 3.924808e-01
9.240667e-03, 3.568780e-03, 1.848133e-02, 4.669132e-01, -6.103507e-02, -2.987829e-01, 3.924808e-01
-8.762663e-03, 4.620333e-03, 1.848133e-02, -7.266970e-01, 5.177492e-01, 1.819769e-01, 3.924808e-01
-4.620333e-03, 8.759024e-03, 1.848133e-02, -1.433758e-01, 1.101723e+00, 3.799535e-01, 3.924808e-01
8.762663e-03, 4.620333e-03, 1.848133e-02, 9.030704e-01, 5.177492e-01, 1.819769e-01, 3.924808e-01
4.620333e-03, 8.759024e-03, 1.848133e-02, 7.153796e-01, 1.101723e+00, 3.799535e-01, 3.924808e-01
-3.557923e-03, 9.240667e-03, 1.848133e-02, -6.189807e-01, 5.723526e-01, -1.943566e-01, 3.924808e-01
3.557923e-03, 9.240667e-03, 1.848133e-02, 4.226597e-02, 5.723526e-01, -1.943566e-01, 3.924808e-01
0.000000e+00, 9.900359e-03, 1.848133e-02, 2.677848e-01, 1.190134e+00, 3.618653e-01, 3.924808e-01
0.000000e+00, -9.359196e-03, 2.310167e-02, 3.465131e-01, -5.213705e-01, 4.645843e-01, 3.924808e-01
-1.482559e-03, -9.240667e-03, 2.310167e-02, -1.797155e-01, -8.987456e-01, 7.627083e-02, 3.924808e-01
-4.620333e-03, -8.135621e-03, 2.310167e-02, -8.497287e-01, -1.174831e+00, -3.018566e-01, 3.924808e-01
1.482559e-03, -9.240667e-03, 2.310167e-02, 9.608721e-02, -8.987456e-01, 7.627085e-02, 3.924808e-01
4.620333e-03, -8.135621e-03, 2.310167e-02, 9.632795e-03, -1.174831e+00, -3.018566e-01, 3.924808e-01
-8.131849e-03, -4.620333e-03, 2.310167e-02, -1.042453e+00, -7.161447e-01, -1.684333e-01, 3.924808e-01
-9.240667e-03, -1.455134e-03, 2.310167e-02, -1.018742e+00, -2.965568e-01, -4.237045e-02, 3.924808e-01
8.131849e-03, -4.620333e-03, 2.310167e-02, 4.689541e-01, -7.161446e-01, -1.684333e-01, 3.924808e-01
9.240667e-03, -1.455134e-03, 2.310167e-02, 6.975030e-01, -2.965568e-01, -4.237045e-02, 3.924808e-01
-9.355988e-03, 0.000000e+00, 2.310167e-02, -1.213897e+00, -3.462610e-01, -2.271723e-01, 3.924808e-01
-9.240667e-03, 1.473746e-03, 2.310167e-02, -5.278077e-01, 4.656730e-01, 4.478549e-01, 3.924808e-01
9.355988e-03, 0.000000e+00, 2.310167e-02, 5.231648e-01, -3.462610e-01, -2.271722e-01, 3.924808e-01
9.240667e-03, 1.473746e-03, 2.310167e-02, 1.187242e+00, 4.656730e-01, 4.478549e-01, 3.924808e-01
-8.139234e-03, 4.620333e-03, 2.310167e-02, -7.865481e-01, 3.966469e-01, 8.628899e-02, 3.924808e-01
-4.620333e-03, 8.135463e-03, 2.310167e-02, -7.583980e-01, 4.254338e-01, -2.120567e-01, 3.924808e-01
8.139234e-03, 4.620333e-03, 2.310167e-02, 7.229835e-01, 3.966469e-01, 8.628900e-02, 3.924808e-01
4.620333e-03, 8.135463e-03, 2.310167e-02, 9.789163e-02, 4.254338e-01, -2.120567e-01, 3.924808e-01
-1.445969e-03, 9.240667e-03, 2.310167e-02, -3.149210e-02, 9.611942e-01, 2.207764e-01, 3.924808e-01
1.445969e-03, 9.240667e-03, 2.310167e-02, 2.364384e-01, 9.611942e-01, 2.207764e-01, 3.924808e-01
0.000000e+00, 9.352772e-03, 2.310167e-02, 2.052554e-01, 1.074432e+00, 3.235717e-01, 3.924808e-01
-4.620333e-03, -7.291481e-03, 2.772200e-02, -2.443369e-01, -4.903123e-01, 3.270035e-01, 3.924808e-01
0.000000e+00, -8.635762e-03, 2.772200e-02, -7.039722e-02, -8.685643e-01, 7.247136e-02, 3.924808e-01
4.620333e-03, -7.291481e-03, 2.772200e-02, 6.123909e-01, -4.903122e-01, 3.270035e-01, 3.924808e-01
-7.288141e-03, -4.620333e-03, 2.772200e-02, -7.182798e-01, -4.709687e-01, 1.000435e-01, 3.924808e-01
7.288141e-03, -4.620333e-03, 2.772200e-02, 6.322471e-01, -4.709687e-01, 1.000435e-01, 3.924808e-01
-8.632510e-03, 0.000000e+00, 2.772200e-02, -1.208946e+00, -4.110358e-01, -2.671680e-01, 3.924808e-01
8.632510e-03, 0.000000e+00, 2.772200e-02, 3.886803e-01, -4.110358e-01, -2.671681e-01, 3.924808e-01
-7.295782e-03, 4.620333e-03, 2.772200e-02, -5.179022e-01, 5.834983e-01, 2.992323e-01, 3.924808e-01
-4.620333e-03, 7.292433e-03, 2.772200e-02, -4.287367e-01, 6.731781e-01, 1.409413e-01, 3.924808e-01
0.000000e+00, 8.629249e-03, 2.772200e-02, 4.424043e-01, 1.241861e+00, 5.854650e-01, 3.924808e-01
7.295782e-03, 4.620333e-03, 2.772200e-02, 8.306282e-01, 5.834983e-01, 2.992323e-01, 3.924808e-01
4.620333e-03, 7.292433e-03, 2.772200e-02, 4.247135e-01, 6.731781e-01, 1.409413e-01, 3.924808e-01
-4.620333e-03, -6.130969e-03, 3.234233e-02, -5.092026e-01, -6.474537e-01, 8.591081e-02, 3.924808e-01
0.000000e+00, -7.681033e-03, 3.234233e-02, 6.889737e-02, -6.383610e-01, 2.371756e-01, 3.924808e-01
4.620333e-03, -6.130969e-03, 3.234233e-02, 3.442846e-01, -6.474537e-01, 8.591083e-02, 3.924808e-01
-6.128837e-03, -4.620333e-03, 3.234233e-02, -8.687024e-01, -7.290647e-01, -1.344655e-01, 3.924808e-01
6.128837e-03, -4.620333e-03, 3.234233e-02, 2.629542e-01, -7.290647e-01, -1.344655e-01, 3.924808e-01
-7.678054e-03, 0.000000e+00, 3.234233e-02, -3.313202e-01, 3.756954e-01, 5.448630e-01, 3.924808e-01
7.678054e-03, 0.000000e+00, 3.234233e-02, 1.084355e+00, 3.756954e-01, 5.448629e-01, 3.924808e-01
-6.135781e-03, 4.620333e-03, 3.234233e-02, -7.016912e-01, 2.888532e-01, 3.143353e-02, 3.924808e-01
-4.620333e-03, 6.133631e-03, 3.234233e-02, -2.992083e-01, 6.916174e-01, 2.942635e-01, 3.924808e-01
0.000000e+00, 7.675093e-03, 3.234233e-02, -1.577723e-01, 5.506445e-01, 1.064072e-02, 3.924808e-01
6.135781e-03, 4.620333e-03, 3.234233e-02, 4.279929e-01, 2.888531e-01, 3.143352e-02, 3.924808e-01
4.620333e-03, 6.133631e-03, 3.234233e-02, 5.510922e-01, 6.916174e-01, 2.942635e-01, 3.924808e-01
0.000000e+00, -6.384966e-03, 3.696267e-02, 4.214640e-01, -1.639962e-01, 6.158585e-01, 3.924808e-01
-4.401288e-03, -4.620333e-03, 3.696267e-02, 8.506451e-03, -1.093293e-02, 6.076321e-01, 3.924808e-01
-4.620333e-03, -4.400953e-03, 3.696267e-02, -4.524708e-01, -4.317255e-01, 1.667680e-01, 3.924808e-01
4.401288e-03, -4.620333e-03, 3.696267e-02, 8.178407e-01, -1.093292e-02, 6.076321e-01, 3.924808e-01
4.620333e-03, -4.400953e-03, 3.696267e-02, 3.970818e-01, -4.317255e-01, 1.667680e-01, 3.924808e-01
-6.382657e-03, 0.000000e+00, 3.696267e-02, -8.791185e-01, -2.938529e-01, -9.878102e-02, 3.924808e-01
-4.620333e-03, 4.406046e-03, 3.696267e-02, -8.614901e-01, -3.358859e-02, -2.436041e-01, 3.924808e-01
6.382657e-03, 0.000000e+00, 3.696267e-02, 2.926900e-01, -2.938529e-01, -9.878099e-02, 3.924808e-01
4.620333e-03, 4.406046e-03, 3.696267e-02, -1.452622e-02, -3.358857e-02, -2.436041e-01, 3.924808e-01
-4.405694e-03, 4.620333e-03, 3.696267e-02, -2.897038e-01, 5.382286e-01, 3.084846e-01, 3.924808e-01
4.405694e-03, 4.620333e-03, 3.696267e-02, 5.178572e-01, 5.382286e-01, 3.084846e-01, 3.924808e-01
0.000000e+00, 6.380330e-03, 3.696267e-02, 2.710048e-01, 8.573506e-01, 4.654767e-01, 3.924808e-01
0.000000e+00, -4.447483e-03, 4.158300e-02, 1.462506e-01, -2.597129e-01, 3.675591e-01, 3.924808e-01
-4.446232e-03, 0.000000e+00, 4.158300e-02, -1.994763e-01, 2.063775e-01, 4.280414e-01, 3.924808e-01
4.446232e-03, 0.000000e+00, 4.158300e-02, 6.129160e-01, 2.063775e-01, 4.280414e-01, 3.924808e-01
0.000000e+00, 4.444998e-03, 4.158300e-02, -3.778465e-01, 2.858348e-02, -1.565119e-01, 3.924808e-01
