0, 1.168625e-06
1, 8.280466e-07
2, 5.160301e-07
3, 4.419127e-07
4, 1.239602e-06
5, 1.187274e-06
6, 1.592777e-06
7, 1.168833e-06
8, 8.542498e-07
9, 9.231641e-07
10, 9.463055e-07
11, 8.400161e-07
12, 7.191846e-07
13, 9.528430e-07
14, 1.163460e-06
15, 8.730565e-07
16, 1.664190e-06
17, 1.747867e-06
18, 1.189316e-06
19, 1.190875e-06
20, 5.067886e-07
21, 3.602080e-07
22, 1.793782e-06
23, 1.271061e-06
24, 1.746807e-06
25, 4.933704e-07
26, 1.614518e-06
27, 1.522385e-06
28, 1.360559e-06
29, 1.362125e-06
30, 1.851185e-06
31, 1.633348e-06
32, 1.632587e-06
33, 1.385319e-06
34, 1.547697e-06
35, 1.836148e-06
36, 1.126463e-06
37, 5.070365e-07
38, 1.803519e-06
39, 1.760708e-06
40, 2.822319e-06
41, 2.447677e-06
42, 2.747353e-06
43, 2.185553e-07
44, 2.680302e-07
45, 2.424108e-06
46, 1.463139e-06
47, 1.370131e-06
48, 1.348920e-06
49, 2.652884e-06
50, 1.204818e-06
51, 1.916331e-06
52, 1.059021e-06
53, 1.421840e-06
54, 1.093845e-06
55, 5.886818e-07
56, 1.602877e-06
57, 1.471695e-06
58, 2.101458e-06
59, 1.845664e-06
60, 1.680208e-06
61, 2.660264e-06
62, 2.698791e-06
63, 1.759587e-06
64, 1.664956e-06
65, 2.998013e-06
66, 1.242199e-06
67, 1.796615e-06
68, 1.704010e-06
69, 1.745725e-06
70, 1.307287e-06
71, 1.607698e-06
72, 1.089284e-06
73, 1.828972e-06
74, 2.017417e-06
75, 2.373710e-06
76, 1.977803e-06
77, 1.706387e-06
78, 2.234222e-06
79, 1.217929e-06
80, 2.699974e-06
81, 2.321971e-06
82, 1.657814e-06
83, 1.983487e-06
84, 4.102849e-07
85, 3.901305e-07
86, 4.940647e-07
87, 6.502528e-07
88, 2.204453e-06
89, 2.013880e-06
90, 2.013880e-06
91, 1.416368e-06
92, 1.959055e-06
93, 2.371433e-06
94, 1.449782e-06
95, 1.338019e-06
96, 2.367360e-06
97, 2.358951e-06
98, 2.440849e-06
99, 1.887720e-06
100, 2.015560e-06
101, 2.188926e-06
102, 2.100029e-06
103, 1.581231e-06
104, 1.603690e-06
105, 2.627547e-06
106, 1.718311e-06
107, 1.983269e-06
108, 1.652754e-06
109, 1.846880e-06
110, 2.966948e-06
111, 2.550127e-06
112, 2.081979e-06
113, 1.530411e-06
114, 1.909897e-06
115, 1.999088e-06
116, 1.594051e-06
117, 1.801898e-06
118, 1.749943e-06
119, 1.256491e-06
120, 1.262012e-06
121, 2.741183e-06
122, 2.018701e-06
123, 2.437829e-06
124, 2.816084e-06
125, 1.591297e-06
126, 1.963372e-06
127, 1.376595e-06
128, 1.421222e-06
129, 2.191063e-06
130, 1.750959e-06
131, 2.275760e-06
132, 2.355885e-06
133, 1.389519e-06
134, 1.377103e-06
135, 1.392642e-06
136, 2.670854e-06
137, 1.685159e-06
138, 1.690364e-06
139, 1.899571e-06
140, 2.243535e-06
141, 2.783658e-06
142, 1.478352e-06
143, 1.214917e-06
144, 2.560117e-06
145, 1.266458e-06
146, 1.560408e-06
147, 1.741566e-06
148, 1.518792e-06
149, 2.797998e-07
150, 2.797998e-07
151, 2.675532e-07
152, 1.786140e-06
153, 1.414903e-06
154, 1.962678e-06
155, 1.490930e-06
156, 2.153737e-06
157, 1.870706e-06
158, 2.194691e-06
159, 1.494425e-06
160, 1.774398e-06
161, 1.973942e-06
162, 1.527050e-06
163, 1.268836e-06
164, 1.631285e-06
165, 1.575707e-06
166, 1.917430e-06
167, 1.922530e-06
168, 1.258757e-06
169, 2.134015e-06
170, 2.015264e-06
171, 2.340555e-06
172, 1.941447e-06
173, 2.236384e-06
174, 2.970294e-06
175, 1.248578e-06
176, 1.094427e-06
177, 2.689037e-06
178, 2.427204e-06
179, 1.714388e-06
180, 1.395967e-06
181, 1.630309e-06
182, 1.332470e-06
183, 1.252632e-06
184, 2.355870e-06
185, 2.189954e-06
186, 1.869917e-06
187, 2.818715e-06
188, 1.883819e-06
189, 1.391793e-06
190, 3.075308e-06
191, 1.545874e-06
192, 1.741411e-06
193, 2.030058e-06
194, 2.411691e-06
195, 1.877784e-06
196, 1.269717e-06
197, 1.575061e-06
198, 1.524673e-06
199, 2.858297e-06
200, 1.146579e-06
201, 2.036101e-06
202, 1.695185e-06
203, 1.782260e-06
204, 1.671075e-06
205, 2.056328e-06
206, 2.056328e-06
207, 1.457162e-06
208, 1.887777e-06
209, 2.420215e-06
210, 1.438175e-06
211, 1.700974e-06
212, 2.687158e-06
213, 2.526704e-06
214, 1.363565e-06
215, 2.456640e-06
216, 1.635559e-06
217, 1.246582e-06
218, 1.873518e-06
219, 1.748994e-06
220, 1.283745e-06
221, 1.247997e-06
222, 2.062304e-06
223, 2.008434e-06
224, 2.428140e-06
225, 1.377594e-06
226, 1.610932e-06
227, 1.787306e-06
228, 1.415446e-06
229, 1.592626e-06
230, 1.771453e-06
231, 1.958236e-06
232, 2.499372e-06
233, 1.886261e-06
234, 2.570038e-06
235, 1.886185e-06
236, 2.295692e-06
237, 1.886185e-06
238, 2.067787e-06
239, 1.332943e-06
240, 2.003161e-06
241, 1.329367e-06
242, 2.409500e-06
243, 1.636232e-06
244, 2.220829e-06
245, 2.075657e-06
246, 1.355015e-06
247, 1.764041e-06
248, 1.399310e-06
249, 2.625305e-06
250, 1.734245e-06
251, 1.359363e-06
252, 1.338340e-06
253, 1.348995e-06
254, 1.992188e-06
255, 1.097708e-06
256, 1.097708e-06
257, 1.439055e-06
258, 1.465946e-06
259, 1.362997e-06
260, 1.362997e-06
261, 1.781667e-06
262, 1.648605e-06
263, 2.443264e-06
264, 2.231954e-06
265, 1.417104e-06
266, 2.382294e-06
267, 1.808955e-06
268, 2.160297e-06
269, 1.192137e-06
270, 1.533979e-06
271, 1.571653e-06
272, 1.202015e-06
273, 1.541329e-06
274, 1.690835e-06
275, 1.479063e-06
276, 1.684321e-06
277, 2.052387e-06
278, 1.439810e-06
279, 1.494041e-06
280, 1.942051e-06
281, 2.233429e-06
282, 2.233429e-06
283, 1.548299e-06
284, 1.414431e-06
285, 1.797447e-06
286, 1.701824e-06
287, 1.478046e-06
288, 1.831153e-06
289, 1.380380e-06
290, 1.484888e-06
291, 1.276421e-06
292, 1.224104e-06
293, 1.398411e-06
294, 2.145746e-06
295, 2.595374e-06
296, 1.161376e-06
297, 1.161376e-06
298, 1.180953e-06
299, 1.449016e-06
300, 1.415435e-06
301, 2.022283e-06
302, 2.126454e-06
303, 1.907932e-06
304, 1.600874e-06
305, 2.349548e-06
306, 2.854316e-06
307, 2.025896e-06
308, 2.192624e-06
309, 1.311668e-06
310, 1.320133e-06
311, 1.908416e-06
312, 1.413627e-06
313, 2.084613e-06
314, 1.318978e-06
315, 1.334767e-06
316, 1.658962e-06
317, 1.713084e-06
318, 1.672874e-06
319, 1.835923e-06
320, 1.937523e-06
321, 2.838272e-06
322, 1.735153e-06
323, 1.259473e-06
324, 1.688953e-06
325, 1.285581e-06
326, 1.537662e-06
327, 1.605389e-06
328, 1.871721e-06
329, 1.701653e-06
330, 2.376675e-06
331, 1.761206e-06
332, 1.739788e-06
333, 1.850578e-06
334, 2.498684e-06
335, 1.503348e-06
336, 2.446665e-06
337, 2.576984e-06
338, 1.197133e-06
339, 1.659033e-06
340, 1.636682e-06
341, 1.903182e-06
342, 1.778680e-06
343, 1.450489e-06
344, 1.125982e-06
345, 2.138883e-06
346, 2.034040e-06
347, 2.225436e-06
348, 2.152565e-06
349, 2.284738e-06
350, 1.357103e-06
351, 2.101845e-06
352, 1.667667e-06
353, 1.650102e-06
354, 1.785962e-06
355, 1.360871e-06
356, 1.617658e-06
357, 1.705758e-06
358, 1.782982e-06
359, 2.399456e-06
360, 1.790742e-06
361, 2.101576e-06
362, 2.109811e-06
363, 1.514346e-06
364, 1.479354e-06
365, 1.614832e-06
366, 1.326262e-06
367, 1.700267e-06
368, 1.668135e-06
369, 1.507171e-06
370, 1.617658e-06
371, 1.266377e-06
372, 1.264294e-06
373, 1.139006e-06
374, 1.551588e-06
375, 1.551588e-06
376, 1.271113e-06
377, 1.129215e-06
378, 1.676068e-06
379, 1.277572e-06
380, 1.518141e-06
381, 1.295480e-06
382, 1.611781e-06
383, 1.493833e-06
384, 1.385433e-06
385, 1.932480e-06
386, 5.625107e-07
387, 4.830471e-07
388, 2.419889e-06
389, 2.669066e-06
390, 1.103662e-06
391, 1.784876e-06
392, 2.132246e-06
393, 1.711802e-06
394, 2.060565e-06
395, 1.952218e-06
396, 1.636869e-06
397, 1.862742e-06
398, 1.842063e-06
399, 1.571645e-06
400, 2.460236e-06
401, 2.388248e-06
402, 1.810946e-06
403, 2.107019e-06
404, 1.463580e-06
405, 1.321685e-06
406, 2.187113e-06
407, 1.338622e-06
408, 1.977729e-06
409, 1.514477e-06
410, 2.012654e-06
411, 2.188306e-06
412, 1.941357e-06
413, 1.696126e-06
414, 1.580707e-06
415, 1.715231e-06
416, 1.296958e-06
417, 1.489817e-06
418, 1.753876e-06
419, 1.871261e-06
420, 1.512787e-06
421, 1.974243e-06
422, 2.389454e-06
423, 2.764688e-06
424, 1.149040e-06
425, 1.327834e-06
426, 1.230214e-06
427, 1.812319e-06
428, 1.800491e-06
429, 1.578898e-06
430, 1.841536e-06
431, 2.018957e-06
432, 1.385252e-06
433, 1.665587e-06
434, 1.181197e-06
435, 1.465854e-06
436, 1.168432e-06
437, 1.488077e-06
438, 1.438337e-06
439, 2.728924e-06
440, 1.361020e-06
441, 2.571018e-06
442, 1.860005e-06
443, 2.907237e-06
444, 1.551163e-06
445, 1.136575e-06
446, 1.845248e-06
447, 1.306715e-06
448, 1.708112e-06
449, 1.285490e-06
450, 1.255656e-06
451, 1.430307e-06
452, 2.867254e-06
453, 1.287830e-06
454, 1.349458e-06
455, 1.149473e-06
456, 1.257164e-06
457, 1.928455e-06
458, 1.894383e-06
459, 1.687763e-06
460, 2.061374e-06
461, 2.389038e-06
462, 1.189439e-06
463, 1.355702e-06
464, 1.888627e-06
465, 1.474877e-06
466, 1.421576e-06
467, 2.197366e-06
468, 3.006436e-06
469, 2.287147e-06
470, 1.746593e-06
471, 3.134358e-06
472, 1.733551e-06
473, 1.701632e-06
474, 1.662469e-06
475, 1.615781e-06
476, 1.636560e-06
477, 1.363746e-06
478, 1.548620e-06
479, 1.215478e-06
480, 1.359406e-06
481, 1.551621e-06
482, 1.632274e-06
483, 1.650713e-06
484, 1.674177e-06
485, 1.596345e-06
486, 1.437405e-06
487, 1.375349e-06
488, 1.233886e-06
489, 1.688683e-06
490, 2.170278e-06
491, 1.662969e-06
492, 2.477233e-06
493, 1.725608e-06
494, 1.461385e-06
495, 1.433341e-06
496, 1.429724e-06
497, 1.416226e-06
498, 1.268958e-06
499, 1.402166e-06
500, 1.599607e-06
501, 2.203901e-06
502, 1.210151e-06
503, 1.149759e-06
504, 1.452260e-06
505, 1.339228e-06
506, 1.317394e-06
507, 1.164327e-06
508, 1.080651e-06
509, 2.247153e-06
510, 2.211683e-06
511, 2.080846e-06
512, 1.218392e-06
513, 1.109554e-06
514, 1.249126e-06
515, 1.220580e-06
516, 2.177123e-06
517, 1.588728e-06
518, 1.879929e-06
519, 1.614440e-06
520, 1.066430e-06
521, 1.168467e-06
522, 1.196144e-06
523, 2.049412e-06
524, 2.064752e-06
525, 1.388149e-06
526, 1.170889e-06
527, 1.294694e-06
528, 2.108066e-06
529, 1.341210e-06
530, 2.013562e-06
531, 1.910045e-06
532, 1.239909e-06
533, 1.702094e-06
534, 1.421127e-06
535, 1.562336e-06
536, 1.798130e-06
537, 1.224034e-06
538, 1.569331e-06
539, 1.618320e-06
540, 1.380322e-06
541, 1.350531e-06
542, 1.352925e-06
543, 2.356828e-06
544, 1.288408e-06
545, 2.813014e-06
546, 2.306058e-06
547, 1.202772e-06
548, 1.814269e-06
549, 2.174584e-06
550, 2.642494e-06
551, 1.509722e-06
552, 1.564781e-06
553, 2.718907e-06
554, 1.549603e-06
555, 1.558341e-06
556, 1.277121e-06
557, 1.287863e-06
558, 1.690466e-06
559, 2.077781e-06
560, 2.342299e-06
561, 2.365225e-06
562, 2.440849e-06
563, 2.108066e-06
564, 1.918696e-06
565, 1.270834e-06
566, 1.270834e-06
567, 2.417584e-06
568, 2.449420e-06
569, 2.698156e-06
570, 1.437908e-06
571, 1.437908e-06
572, 1.790749e-06
573, 2.057251e-06
574, 1.402107e-06
575, 1.307367e-06
576, 1.299570e-06
577, 3.015711e-06
578, 2.416994e-06
579, 2.531928e-06
580, 1.700526e-06
581, 1.602083e-06
582, 1.371397e-06
583, 2.695317e-06
584, 2.025882e-06
585, 1.968703e-06
586, 1.552918e-06
587, 2.037755e-06
588, 1.612236e-06
589, 1.631331e-06
590, 2.448029e-06
591, 1.454368e-06
592, 1.749588e-06
593, 1.245284e-06
594, 1.286478e-06
595, 1.795824e-06
596, 1.438457e-06
597, 1.699443e-06
598, 1.596892e-06
599, 1.204302e-06
600, 1.340020e-06
601, 1.271947e-06
602, 1.813751e-06
603, 1.360751e-06
604, 1.851087e-06
605, 1.214296e-06
606, 1.622622e-06
607, 1.840203e-06
608, 1.724916e-06
609, 2.396546e-06
610, 1.963322e-06
611, 1.837411e-06
612, 3.319435e-07
613, 1.304929e-06
614, 1.382867e-06
615, 3.187450e-07
616, 4.336377e-07
617, 2.416841e-07
618, 3.640041e-07
619, 1.525563e-06
620, 1.563036e-06
621, 1.641866e-06
622, 2.009333e-06
623, 1.346157e-06
624, 1.671588e-06
625, 1.982589e-06
626, 1.610001e-06
627, 1.852916e-06
628, 1.913065e-06
629, 3.004215e-06
630, 2.284700e-06
631, 1.543417e-06
632, 2.606027e-06
633, 1.773751e-06
634, 1.160267e-07
635, 1.130109e-07
636, 1.862561e-06
637, 2.766897e-06
638, 2.247943e-06
639, 2.363254e-07
640, 2.578202e-07
641, 2.801206e-06
642, 6.898730e-07
643, 1.451334e-06
644, 1.741311e-06
645, 9.845270e-07
646, 1.492555e-06
647, 1.304478e-06
648, 7.423009e-07
649, 1.566337e-06
650, 3.022092e-06
651, 1.471633e-06
652, 2.076226e-06
653, 2.851056e-06
654, 1.245560e-07
655, 1.824682e-06
656, 2.137734e-06
657, 2.137734e-06
658, 1.330564e-06
659, 6.738343e-07
660, 6.959847e-07
661, 5.356115e-07
662, 2.315568e-06
663, 1.972896e-06
664, 1.824512e-06
665, 1.553480e-06
666, 1.777147e-06
667, 2.677248e-06
668, 2.137106e-06
669, 2.096610e-06
670, 1.423466e-06
671, 1.814590e-06
672, 1.298572e-06
673, 1.242491e-06
674, 1.299603e-06
675, 2.079420e-06
676, 1.141383e-06
677, 1.510047e-06
678, 1.783831e-06
679, 1.556504e-06
680, 2.040577e-06
681, 2.062136e-06
682, 1.707826e-06
683, 1.090420e-06
684, 2.055096e-06
685, 1.651144e-06
686, 2.809868e-06
687, 1.108036e-06
688, 1.991823e-06
689, 1.430906e-06
690, 1.331535e-06
691, 1.702433e-06
692, 2.107085e-06
693, 1.290435e-06
694, 1.851746e-06
695, 1.328356e-06
696, 2.281090e-06
697, 1.476309e-06
698, 2.450953e-06
699, 1.840360e-06
700, 1.669423e-06
701, 1.638905e-06
702, 1.783831e-06
703, 1.700324e-06
704, 1.627676e-06
705, 1.871749e-06
706, 1.238449e-06
707, 1.943012e-06
708, 2.081823e-06
709, 2.529830e-06
710, 2.116146e-06
711, 2.246403e-06
712, 2.030996e-06
713, 1.486334e-06
714, 2.178565e-06
715, 2.389430e-06
716, 1.298833e-06
717, 1.769513e-06
718, 2.597848e-06
719, 2.304446e-06
720, 1.284118e-06
721, 1.301673e-06
722, 2.055956e-06
723, 1.196231e-06
724, 2.949549e-06
725, 1.993681e-06
726, 1.721834e-06
727, 2.080863e-06
728, 2.007487e-06
729, 2.588850e-06
730, 1.661322e-06
731, 2.195608e-06
732, 1.169976e-06
733, 1.565501e-06
734, 2.019315e-06
735, 2.408033e-06
736, 1.333809e-06
737, 1.321831e-06
738, 1.351147e-06
739, 1.641840e-06
740, 1.675298e-06
741, 1.549066e-06
742, 1.127463e-06
743, 2.212962e-06
744, 1.420321e-06
745, 2.851129e-06
746, 2.912312e-06
747, 2.558246e-06
748, 2.187698e-06
749, 1.458390e-06
750, 1.458390e-06
751, 2.144121e-06
752, 2.243095e-06
753, 1.394875e-06
754, 1.300931e-06
755, 1.805510e-06
756, 1.884130e-06
757, 2.662506e-06
758, 2.662506e-06
759, 2.157037e-06
760, 2.237360e-06
761, 1.627466e-06
762, 1.187516e-06
763, 1.651242e-06
764, 1.356688e-06
765, 1.444943e-06
766, 2.243535e-06
767, 1.528360e-06
768, 2.588631e-06
769, 2.561828e-06
770, 2.204427e-06
771, 1.325084e-06
772, 1.759716e-06
773, 1.345712e-06
774, 8.721845e-07
775, 1.474804e-06
776, 2.101615e-06
777, 1.728403e-06
778, 1.561457e-06
779, 1.954051e-06
780, 1.751259e-06
781, 1.786618e-06
782, 1.665935e-06
783, 1.820634e-06
784, 1.411404e-06
785, 1.476341e-06
786, 1.551065e-06
787, 1.682701e-06
788, 1.792711e-06
789, 1.381814e-06
790, 2.220208e-06
791, 1.798141e-06
792, 2.496876e-06
793, 2.569049e-06
794, 2.937574e-06
795, 1.350079e-06
796, 1.350079e-06
797, 1.749057e-06
798, 2.401695e-06
799, 2.065976e-06
800, 1.189545e-06
801, 2.240832e-06
802, 2.486770e-06
803, 1.742794e-06
804, 1.373598e-06
805, 1.695556e-06
806, 1.490873e-06
807, 1.557906e-06
808, 1.262200e-06
809, 1.528449e-06
810, 1.491423e-06
811, 1.691962e-06
812, 2.032207e-06
813, 2.032207e-06
814, 1.793373e-06
815, 1.512828e-06
816, 2.149394e-06
817, 1.473156e-06
818, 1.998723e-06
819, 1.312115e-06
820, 1.949721e-06
821, 1.408100e-06
822, 1.248731e-06
823, 3.002614e-06
824, 1.189961e-06
825, 1.466058e-06
826, 1.499249e-06
827, 1.280917e-06
828, 1.499259e-06
829, 1.474865e-06
830, 1.707672e-06
831, 1.487066e-06
832, 1.581210e-06
833, 1.365008e-06
834, 1.545137e-06
835, 2.128007e-06
836, 2.457051e-06
837, 2.526389e-06
838, 2.241910e-06
839, 2.827806e-06
840, 2.111770e-06
841, 1.153642e-06
842, 1.501134e-06
843, 2.360103e-06
844, 1.599548e-06
845, 1.348467e-06
846, 1.846356e-06
847, 2.067867e-06
848, 2.446269e-06
849, 2.128262e-06
850, 2.432371e-06
851, 2.418925e-06
852, 1.777380e-06
853, 1.240028e-06
854, 1.522080e-06
855, 1.230898e-06
856, 1.825727e-06
857, 1.888202e-06
858, 2.476175e-06
859, 2.517090e-06
860, 2.773519e-06
861, 1.997309e-06
862, 1.967166e-06
863, 1.506522e-06
864, 1.146159e-06
865, 1.387612e-06
866, 2.644378e-06
867, 1.620081e-06
868, 1.448471e-06
869, 1.237454e-06
870, 1.219668e-06
871, 1.821591e-06
872, 2.135077e-06
873, 1.981355e-06
874, 1.235799e-06
875, 1.813751e-06
876, 1.979045e-06
877, 1.617168e-06
878, 1.401701e-06
879, 1.241306e-06
880, 1.161629e-06
881, 1.576877e-06
882, 1.709833e-06
883, 1.433772e-06
884, 1.791139e-06
885, 1.203184e-06
886, 1.187723e-06
887, 1.307454e-06
888, 2.094606e-06
889, 2.139767e-06
890, 2.039264e-06
891, 1.795417e-06
892, 1.455065e-06
893, 1.641098e-06
894, 1.259560e-06
895, 1.479430e-06
896, 1.198346e-06
897, 1.284842e-06
898, 1.922382e-06
899, 2.841844e-06
900, 1.920712e-06
901, 1.268814e-06
902, 2.331132e-06
903, 1.501328e-06
904, 1.395818e-06
905, 1.290869e-06
906, 1.951694e-06
907, 1.949721e-06
908, 1.942916e-06
909, 1.308326e-06
910, 1.495672e-06
911, 1.438482e-06
912, 1.938240e-06
913, 1.701575e-06
914, 1.766542e-06
915, 2.762651e-06
916, 1.193811e-06
917, 1.146249e-06
918, 1.455513e-06
919, 2.268085e-06
920, 1.359122e-06
921, 1.715808e-06
922, 1.428827e-06
923, 1.355702e-06
924, 1.483054e-06
925, 2.130749e-06
926, 1.631236e-06
927, 1.510665e-06
928, 1.338131e-06
929, 1.363283e-06
930, 1.363283e-06
931, 1.374874e-06
932, 1.551923e-06
933, 1.681213e-06
934, 2.000418e-06
935, 1.548494e-06
936, 2.078551e-06
937, 2.142968e-06
938, 1.506279e-06
939, 1.506279e-06
940, 1.346010e-06
941, 1.934964e-06
942, 2.313014e-06
943, 1.607987e-06
944, 1.364221e-06
945, 1.849861e-06
946, 2.563985e-06
947, 1.575826e-06
948, 1.298838e-06
949, 1.292143e-06
950, 1.725233e-06
951, 1.207566e-06
952, 1.360453e-06
953, 1.831250e-06
954, 1.793767e-06
955, 1.437879e-06
956, 1.227112e-06
957, 1.663353e-06
958, 1.640454e-06
959, 2.658568e-06
960, 1.639721e-06
961, 1.168532e-06
962, 2.023801e-06
963, 1.467746e-06
964, 2.089646e-06
965, 1.453527e-06
966, 2.294448e-06
967, 1.436808e-06
968, 1.558770e-06
969, 1.475052e-06
970, 2.527356e-06
971, 2.804410e-06
972, 1.828225e-06
973, 1.475052e-06
974, 1.672897e-06
975, 2.577113e-06
976, 3.005982e-06
977, 2.444776e-06
978, 2.358463e-06
979, 1.695514e-06
980, 2.130255e-06
981, 1.254569e-06
982, 2.000359e-06
983, 2.575419e-06
984, 1.685707e-06
985, 1.467746e-06
986, 2.570488e-06
987, 1.909527e-06
988, 2.188959e-06
989, 1.918832e-06
990, 1.655175e-06
991, 1.553430e-06
992, 2.344083e-06
993, 1.375586e-06
994, 1.666384e-06
995, 1.548792e-06
996, 1.846777e-06
997, 2.216229e-06
998, 1.803807e-06
999, 1.535603e-06
1000, 2.140231e-06
1001, 1.769325e-06
1002, 1.730835e-06
1003, 1.532159e-06
1004, 2.275503e-06
1005, 2.275503e-06
1006, 2.103432e-06
1007, 2.362651e-06
1008, 2.165450e-06
1009, 1.795856e-06
1010, 1.638565e-06
1011, 1.345079e-06
1012, 2.036663e-06
1013, 1.608138e-06
1014, 2.428009e-06
1015, 2.064978e-06
1016, 1.686668e-06
1017, 1.847030e-06
1018, 1.455076e-06
1019, 2.036663e-06
1020, 1.691707e-06
1021, 1.659804e-06
1022, 1.581594e-06
1023, 1.588822e-06
1024, 2.428143e-06
1025, 1.286789e-06
1026, 1.841874e-06
1027, 1.319412e-06
1028, 2.264746e-06
1029, 1.729103e-06
1030, 1.902701e-06
1031, 1.751406e-06
1032, 2.509156e-06
1033, 1.869312e-06
1034, 1.307182e-06
1035, 1.382244e-06
1036, 1.521597e-06
1037, 1.408042e-06
1038, 1.392756e-06
1039, 1.110296e-06
1040, 1.273442e-06
1041, 1.670162e-06
1042, 2.105533e-06
1043, 1.253662e-06
1044, 1.422405e-06
1045, 1.458283e-06
1046, 1.962009e-06
1047, 1.886204e-06
1048, 1.494391e-06
1049, 1.225765e-06
1050, 1.333916e-06
1051, 1.676699e-06
1052, 1.314335e-06
1053, 1.653981e-06
1054, 1.408357e-06
1055, 1.849270e-06
1056, 2.194288e-06
1057, 1.497915e-06
1058, 1.672397e-06
1059, 1.645842e-06
1060, 2.759114e-06
1061, 1.481705e-06
1062, 1.661115e-06
1063, 1.170092e-06
1064, 1.621299e-06
1065, 1.299081e-06
1066, 1.337781e-06
1067, 2.081738e-06
1068, 1.131866e-06
1069, 1.145242e-06
1070, 2.610175e-06
1071, 2.555670e-06
1072, 1.675965e-06
1073, 1.653276e-06
1074, 1.281979e-06
1075, 1.396475e-06
1076, 1.814590e-06
1077, 1.814374e-06
1078, 2.501338e-06
1079, 1.172024e-06
1080, 2.280490e-06
1081, 2.396744e-06
1082, 1.533044e-06
1083, 2.134707e-06
1084, 1.734455e-06
1085, 1.862364e-06
1086, 2.191664e-06
1087, 2.933188e-06
1088, 1.744001e-06
1089, 2.011871e-06
1090, 1.430993e-06
1091, 1.446007e-06
1092, 2.184869e-06
1093, 1.446007e-06
1094, 2.483726e-06
1095, 1.853420e-06
1096, 1.831953e-06
1097, 1.345259e-06
1098, 1.599764e-06
1099, 1.700933e-06
1100, 1.555777e-06
1101, 1.620042e-06
1102, 2.732714e-06
1103, 1.184633e-06
1104, 2.050461e-06
1105, 1.562145e-06
1106, 1.277823e-06
1107, 1.398194e-06
1108, 1.243354e-06
1109, 1.243354e-06
1110, 1.475502e-06
1111, 1.871073e-06
1112, 1.211699e-06
1113, 2.821607e-06
1114, 2.177822e-06
1115, 1.910042e-06
1116, 1.333572e-06
1117, 1.220947e-06
1118, 1.826523e-06
1119, 1.277604e-06
1120, 1.887534e-06
1121, 1.694787e-06
1122, 2.319221e-06
1123, 1.460644e-06
1124, 1.269301e-06
1125, 2.106953e-06
1126, 1.755434e-06
1127, 1.599295e-06
1128, 1.573025e-06
1129, 1.285937e-06
1130, 1.454522e-06
1131, 2.002386e-06
1132, 1.396976e-06
1133, 1.215885e-06
1134, 2.002386e-06
1135, 2.474294e-06
1136, 1.179398e-06
1137, 1.274271e-06
1138, 1.559999e-06
1139, 1.458666e-06
1140, 1.551928e-06
1141, 1.870732e-06
1142, 2.351055e-06
1143, 1.714428e-06
1144, 2.326138e-06
1145, 2.367889e-06
1146, 2.949342e-06
1147, 2.738275e-06
1148, 1.893148e-06
1149, 1.906642e-06
1150, 1.194338e-06
1151, 1.515808e-06
1152, 2.333215e-06
1153, 1.908416e-06
1154, 1.276490e-06
1155, 1.916443e-06
1156, 1.319448e-06
1157, 1.325435e-06
1158, 1.587757e-06
1159, 1.325435e-06
1160, 1.255119e-06
1161, 1.114889e-06
1162, 1.394356e-06
1163, 2.186433e-06
1164, 1.541651e-06
1165, 1.470081e-06
1166, 1.196158e-06
1167, 1.948054e-06
1168, 2.147964e-06
1169, 1.432973e-06
1170, 1.174012e-06
1171, 1.883440e-06
1172, 1.875787e-06
1173, 1.097176e-06
1174, 1.249962e-06
1175, 1.712129e-06
1176, 1.488941e-06
1177, 1.442115e-06
1178, 1.193313e-06
1179, 2.290134e-06
1180, 1.361686e-06
1181, 1.141383e-06
1182, 1.451355e-06
1183, 1.306996e-06
1184, 1.182178e-06
1185, 1.899518e-06
1186, 1.300111e-06
1187, 1.598849e-06
1188, 1.637807e-06
1189, 1.209535e-06
1190, 2.344305e-06
1191, 2.579097e-06
1192, 2.183210e-06
1193, 1.235007e-06
1194, 1.562707e-06
1195, 1.532234e-06
1196, 1.485312e-06
1197, 1.275342e-06
1198, 1.875195e-06
1199, 1.565781e-06
1200, 1.556834e-06
1201, 1.268539e-06
1202, 1.377407e-06
1203, 1.745726e-06
1204, 2.459455e-06
1205, 1.360483e-06
1206, 2.121751e-06
1207, 1.271482e-06
1208, 1.857950e-06
1209, 2.202701e-06
1210, 2.441551e-06
1211, 1.374643e-06
1212, 1.214296e-06
1213, 2.901865e-06
1214, 1.873916e-06
1215, 1.384936e-06
1216, 3.967840e-07
1217, 2.419701e-06
1218, 1.666033e-06
1219, 1.543152e-06
1220, 2.121338e-06
1221, 1.427918e-06
1222, 1.392456e-06
1223, 1.386295e-06
1224, 1.858358e-06
1225, 2.019450e-06
1226, 1.842452e-06
1227, 2.369717e-06
1228, 1.554514e-06
1229, 1.763720e-06
1230, 1.441328e-06
1231, 2.114396e-06
1232, 2.251427e-06
1233, 1.212383e-06
1234, 2.166702e-06
1235, 1.192638e-06
1236, 2.772950e-06
1237, 1.664384e-06
1238, 1.218881e-06
1239, 1.590708e-06
1240, 1.500134e-06
1241, 2.166755e-06
1242, 2.060865e-06
1243, 1.409090e-06
1244, 1.409090e-06
1245, 1.931815e-06
1246, 1.614363e-06
1247, 1.766682e-06
1248, 1.394381e-06
1249, 1.917112e-06
1250, 1.257339e-06
1251, 2.882939e-06
1252, 2.097918e-06
1253, 1.544433e-06
1254, 1.724916e-06
1255, 1.211142e-06
1256, 2.033905e-06
1257, 1.485443e-06
1258, 1.586538e-06
1259, 1.211142e-06
1260, 3.142155e-06
1261, 2.401306e-06
1262, 1.358700e-06
1263, 1.367387e-06
1264, 2.571238e-06
1265, 1.724879e-06
1266, 2.168666e-06
1267, 1.333394e-06
1268, 1.684876e-06
1269, 1.721423e-06
1270, 2.933211e-06
1271, 1.134789e-06
1272, 1.252979e-06
1273, 1.269438e-06
1274, 1.524011e-06
1275, 1.780226e-06
1276, 1.524011e-06
1277, 1.249828e-06
1278, 1.911119e-06
1279, 1.430612e-06
1280, 1.812896e-06
1281, 1.812896e-06
1282, 2.304368e-06
1283, 1.830890e-06
1284, 1.971672e-06
1285, 1.323196e-06
1286, 1.678808e-06
1287, 1.372756e-06
1288, 1.491207e-06
1289, 1.162153e-06
1290, 1.541617e-06
1291, 2.457729e-06
1292, 1.363799e-06
1293, 2.097147e-06
1294, 1.441039e-06
1295, 1.297623e-06
1296, 2.059015e-06
1297, 2.183425e-06
1298, 2.726980e-06
1299, 1.267793e-06
1300, 1.364213e-06
1301, 1.476221e-06
1302, 1.879313e-06
1303, 1.323022e-06
1304, 1.273431e-06
1305, 1.292219e-06
1306, 1.137488e-06
1307, 1.315653e-06
1308, 1.359378e-06
1309, 1.423794e-06
1310, 1.224793e-06
1311, 1.423794e-06
1312, 2.131264e-06
1313, 2.131264e-06
1314, 1.933639e-06
1315, 1.974861e-06
1316, 1.974861e-06
1317, 1.732739e-06
1318, 2.583798e-06
1319, 1.954271e-06
1320, 2.197941e-06
1321, 2.352160e-06
1322, 2.105109e-06
1323, 1.214927e-06
1324, 1.341573e-06
1325, 2.809978e-06
1326, 2.055823e-06
1327, 1.723440e-06
1328, 2.720954e-06
1329, 2.816801e-06
1330, 1.602508e-06
1331, 1.530356e-06
1332, 1.372139e-06
1333, 1.939128e-06
1334, 1.610639e-06
1335, 1.581285e-06
1336, 1.229379e-06
1337, 1.831347e-06
1338, 2.057765e-06
1339, 2.843115e-06
1340, 1.521943e-06
1341, 2.133561e-06
1342, 2.609929e-06
1343, 1.433022e-06
1344, 1.758652e-06
1345, 1.855608e-06
1346, 1.704967e-06
1347, 2.826996e-06
1348, 2.038579e-06
1349, 2.417965e-06
1350, 2.008780e-06
1351, 2.272469e-06
1352, 2.666430e-06
1353, 1.489304e-06
1354, 1.241474e-06
1355, 1.894400e-06
1356, 1.803724e-06
1357, 1.277883e-06
1358, 2.306411e-06
1359, 1.865109e-06
1360, 1.245605e-06
1361, 1.183575e-06
1362, 2.153119e-06
1363, 1.196003e-06
1364, 1.362791e-06
1365, 1.521271e-06
1366, 2.143021e-06
1367, 2.370236e-06
1368, 2.447976e-06
1369, 2.012379e-06
1370, 2.120709e-06
1371, 1.168266e-06
1372, 2.748620e-06
1373, 3.020542e-06
1374, 2.883301e-06
1375, 1.831347e-06
1376, 2.129774e-06
1377, 1.859551e-06
1378, 1.670891e-06
1379, 2.131826e-06
1380, 2.335477e-06
1381, 1.980568e-06
1382, 1.238877e-06
1383, 1.231725e-06
1384, 1.114363e-06
1385, 1.653388e-06
1386, 1.568497e-06
1387, 1.283659e-06
1388, 2.584674e-06
1389, 2.475031e-06
1390, 1.599167e-06
1391, 1.382833e-06
1392, 2.311774e-06
1393, 2.114556e-06
1394, 1.695774e-06
1395, 1.867112e-06
1396, 1.763353e-06
1397, 1.529828e-06
1398, 1.630167e-06
1399, 1.695156e-06
1400, 1.287384e-06
1401, 1.352289e-06
1402, 1.418253e-06
1403, 2.059052e-06
1404, 3.050743e-06
1405, 1.149234e-06
1406, 2.321383e-06
1407, 2.354946e-06
1408, 2.646248e-06
1409, 2.210469e-06
1410, 1.875776e-06
1411, 2.715409e-06
1412, 1.400244e-06
1413, 1.299751e-06
1414, 1.397785e-06
1415, 1.799695e-06
1416, 1.364369e-06
1417, 1.495307e-06
1418, 1.883727e-06
1419, 1.259807e-06
1420, 2.244812e-06
1421, 1.945135e-06
1422, 1.532273e-06
1423, 1.806465e-06
1424, 1.903723e-06
1425, 1.900829e-06
1426, 1.265576e-06
1427, 1.144860e-06
1428, 1.349990e-06
1429, 1.775228e-06
1430, 1.773701e-06
1431, 1.408659e-06
1432, 1.351568e-06
1433, 1.162311e-06
1434, 1.161393e-06
1435, 1.370286e-06
1436, 1.431339e-06
1437, 1.272959e-06
1438, 2.034904e-06
1439, 1.164895e-06
1440, 1.396869e-06
1441, 2.373951e-06
1442, 2.079723e-06
1443, 1.504878e-06
1444, 1.704638e-06
1445, 1.865470e-06
1446, 1.571824e-06
1447, 1.168019e-06
1448, 1.651072e-06
1449, 1.245136e-06
1450, 2.145491e-06
1451, 2.826097e-06
1452, 1.382060e-06
1453, 1.787498e-06
1454, 1.535278e-06
1455, 1.465557e-06
1456, 1.213835e-06
1457, 1.929505e-06
1458, 1.507663e-06
1459, 2.226774e-06
1460, 1.969484e-06
1461, 1.924558e-06
1462, 1.383029e-06
1463, 1.605777e-06
1464, 1.237684e-06
1465, 2.011741e-06
1466, 1.927875e-06
1467, 2.539341e-06
1468, 2.433825e-06
1469, 1.178825e-06
1470, 1.987334e-06
1471, 1.640245e-06
1472, 2.363009e-06
1473, 1.675034e-06
1474, 1.399769e-06
1475, 1.773730e-06
1476, 1.355443e-06
1477, 1.829872e-06
1478, 1.543907e-06
1479, 1.475642e-06
1480, 1.475642e-06
1481, 2.009013e-06
1482, 2.939091e-06
1483, 2.485597e-06
1484, 2.298511e-06
1485, 1.170289e-06
1486, 1.380959e-06
1487, 2.347859e-06
1488, 1.568281e-06
1489, 1.202635e-06
1490, 1.426589e-06
1491, 1.235677e-06
1492, 1.324296e-06
1493, 1.336799e-06
1494, 1.202152e-06
1495, 1.144408e-06
1496, 2.507085e-06
1497, 1.157414e-06
1498, 1.221502e-06
1499, 1.328615e-06
1500, 1.170763e-06
1501, 2.011628e-06
1502, 1.719396e-06
1503, 1.271366e-06
1504, 1.357360e-06
1505, 1.956502e-06
1506, 1.565864e-06
1507, 1.423016e-06
1508, 2.280490e-06
1509, 2.238455e-06
1510, 1.477534e-06
1511, 1.849321e-06
1512, 2.086801e-06
1513, 1.248535e-06
1514, 2.614682e-06
1515, 2.410024e-06
1516, 1.967186e-06
1517, 1.537590e-06
1518, 1.287137e-06
1519, 2.590778e-06
1520, 2.196968e-06
1521, 1.317770e-06
1522, 1.852855e-06
1523, 1.549317e-06
1524, 1.458317e-06
1525, 1.265500e-06
1526, 1.780714e-06
1527, 1.343851e-06
1528, 1.868457e-06
1529, 1.501811e-06
1530, 1.320800e-06
1531, 1.593842e-06
1532, 1.695942e-06
1533, 1.445603e-06
1534, 1.854575e-06
1535, 1.607313e-06
1536, 1.271716e-06
1537, 2.052357e-06
1538, 2.365011e-06
1539, 1.426247e-06
1540, 2.540370e-06
1541, 2.311346e-06
1542, 2.301682e-06
1543, 1.665900e-06
1544, 1.393247e-06
1545, 1.703868e-06
1546, 1.183697e-06
1547, 2.443196e-06
1548, 1.901533e-06
1549, 2.242144e-06
1550, 2.264052e-06
1551, 1.537507e-06
1552, 1.235085e-06
1553, 1.183808e-06
1554, 1.571060e-06
1555, 2.356485e-06
1556, 2.156655e-06
1557, 1.839860e-06
1558, 1.470263e-06
1559, 1.917515e-06
1560, 2.075015e-06
1561, 1.744623e-06
1562, 2.695317e-06
1563, 1.614178e-06
1564, 1.769363e-06
1565, 2.127362e-06
1566, 1.931205e-06
1567, 1.660239e-06
1568, 1.480402e-06
1569, 1.207773e-06
1570, 1.515141e-06
1571, 1.341337e-06
1572, 1.423773e-06
1573, 1.322850e-06
1574, 2.485950e-06
1575, 1.646359e-06
1576, 1.599703e-06
1577, 1.403951e-06
1578, 1.660647e-06
1579, 2.086539e-06
1580, 1.781516e-06
1581, 1.297935e-06
1582, 1.493581e-06
1583, 1.420666e-06
1584, 1.378942e-06
1585, 1.603368e-06
1586, 1.664956e-06
1587, 1.148720e-06
1588, 1.305382e-06
1589, 1.843597e-06
1590, 1.447935e-06
1591, 1.537507e-06
1592, 2.312217e-06
1593, 2.234849e-06
1594, 1.400332e-06
1595, 1.940835e-06
1596, 2.251327e-06
1597, 2.105289e-06
1598, 2.145927e-06
1599, 1.275930e-06
1600, 1.811580e-06
1601, 1.563433e-06
1602, 1.402026e-06
1603, 1.722183e-06
1604, 1.939128e-06
1605, 3.080411e-06
1606, 1.204604e-06
1607, 1.242517e-06
1608, 2.168404e-06
1609, 1.523407e-06
1610, 1.288692e-06
1611, 2.333563e-06
1612, 2.142148e-06
1613, 2.059837e-06
1614, 1.997542e-06
1615, 1.753563e-06
1616, 1.342699e-06
1617, 2.196107e-06
1618, 2.063149e-06
1619, 2.063149e-06
1620, 1.301125e-06
1621, 1.491290e-06
1622, 1.372191e-06
1623, 3.081162e-06
1624, 2.165835e-06
1625, 1.592098e-06
1626, 1.953354e-06
1627, 3.494782e-07
1628, 3.793897e-07
1629, 4.176007e-07
1630, 2.668741e-06
1631, 1.896208e-06
1632, 2.057638e-06
1633, 1.689201e-06
1634, 2.285673e-07
1635, 2.613031e-06
1636, 1.800161e-06
1637, 1.151967e-06
1638, 1.553480e-06
1639, 5.794915e-07
1640, 2.795691e-06
1641, 2.093102e-06
1642, 2.290472e-07
1643, 2.413444e-07
1644, 1.483988e-06
1645, 1.890436e-06
1646, 2.146548e-06
1647, 2.466577e-06
1648, 2.244552e-06
1649, 1.685634e-06
1650, 2.118395e-06
1651, 2.715949e-06
1652, 1.933639e-06
1653, 1.318017e-06
1654, 2.471455e-06
1655, 2.015198e-06
1656, 1.656570e-06
1657, 2.322298e-06
1658, 1.485479e-06
1659, 2.260419e-06
1660, 1.219605e-06
1661, 1.496901e-06
1662, 8.975221e-07
1663, 9.906295e-07
1664, 1.867805e-06
1665, 2.931938e-06
1666, 3.875464e-07
1667, 5.356115e-07
1668, 1.403734e-06
1669, 1.838852e-06
1670, 1.614714e-06
1671, 4.841739e-07
1672, 1.891760e-06
1673, 1.866415e-06
1674, 1.429374e-06
1675, 1.638575e-06
1676, 1.627464e-06
1677, 2.745009e-06
1678, 2.849632e-06
1679, 1.678695e-06
1680, 1.318558e-06
1681, 1.980895e-06
1682, 2.001543e-06
1683, 2.111770e-06
1684, 1.785956e-06
1685, 2.426695e-06
1686, 1.993829e-06
1687, 2.715451e-06
1688, 2.858909e-06
1689, 2.545346e-06
1690, 1.665519e-06
1691, 2.199605e-06
1692, 1.542568e-06
1693, 2.187066e-06
1694, 1.340232e-06
1695, 1.292211e-06
1696, 1.064108e-06
1697, 1.219668e-06
1698, 1.399138e-06
1699, 2.283726e-06
1700, 1.642659e-06
1701, 1.923331e-06
1702, 1.715939e-06
1703, 1.404661e-06
1704, 1.197770e-06
1705, 1.262026e-06
1706, 1.225751e-06
1707, 1.081494e-06
1708, 1.719568e-06
1709, 2.271163e-06
1710, 2.504242e-06
1711, 2.578495e-06
1712, 2.637325e-06
1713, 2.171444e-06
1714, 2.626670e-06
1715, 1.663251e-06
1716, 1.710647e-06
1717, 2.094043e-06
1718, 1.993829e-06
1719, 1.685835e-06
1720, 1.640122e-06
1721, 1.191914e-06
1722, 1.280926e-06
1723, 2.489259e-06
1724, 1.739267e-06
1725, 1.683614e-06
1726, 1.748184e-06
1727, 1.588310e-06
1728, 2.052432e-06
1729, 1.221334e-06
1730, 1.526454e-06
1731, 1.348958e-06
1732, 2.075468e-06
1733, 2.053323e-06
1734, 2.608777e-06
1735, 1.202152e-06
1736, 1.400270e-06
1737, 1.400270e-06
1738, 2.261844e-06
1739, 2.122246e-06
1740, 1.380774e-06
1741, 1.678830e-06
1742, 1.871721e-06
1743, 1.555667e-06
1744, 1.761633e-06
1745, 1.396816e-06
1746, 1.781881e-06
1747, 1.961223e-06
1748, 1.337490e-06
1749, 1.470269e-06
1750, 1.976760e-06
1751, 1.200123e-06
1752, 1.756840e-06
1753, 1.813171e-06
1754, 1.868574e-06
1755, 1.770885e-06
1756, 1.380794e-06
1757, 2.145924e-06
1758, 2.781253e-06
1759, 1.507718e-06
1760, 2.206717e-06
1761, 2.220752e-06
1762, 1.969394e-06
1763, 2.372874e-06
1764, 2.770162e-06
1765, 1.220264e-06
1766, 2.366178e-06
1767, 2.265424e-06
1768, 1.755599e-06
1769, 2.139247e-06
1770, 1.358262e-06
1771, 2.725316e-06
1772, 2.013913e-06
1773, 1.566686e-06
1774, 2.462830e-06
1775, 1.644942e-06
1776, 1.775161e-06
1777, 1.919692e-06
1778, 1.477418e-06
1779, 1.127973e-06
1780, 1.711035e-06
1781, 1.080391e-06
1782, 1.148309e-06
1783, 1.257580e-06
1784, 1.703423e-06
1785, 1.726034e-06
1786, 1.667406e-06
1787, 2.554744e-06
1788, 2.445282e-06
1789, 2.186635e-06
1790, 2.654796e-06
1791, 1.645542e-06
1792, 2.144303e-06
1793, 2.391881e-06
1794, 3.073555e-06
1795, 1.759029e-06
1796, 2.040299e-06
1797, 2.211641e-06
1798, 1.856852e-06
1799, 6.097515e-07
1800, 4.074825e-07
1801, 1.367464e-06
1802, 1.494585e-06
1803, 1.939312e-06
1804, 1.617881e-06
1805, 1.700522e-06
1806, 2.008509e-06
1807, 2.409313e-06
1808, 2.135018e-06
1809, 2.112527e-06
1810, 2.053230e-06
1811, 1.749697e-06
1812, 1.298403e-06
1813, 2.250479e-07
1814, 2.471321e-06
1815, 2.100480e-06
1816, 1.604487e-06
1817, 1.276478e-06
1818, 5.533702e-07
1819, 3.525876e-07
1820, 3.679426e-07
1821, 1.856997e-06
1822, 1.682477e-06
1823, 1.501847e-06
1824, 1.537836e-06
1825, 1.288111e-06
1826, 2.058781e-06
1827, 1.562738e-06
1828, 2.924977e-06
1829, 1.856852e-06
1830, 2.387545e-06
1831, 1.835754e-06
1832, 8.776593e-07
1833, 1.668049e-07
1834, 1.619880e-07
1835, 8.121519e-07
1836, 4.046425e-07
1837, 8.465654e-07
1838, 8.310208e-07
1839, 1.599308e-06
1840, 1.724678e-06
1841, 8.478835e-07
1842, 9.741588e-07
1843, 2.074139e-06
1844, 1.708558e-06
1845, 1.887682e-06
1846, 1.513520e-06
1847, 1.801758e-06
1848, 1.818760e-06
1849, 2.595622e-06
1850, 1.706770e-06
1851, 1.801758e-06
1852, 1.125005e-06
1853, 1.125005e-06
1854, 2.187218e-06
1855, 1.386347e-06
1856, 1.745303e-06
1857, 1.745303e-06
1858, 1.721650e-06
1859, 1.831520e-06
1860, 1.166380e-06
1861, 1.659740e-06
1862, 2.282463e-06
1863, 1.314634e-06
1864, 1.894225e-06
1865, 1.167809e-06
1866, 1.096431e-06
1867, 1.179466e-06
1868, 1.359478e-06
1869, 1.405349e-06
1870, 1.800779e-06
1871, 2.633013e-06
1872, 1.615215e-06
1873, 1.909273e-06
1874, 1.488949e-06
1875, 2.744721e-06
1876, 1.627756e-06
1877, 2.001583e-06
1878, 3.072672e-06
1879, 1.405349e-06
1880, 1.455774e-06
1881, 1.780103e-06
1882, 2.591236e-06
1883, 1.343454e-06
1884, 1.266353e-06
1885, 2.207488e-06
1886, 1.247020e-06
1887, 1.984351e-06
1888, 1.456354e-06
1889, 1.488949e-06
1890, 1.411075e-06
1891, 1.413186e-06
1892, 1.267977e-06
1893, 1.463620e-06
1894, 1.240224e-06
1895, 1.732823e-06
1896, 1.188095e-06
1897, 1.184774e-06
1898, 2.383019e-06
1899, 2.454060e-06
1900, 2.482057e-06
1901, 1.166380e-06
1902, 1.320147e-06
1903, 1.458759e-06
1904, 1.201963e-06
1905, 1.203111e-06
1906, 1.856075e-06
1907, 1.115992e-06
1908, 1.570741e-06
1909, 1.986510e-06
1910, 1.483618e-06
1911, 2.114111e-06
1912, 1.755364e-06
1913, 1.792434e-06
1914, 1.353039e-06
1915, 1.322746e-06
1916, 1.197925e-06
1917, 1.670669e-06
1918, 1.521491e-06
1919, 1.668380e-06
1920, 1.643298e-06
1921, 1.363445e-06
1922, 1.378539e-06
1923, 1.230890e-06
1924, 1.225623e-06
1925, 2.004179e-06
1926, 1.624485e-06
1927, 1.331510e-06
1928, 1.385580e-06
1929, 1.284240e-06
1930, 1.095893e-06
1931, 1.137870e-06
1932, 1.578628e-06
1933, 1.222128e-06
1934, 1.117494e-06
1935, 1.902093e-06
1936, 1.303177e-06
1937, 1.146946e-06
1938, 1.367194e-06
1939, 1.367194e-06
1940, 1.300174e-06
1941, 1.315787e-06
1942, 1.304943e-06
1943, 1.724784e-06
1944, 1.170732e-06
1945, 1.556810e-06
1946, 1.278201e-06
1947, 1.746506e-06
1948, 2.096988e-06
1949, 1.257586e-06
1950, 2.278477e-06
1951, 3.029249e-06
1952, 1.614147e-06
1953, 1.254411e-06
1954, 1.359797e-06
1955, 1.446040e-06
1956, 1.770885e-06
1957, 1.684165e-06
1958, 1.491403e-06
1959, 2.087395e-06
1960, 1.686984e-06
1961, 1.434502e-06
1962, 1.393353e-06
1963, 2.631031e-06
1964, 1.355371e-06
1965, 2.263222e-06
1966, 1.403701e-06
1967, 2.704691e-06
1968, 1.968483e-06
1969, 1.123599e-06
1970, 1.148076e-06
1971, 1.878406e-06
1972, 1.462277e-06
1973, 1.835850e-06
1974, 1.864213e-06
1975, 1.420000e-06
1976, 1.705459e-06
1977, 3.030515e-06
1978, 1.749518e-06
1979, 1.561299e-06
1980, 2.413984e-06
1981, 2.034675e-06
1982, 1.671769e-06
1983, 2.315626e-06
1984, 2.022446e-06
1985, 1.990141e-06
1986, 1.968891e-06
1987, 1.467699e-06
1988, 2.618965e-06
1989, 1.410467e-06
1990, 2.594632e-06
1991, 2.746053e-06
1992, 1.938240e-06
1993, 1.242491e-06
1994, 1.461385e-06
1995, 1.405560e-06
1996, 1.789564e-06
1997, 2.063001e-06
1998, 1.545221e-06
1999, 2.152740e-06
2000, 1.302535e-06
2001, 1.897472e-06
2002, 1.375848e-06
2003, 1.394918e-06
2004, 1.921263e-06
2005, 2.450613e-06
2006, 2.467855e-06
2007, 2.006032e-06
2008, 2.151300e-06
2009, 2.109719e-06
2010, 2.097366e-06
2011, 2.215732e-06
2012, 1.923774e-06
2013, 2.274837e-06
2014, 1.363565e-06
2015, 1.891918e-06
2016, 2.966661e-06
2017, 1.861587e-06
2018, 1.355336e-06
2019, 1.511492e-06
2020, 1.824751e-06
2021, 1.599079e-06
2022, 2.358858e-06
2023, 2.226254e-06
2024, 1.553860e-06
2025, 1.167268e-06
2026, 1.113079e-06
2027, 1.243903e-06
2028, 2.651851e-06
2029, 1.809140e-06
2030, 1.636868e-06
2031, 1.257380e-06
2032, 1.459708e-06
2033, 2.211299e-06
2034, 1.229523e-06
2035, 1.300487e-06
2036, 1.446040e-06
2037, 1.420894e-06
2038, 1.994094e-06
2039, 1.994094e-06
2040, 1.440523e-06
2041, 1.772555e-06
2042, 1.623995e-06
2043, 1.811181e-06
2044, 1.740720e-06
2045, 1.678984e-06
2046, 1.288174e-06
2047, 2.034380e-06
2048, 1.238985e-06
2049, 1.322412e-06
2050, 1.803220e-06
2051, 2.483704e-06
2052, 1.222018e-06
2053, 1.370502e-06
2054, 2.562871e-06
2055, 2.503418e-06
2056, 1.797421e-06
2057, 1.669434e-06
2058, 1.956541e-06
2059, 1.718104e-06
2060, 1.516233e-06
2061, 1.728700e-06
2062, 2.194374e-06
2063, 1.519568e-06
2064, 1.135962e-06
2065, 2.017552e-06
2066, 1.923665e-06
2067, 2.179093e-06
2068, 1.266628e-06
2069, 1.217452e-06
2070, 1.126932e-06
2071, 1.989441e-06
2072, 1.701824e-06
2073, 1.994344e-06
2074, 2.002081e-06
2075, 2.572786e-06
2076, 2.113652e-06
2077, 2.218033e-06
2078, 1.979374e-06
2079, 1.471521e-06
2080, 1.382255e-06
2081, 1.375264e-06
2082, 1.964396e-06
2083, 1.961910e-06
2084, 2.742463e-06
2085, 1.431456e-06
2086, 1.610868e-06
2087, 1.941954e-06
2088, 1.542060e-06
2089, 1.705287e-06
2090, 1.183709e-06
2091, 2.324951e-06
2092, 2.180931e-06
2093, 1.354854e-06
2094, 2.023424e-06
2095, 1.257303e-06
2096, 2.419114e-06
2097, 2.305443e-06
2098, 1.727275e-06
2099, 1.421222e-06
2100, 2.658893e-06
2101, 1.691931e-06
2102, 2.064954e-06
2103, 1.487216e-06
2104, 1.579705e-06
2105, 1.334911e-06
2106, 1.536057e-06
2107, 1.536057e-06
2108, 1.817835e-06
2109, 1.297163e-06
2110, 1.225047e-06
2111, 1.576721e-06
2112, 1.451135e-06
2113, 2.284885e-06
2114, 2.226161e-06
2115, 1.391566e-06
2116, 1.436079e-06
2117, 1.718104e-06
2118, 1.447710e-06
2119, 2.230772e-06
2120, 2.067993e-06
2121, 2.080533e-06
2122, 1.095195e-06
2123, 1.095195e-06
2124, 1.640736e-06
2125, 1.292132e-06
2126, 2.871896e-06
2127, 1.380765e-06
2128, 1.170992e-06
2129, 1.671482e-06
2130, 1.434472e-06
2131, 1.619523e-06
2132, 2.543294e-06
2133, 1.701052e-06
2134, 1.581953e-06
2135, 1.355488e-06
2136, 1.335609e-06
2137, 1.489284e-06
2138, 1.300174e-06
2139, 1.275648e-06
2140, 1.997950e-06
2141, 1.604827e-06
2142, 9.575295e-07
2143, 1.536275e-06
2144, 2.517317e-06
2145, 1.256832e-06
2146, 2.098486e-06
2147, 1.603311e-06
2148, 1.961233e-06
2149, 1.314369e-06
2150, 1.072313e-06
2151, 1.172484e-06
2152, 2.652820e-06
2153, 2.313171e-06
2154, 2.357042e-06
2155, 1.406892e-06
2156, 1.312069e-06
2157, 1.303362e-06
2158, 1.343752e-06
2159, 2.177753e-06
2160, 1.360280e-06
2161, 1.902863e-06
2162, 3.026064e-06
2163, 1.895037e-06
2164, 1.705100e-06
2165, 2.943105e-06
2166, 1.236694e-06
2167, 1.703633e-06
2168, 2.494340e-06
2169, 1.708448e-06
2170, 1.494811e-06
2171, 2.915348e-06
2172, 1.423071e-06
2173, 1.220264e-06
2174, 1.634820e-06
2175, 1.340837e-06
2176, 1.210671e-06
2177, 2.030425e-06
2178, 1.277327e-06
2179, 8.306638e-07
2180, 5.544144e-07
2181, 1.832025e-06
2182, 1.460652e-06
2183, 1.269358e-06
2184, 1.563113e-06
2185, 2.105318e-06
2186, 2.268025e-06
2187, 1.796134e-06
2188, 1.643796e-06
2189, 1.764847e-06
2190, 1.738192e-06
2191, 1.638603e-06
2192, 1.442786e-06
2193, 1.651072e-06
2194, 2.098135e-06
2195, 2.017179e-06
2196, 1.949792e-06
2197, 1.471521e-06
2198, 1.934558e-06
2199, 1.818814e-06
2200, 1.973140e-06
2201, 1.663382e-06
2202, 1.296161e-06
2203, 1.643039e-06
2204, 1.564971e-06
2205, 1.436307e-06
2206, 1.436307e-06
2207, 1.423978e-06
2208, 1.342528e-06
2209, 2.785756e-06
2210, 1.409996e-06
2211, 1.242686e-06
2212, 2.101933e-06
2213, 1.126859e-06
2214, 1.387672e-06
2215, 2.124902e-06
2216, 2.140581e-06
2217, 2.806215e-06
2218, 1.481542e-06
2219, 1.713504e-06
2220, 1.931203e-06
2221, 2.003885e-06
2222, 2.026852e-06
2223, 1.787342e-06
2224, 2.823892e-06
2225, 1.840663e-06
2226, 1.753852e-06
2227, 1.498073e-06
2228, 1.472164e-06
2229, 1.175812e-06
2230, 1.232858e-06
2231, 2.183473e-06
2232, 1.232858e-06
2233, 1.372724e-06
2234, 1.281295e-06
2235, 2.657667e-06
2236, 2.135311e-06
2237, 1.159960e-06
2238, 2.143089e-06
2239, 1.229368e-06
2240, 2.196202e-06
2241, 1.419544e-06
2242, 1.628743e-06
2243, 3.108723e-06
2244, 1.446156e-06
2245, 1.973872e-06
2246, 1.960116e-06
2247, 2.886465e-06
2248, 1.756753e-06
2249, 2.799700e-06
2250, 2.799700e-06
2251, 2.861223e-06
2252, 1.566628e-06
2253, 1.330888e-06
2254, 2.371551e-06
2255, 1.288807e-06
2256, 1.776092e-06
2257, 1.307621e-06
2258, 1.303810e-06
2259, 1.275631e-06
2260, 1.246322e-06
2261, 1.300274e-06
2262, 1.888022e-06
2263, 2.264554e-06
2264, 1.252555e-06
2265, 1.454998e-06
2266, 1.896109e-06
2267, 1.492183e-06
2268, 1.077396e-06
2269, 1.251788e-06
2270, 2.359026e-06
2271, 1.831446e-06
2272, 1.226856e-06
2273, 1.604440e-06
2274, 2.336303e-06
2275, 1.785564e-06
2276, 1.865727e-06
2277, 2.465978e-06
2278, 2.572888e-06
2279, 1.180225e-06
2280, 2.864903e-06
2281, 1.370837e-06
2282, 2.517927e-06
2283, 1.551040e-06
2284, 1.235898e-06
2285, 2.021670e-06
2286, 2.021670e-06
2287, 2.312309e-06
2288, 1.447992e-06
2289, 1.387693e-06
2290, 1.393896e-06
2291, 1.208818e-06
2292, 2.450779e-06
2293, 1.120872e-06
2294, 1.237978e-06
2295, 2.478403e-06
2296, 2.211641e-06
2297, 1.287238e-06
2298, 2.188800e-06
2299, 1.298766e-06
2300, 1.720985e-06
2301, 1.482818e-06
2302, 1.379844e-06
2303, 1.423466e-06
2304, 2.711590e-06
2305, 1.893641e-06
2306, 2.486768e-06
2307, 2.486768e-06
2308, 1.628332e-06
2309, 1.274497e-06
2310, 1.248000e-06
2311, 1.292494e-06
2312, 1.527237e-06
2313, 1.545786e-06
2314, 1.215676e-06
2315, 1.174924e-06
2316, 1.298949e-06
2317, 2.012902e-06
2318, 1.505413e-06
2319, 1.629909e-06
2320, 1.181544e-06
2321, 1.132740e-06
2322, 1.227904e-06
2323, 1.894695e-06
2324, 1.222567e-06
2325, 1.273517e-06
2326, 1.207253e-06
2327, 1.865352e-06
2328, 1.783487e-06
2329, 1.216607e-06
2330, 1.972619e-06
2331, 1.496422e-06
2332, 1.830787e-06
2333, 1.675219e-06
2334, 1.733796e-06
2335, 1.685890e-06
2336, 1.443587e-06
2337, 1.452717e-06
2338, 1.631740e-06
2339, 1.257504e-06
2340, 1.819320e-06
2341, 2.435015e-06
2342, 2.658338e-06
2343, 2.429220e-06
2344, 1.847138e-06
2345, 2.160566e-06
2346, 1.858607e-06
2347, 1.819040e-06
2348, 2.166702e-06
2349, 1.317944e-06
2350, 1.355443e-06
2351, 1.586478e-06
2352, 1.450730e-06
2353, 1.591697e-06
2354, 1.591697e-06
2355, 1.674093e-06
2356, 1.814269e-06
2357, 1.284025e-06
2358, 1.214692e-06
2359, 1.196293e-06
2360, 2.472750e-06
2361, 1.235690e-06
2362, 1.292211e-06
2363, 1.382884e-06
2364, 1.542985e-06
2365, 1.279838e-06
2366, 1.963051e-06
2367, 2.133612e-06
2368, 2.144754e-06
2369, 1.858597e-06
2370, 1.672017e-06
2371, 1.619986e-06
2372, 2.129552e-06
2373, 2.108063e-06
2374, 1.287533e-06
2375, 1.905575e-06
2376, 1.327951e-06
2377, 1.444681e-06
2378, 1.572020e-06
2379, 1.393251e-06
2380, 1.138986e-06
2381, 2.160035e-06
2382, 1.294025e-06
2383, 1.556046e-06
2384, 1.551154e-06
2385, 1.317261e-06
2386, 1.727807e-06
2387, 2.189172e-06
2388, 2.189172e-06
2389, 1.610749e-06
2390, 1.269670e-06
2391, 1.357840e-06
2392, 1.767270e-06
2393, 1.892962e-06
2394, 2.171165e-06
2395, 1.621222e-06
2396, 1.249139e-06
2397, 1.236516e-06
2398, 1.242310e-06
2399, 2.514881e-06
2400, 1.534191e-06
2401, 1.453785e-06
2402, 1.867079e-06
2403, 1.867079e-06
2404, 1.269753e-06
2405, 1.444364e-06
2406, 1.656685e-06
2407, 1.338217e-06
2408, 1.236031e-06
2409, 2.838911e-06
2410, 2.187113e-06
2411, 2.119807e-06
2412, 2.119807e-06
2413, 1.905752e-06
2414, 1.581945e-06
2415, 1.201679e-06
2416, 2.398386e-06
2417, 1.797438e-06
2418, 1.946471e-06
2419, 1.245552e-06
2420, 1.789746e-06
2421, 1.636037e-06
2422, 1.341190e-06
2423, 1.858171e-06
2424, 1.254117e-06
2425, 1.271933e-06
2426, 1.456734e-06
2427, 1.337004e-06
2428, 2.051551e-06
2429, 1.762789e-06
2430, 1.658085e-06
2431, 2.335965e-06
2432, 2.335965e-06
2433, 1.286752e-06
2434, 1.247991e-06
2435, 1.168463e-06
2436, 1.623601e-06
2437, 2.397547e-06
2438, 2.571970e-06
2439, 1.177807e-06
2440, 1.421517e-06
2441, 1.276575e-06
2442, 1.276575e-06
2443, 1.517360e-06
2444, 2.218267e-06
2445, 2.936559e-06
2446, 1.304630e-06
2447, 1.175140e-06
2448, 1.126430e-06
2449, 1.296741e-06
2450, 1.349358e-06
2451, 1.790066e-06
2452, 1.393749e-06
2453, 1.260025e-06
2454, 1.472901e-06
2455, 1.376920e-06
2456, 1.610535e-06
2457, 1.407425e-06
2458, 1.460420e-06
2459, 1.998822e-06
2460, 1.398380e-06
2461, 1.176130e-06
2462, 1.336259e-06
2463, 1.236505e-06
2464, 2.423680e-06
2465, 1.954426e-06
2466, 1.284155e-06
2467, 1.706230e-06
2468, 1.647577e-06
2469, 2.747494e-06
2470, 1.270388e-06
2471, 1.428041e-06
2472, 1.447981e-06
2473, 1.425641e-06
2474, 2.397709e-06
2475, 1.108851e-06
2476, 2.720915e-06
2477, 1.257799e-06
2478, 1.430906e-06
2479, 1.488448e-06
2480, 1.626443e-06
2481, 2.471500e-06
2482, 1.753273e-06
2483, 3.041541e-06
2484, 2.163320e-06
2485, 2.186637e-06
2486, 2.035709e-06
2487, 1.906136e-06
2488, 2.286186e-06
2489, 1.191558e-06
2490, 2.237463e-06
2491, 1.746398e-06
2492, 1.456444e-06
2493, 1.431202e-06
2494, 1.275342e-06
2495, 1.465167e-06
2496, 1.469996e-06
2497, 1.261089e-06
2498, 1.095145e-06
2499, 1.706230e-06
2500, 1.273422e-06
2501, 1.323301e-06
2502, 2.042824e-06
2503, 1.762279e-06
2504, 1.939095e-06
2505, 1.939095e-06
2506, 2.131444e-06
2507, 1.556196e-06
2508, 2.048754e-06
2509, 2.619132e-06
2510, 1.606583e-06
2511, 1.750074e-06
2512, 1.532189e-06
2513, 1.756509e-06
2514, 1.258595e-06
2515, 1.638887e-06
2516, 1.758074e-06
2517, 1.352361e-06
2518, 2.851576e-06
2519, 1.255921e-06
2520, 1.247028e-06
2521, 1.263828e-06
2522, 1.298963e-06
2523, 1.100960e-06
2524, 1.472787e-06
2525, 1.171145e-06
2526, 1.926232e-06
2527, 1.934771e-06
2528, 1.396122e-06
2529, 2.045465e-06
2530, 1.415070e-06
2531, 1.884741e-06
2532, 1.460071e-06
2533, 1.903978e-06
2534, 1.903978e-06
2535, 1.537743e-06
2536, 1.825683e-06
2537, 1.889221e-06
2538, 1.281640e-06
2539, 1.310690e-06
2540, 1.696958e-06
2541, 1.194408e-06
2542, 2.126898e-06
2543, 2.633118e-06
2544, 1.400338e-06
2545, 1.653403e-06
2546, 1.276473e-06
2547, 1.896372e-06
2548, 1.896372e-06
2549, 2.331986e-06
2550, 1.150547e-06
2551, 1.150547e-06
2552, 1.086264e-06
2553, 1.195264e-06
2554, 1.180953e-06
2555, 2.525914e-06
2556, 2.632928e-06
2557, 2.256599e-06
2558, 1.384866e-06
2559, 1.442855e-06
2560, 1.167154e-06
2561, 2.083308e-06
2562, 1.344590e-06
2563, 1.888022e-06
2564, 1.238499e-06
2565, 2.174047e-06
2566, 1.908727e-06
2567, 1.860800e-06
2568, 1.241677e-06
2569, 1.934689e-06
2570, 2.242426e-06
2571, 2.864337e-06
2572, 1.272425e-06
2573, 1.409182e-06
2574, 1.645202e-06
2575, 1.951904e-06
2576, 1.894737e-06
2577, 1.617814e-06
2578, 1.261698e-06
2579, 1.289286e-06
2580, 1.257471e-06
2581, 1.317823e-06
2582, 1.987930e-06
2583, 1.917111e-06
2584, 1.948705e-06
2585, 1.445218e-06
2586, 1.349339e-06
2587, 2.278182e-06
2588, 1.551040e-06
2589, 1.411317e-06
2590, 1.426235e-06
2591, 1.284274e-06
2592, 1.277994e-06
2593, 1.316256e-06
2594, 1.929346e-06
2595, 1.929346e-06
2596, 1.655945e-06
2597, 3.001870e-06
2598, 1.118916e-06
2599, 1.671236e-06
2600, 1.572757e-06
2601, 1.359954e-06
2602, 1.702775e-06
2603, 1.629031e-06
2604, 1.458666e-06
2605, 1.177877e-06
2606, 1.387388e-06
2607, 1.528327e-06
2608, 2.003364e-06
2609, 2.151112e-06
2610, 1.271510e-06
2611, 1.204144e-06
2612, 1.145242e-06
2613, 1.532035e-06
2614, 1.574527e-06
2615, 2.109196e-06
2616, 2.493777e-06
2617, 1.448309e-06
2618, 1.561255e-06
2619, 2.134870e-06
2620, 1.700544e-06
2621, 1.266641e-06
2622, 2.052849e-06
2623, 1.669531e-06
2624, 2.944024e-06
2625, 2.409812e-06
2626, 1.682774e-06
2627, 1.654893e-06
2628, 1.808255e-06
2629, 1.921899e-06
2630, 1.930912e-06
2631, 1.894202e-06
2632, 2.634998e-06
2633, 2.020611e-06
2634, 1.366843e-06
2635, 1.680187e-06
2636, 1.359308e-06
2637, 1.565283e-06
2638, 1.565283e-06
2639, 1.148616e-06
2640, 2.718336e-06
2641, 2.206879e-06
2642, 2.485462e-06
2643, 1.472694e-06
2644, 1.609463e-06
2645, 2.088631e-06
2646, 2.089261e-06
2647, 2.789136e-06
2648, 1.443621e-06
2649, 1.547231e-06
2650, 1.845983e-06
2651, 1.438337e-06
2652, 1.979820e-06
2653, 2.024763e-06
2654, 1.106162e-06
2655, 1.106162e-06
2656, 2.112132e-06
2657, 1.409182e-06
2658, 1.871503e-06
2659, 2.201543e-06
2660, 1.143999e-06
2661, 1.231137e-06
2662, 1.934952e-06
2663, 1.925495e-06
2664, 1.248606e-06
2665, 1.936459e-06
2666, 1.811376e-06
2667, 1.175070e-06
2668, 1.363271e-06
2669, 1.217863e-06
2670, 1.939490e-06
2671, 2.358690e-06
2672, 1.558888e-06
2673, 1.254288e-06
2674, 1.250553e-06
2675, 1.327370e-06
2676, 1.635999e-06
2677, 1.655470e-06
2678, 1.889762e-06
2679, 1.485312e-06
2680, 1.661290e-06
2681, 1.623527e-06
2682, 1.648820e-06
2683, 1.577850e-06
2684, 1.255143e-06
2685, 1.385463e-06
2686, 1.421443e-06
2687, 1.778512e-06
2688, 9.486637e-07
2689, 1.234927e-06
2690, 1.482338e-06
2691, 1.460641e-06
2692, 1.513627e-06
2693, 2.350741e-06
2694, 1.596029e-06
2695, 1.415113e-06
2696, 1.785196e-06
2697, 1.900829e-06
2698, 2.046174e-06
2699, 1.785325e-06
2700, 1.746118e-06
2701, 1.483725e-06
2702, 1.493315e-06
2703, 6.959847e-07
2704, 2.040074e-06
2705, 1.376546e-06
2706, 1.327464e-06
2707, 2.067373e-06
2708, 2.249088e-06
2709, 2.065976e-06
2710, 1.627464e-06
2711, 1.600285e-06
2712, 1.563595e-06
2713, 2.070960e-06
2714, 2.126229e-06
2715, 2.349710e-06
2716, 1.829520e-06
2717, 1.812547e-06
2718, 1.428221e-06
2719, 1.373516e-06
2720, 2.098434e-06
2721, 1.903723e-06
2722, 1.358861e-06
2723, 1.472260e-06
2724, 1.799395e-06
2725, 1.609819e-06
2726, 1.949988e-06
2727, 1.925553e-06
2728, 2.465424e-06
2729, 2.353076e-06
2730, 2.012718e-06
2731, 1.632004e-06
2732, 1.690247e-06
2733, 1.669454e-06
2734, 2.069061e-06
2735, 1.320505e-06
2736, 1.137550e-06
2737, 1.165152e-06
2738, 1.165152e-06
2739, 1.644881e-06
2740, 1.951396e-06
2741, 1.742421e-06
2742, 1.913377e-06
2743, 1.295012e-06
2744, 1.342594e-06
2745, 2.148049e-06
2746, 2.166936e-06
2747, 1.568543e-06
2748, 2.249820e-06
2749, 1.477427e-06
2750, 1.123656e-06
2751, 1.767251e-06
2752, 1.172932e-06
2753, 3.257518e-07
2754, 2.867133e-06
2755, 1.728479e-06
2756, 1.872126e-06
2757, 1.189290e-06
2758, 1.016141e-06
2759, 1.357858e-06
2760, 1.477427e-06
2761, 2.073846e-06
2762, 2.596443e-06
2763, 1.975334e-06
2764, 1.363747e-06
2765, 1.978925e-06
2766, 1.783368e-06
2767, 2.266181e-06
2768, 1.630067e-06
2769, 2.133517e-06
2770, 2.248955e-06
2771, 1.547084e-06
2772, 1.579185e-06
2773, 1.883727e-06
2774, 2.561309e-06
2775, 1.692932e-06
2776, 1.411338e-06
2777, 1.764670e-06
2778, 1.305640e-06
2779, 1.386444e-06
2780, 1.205977e-06
2781, 1.949082e-06
2782, 1.497508e-06
2783, 2.797121e-06
2784, 1.365330e-06
2785, 1.365015e-06
2786, 1.365015e-06
2787, 2.385120e-06
2788, 1.244995e-06
2789, 1.929156e-06
2790, 2.412849e-06
2791, 2.021197e-06
2792, 1.705357e-06
2793, 1.399473e-06
2794, 1.596339e-06
2795, 4.278118e-07
2796, 1.838672e-06
2797, 1.330740e-06
2798, 1.636002e-06
2799, 1.437294e-06
2800, 1.493200e-06
2801, 1.502496e-06
2802, 1.247888e-06
2803, 2.011415e-06
2804, 2.773339e-06
2805, 1.157186e-06
2806, 1.480389e-06
2807, 1.775227e-06
2808, 1.501709e-06
2809, 1.453069e-06
2810, 2.269968e-06
2811, 2.748620e-06
2812, 1.359689e-06
2813, 1.796723e-06
2814, 1.763919e-06
2815, 1.881026e-06
2816, 1.965144e-06
2817, 1.871434e-06
2818, 1.327996e-06
2819, 1.453383e-06
2820, 2.705766e-06
2821, 1.767499e-06
2822, 1.173590e-06
2823, 1.278019e-06
2824, 1.809082e-06
2825, 1.981438e-06
2826, 1.394356e-06
2827, 1.550934e-06
2828, 1.136285e-06
2829, 1.532519e-06
2830, 1.426341e-06
2831, 1.973907e-06
2832, 1.238083e-06
2833, 1.546524e-06
2834, 1.148060e-06
2835, 1.076322e-06
2836, 1.379123e-06
2837, 1.233823e-06
2838, 1.148754e-06
2839, 1.759556e-06
2840, 1.191263e-06
2841, 1.765021e-06
2842, 1.885711e-06
2843, 1.372375e-06
2844, 1.570983e-06
2845, 1.448815e-06
2846, 1.408787e-06
2847, 2.373951e-06
2848, 1.653642e-06
2849, 1.945138e-06
2850, 1.389111e-06
2851, 1.263750e-06
2852, 1.293246e-06
2853, 2.040429e-06
2854, 1.380023e-06
2855, 2.086861e-06
2856, 1.685517e-06
2857, 1.589897e-06
2858, 1.331617e-06
2859, 3.072185e-06
2860, 2.004989e-06
2861, 2.004989e-06
2862, 1.243527e-06
2863, 1.309176e-06
2864, 1.519894e-06
2865, 1.665727e-06
2866, 1.576009e-06
2867, 1.419289e-06
2868, 2.545414e-06
2869, 3.866092e-07
2870, 1.555306e-06
2871, 1.784468e-06
2872, 1.691956e-06
2873, 2.488583e-06
2874, 2.002582e-06
2875, 2.124732e-06
2876, 1.771026e-06
2877, 1.194485e-06
2878, 1.465946e-06
2879, 1.322763e-06
2880, 1.539535e-06
2881, 2.206685e-06
2882, 1.902675e-06
2883, 1.448044e-06
2884, 1.759108e-06
2885, 2.504931e-06
2886, 1.436052e-06
2887, 1.785325e-06
2888, 2.571970e-06
2889, 2.220141e-06
2890, 1.912892e-06
2891, 1.889217e-06
2892, 1.577832e-06
2893, 1.492328e-06
2894, 1.532837e-06
2895, 5.165865e-07
2896, 2.882830e-06
2897, 2.133025e-06
2898, 1.340787e-06
2899, 2.180879e-06
2900, 9.100958e-07
2901, 1.827074e-06
2902, 4.946367e-07
2903, 1.513715e-06
2904, 8.622487e-07
2905, 1.405102e-06
2906, 2.014099e-06
2907, 2.352452e-06
2908, 1.866044e-06
2909, 3.048465e-06
2910, 2.018485e-06
2911, 2.576519e-06
2912, 1.864897e-06
2913, 2.300860e-06
2914, 1.527530e-06
2915, 1.470627e-06
2916, 1.174718e-06
2917, 1.187605e-06
2918, 1.713866e-06
2919, 1.096296e-06
2920, 1.908671e-06
2921, 1.386614e-06
2922, 1.699711e-06
2923, 1.796528e-06
2924, 3.048465e-06
2925, 1.308909e-06
2926, 1.965086e-06
2927, 1.534478e-06
2928, 1.258041e-06
2929, 1.269459e-06
2930, 1.540772e-06
2931, 1.540772e-06
2932, 1.553135e-06
2933, 1.604538e-06
2934, 1.813111e-06
2935, 1.378494e-06
2936, 2.184376e-06
2937, 2.129336e-06
2938, 1.836438e-06
2939, 1.397408e-06
2940, 1.397408e-06
2941, 1.581680e-06
2942, 1.219957e-06
2943, 1.284581e-06
2944, 2.870822e-06
2945, 1.213156e-06
2946, 1.103662e-06
2947, 1.247118e-06
2948, 2.053856e-06
2949, 1.711592e-06
2950, 1.420759e-06
2951, 1.492105e-06
2952, 1.484219e-06
2953, 2.458828e-06
2954, 1.704043e-06
2955, 1.228121e-06
2956, 1.298403e-06
2957, 1.764645e-06
2958, 1.613035e-06
2959, 1.551983e-06
2960, 1.283659e-06
2961, 1.451824e-06
2962, 1.451824e-06
2963, 1.920851e-06
2964, 2.223273e-06
2965, 1.318048e-06
2966, 1.580428e-06
2967, 2.493366e-06
2968, 2.759114e-06
2969, 1.182948e-06
2970, 1.156146e-06
2971, 1.443574e-06
2972, 1.509468e-07
2973, 3.382450e-07
2974, 3.125212e-07
2975, 4.290107e-07
2976, 3.940725e-07
2977, 1.568107e-07
2978, 7.500341e-08
2979, 6.266203e-08
2980, 1.228915e-07
2981, 6.297823e-07
2982, 2.123836e-06
2983, 2.176740e-06
2984, 1.271251e-06
2985, 2.604647e-06
2986, 2.090645e-06
2987, 1.123655e-06
2988, 2.264554e-06
2989, 2.036691e-06
2990, 1.171718e-06
2991, 1.194896e-06
2992, 1.272936e-06
2993, 2.735550e-06
2994, 2.208564e-06
2995, 2.472588e-06
2996, 1.639905e-06
2997, 2.313849e-06
2998, 1.430000e-06
2999, 1.318232e-06
3000, 1.834146e-06
3001, 1.793969e-06
3002, 1.602226e-06
3003, 1.498205e-06
3004, 1.158286e-06
3005, 1.659815e-06
3006, 2.171633e-06
3007, 1.235908e-06
3008, 2.280786e-06
3009, 2.184183e-06
3010, 2.384529e-06
3011, 1.706241e-06
3012, 2.062677e-06
3013, 2.053817e-06
3014, 1.707167e-06
3015, 2.854242e-06
3016, 2.158745e-06
3017, 1.574703e-06
3018, 1.195104e-06
3019, 1.220334e-06
3020, 1.183517e-06
3021, 1.384328e-06
3022, 1.438581e-06
3023, 1.486515e-06
3024, 1.909922e-06
3025, 1.104984e-06
3026, 2.360329e-06
3027, 1.157643e-06
3028, 1.460928e-06
3029, 2.828815e-06
3030, 1.881096e-06
3031, 2.269909e-06
3032, 1.292201e-06
3033, 1.227330e-06
3034, 1.840310e-06
3035, 1.700424e-06
3036, 1.516263e-06
3037, 1.753458e-06
3038, 1.697110e-06
3039, 1.707672e-06
3040, 1.299537e-06
3041, 1.913576e-06
3042, 2.928462e-06
3043, 1.438324e-06
3044, 1.379051e-06
3045, 1.346870e-06
3046, 2.252795e-06
3047, 2.408721e-06
3048, 1.198447e-06
3049, 1.224832e-06
3050, 1.497540e-06
3051, 1.615559e-06
3052, 2.404670e-06
3053, 1.251727e-06
3054, 1.304531e-06
3055, 1.271158e-06
3056, 1.387014e-06
3057, 1.634710e-06
3058, 1.587995e-06
3059, 2.132246e-06
3060, 2.004180e-06
3061, 1.851851e-06
3062, 1.388190e-06
3063, 1.998697e-06
3064, 2.050417e-06
3065, 1.628884e-06
3066, 1.334740e-06
3067, 2.953605e-06
3068, 1.205341e-06
3069, 1.867716e-06
3070, 1.441739e-06
3071, 1.330685e-06
3072, 1.672306e-06
3073, 1.256273e-06
3074, 1.351543e-06
3075, 1.937634e-06
3076, 2.925957e-06
3077, 1.427919e-06
3078, 1.632101e-06
3079, 2.198344e-06
3080, 2.630609e-06
3081, 2.896884e-06
3082, 2.776067e-06
3083, 2.007310e-06
3084, 2.651525e-06
3085, 2.223374e-06
3086, 1.297102e-06
3087, 1.257028e-06
3088, 1.159883e-06
3089, 2.879083e-06
3090, 1.641931e-06
3091, 2.261959e-06
3092, 1.895417e-06
3093, 2.366469e-06
3094, 2.556100e-06
3095, 2.426554e-06
3096, 1.286873e-06
3097, 1.276125e-06
3098, 1.223547e-06
3099, 2.416879e-06
3100, 2.774245e-06
3101, 2.211416e-06
3102, 2.141965e-06
3103, 1.194546e-06
3104, 1.268684e-06
3105, 1.396644e-06
3106, 1.400950e-06
3107, 1.661360e-06
3108, 2.214986e-06
3109, 1.573275e-06
3110, 2.261959e-06
3111, 1.939735e-06
3112, 2.774252e-06
3113, 2.266068e-06
3114, 2.046101e-06
3115, 2.298299e-06
3116, 1.617470e-06
3117, 1.571600e-06
3118, 1.635575e-06
3119, 2.507407e-06
3120, 2.459303e-06
3121, 2.037486e-06
3122, 2.109575e-06
3123, 2.373286e-06
3124, 1.523462e-06
3125, 2.418786e-06
3126, 2.145417e-06
3127, 1.461089e-06
3128, 2.174818e-06
3129, 1.258236e-06
3130, 2.337640e-06
3131, 2.759146e-06
3132, 2.153782e-06
3133, 1.546016e-06
3134, 1.368476e-06
3135, 2.789301e-06
3136, 1.660194e-06
3137, 1.649130e-06
3138, 1.371173e-06
3139, 2.137818e-06
3140, 1.555146e-06
3141, 1.982589e-06
3142, 1.278806e-06
3143, 2.194041e-06
3144, 2.418258e-06
3145, 1.955949e-06
3146, 2.156344e-06
3147, 1.431246e-06
3148, 1.952375e-07
3149, 1.299492e-06
3150, 1.407558e-06
3151, 1.420788e-06
3152, 1.432446e-06
3153, 1.124627e-06
3154, 1.749693e-06
3155, 2.451598e-06
3156, 1.407379e-06
3157, 1.454228e-06
3158, 1.455032e-06
3159, 6.916795e-07
3160, 9.536668e-07
3161, 6.596361e-07
3162, 1.758357e-06
3163, 1.614440e-06
3164, 1.551220e-06
3165, 1.181585e-06
3166, 1.597229e-06
3167, 2.012051e-06
3168, 1.638428e-06
3169, 1.361344e-06
3170, 1.362204e-06
3171, 1.204311e-06
3172, 2.224593e-06
3173, 1.762319e-06
3174, 1.459151e-06
3175, 1.858072e-06
3176, 1.367921e-06
3177, 2.158490e-06
3178, 2.041650e-06
3179, 1.589217e-06
3180, 1.602445e-06
3181, 2.069895e-06
3182, 1.984542e-06
3183, 2.245656e-06
3184, 1.469234e-06
3185, 1.634314e-06
3186, 2.338445e-06
3187, 2.315720e-06
3188, 1.910347e-06
3189, 1.377795e-06
3190, 2.094803e-06
3191, 2.824943e-06
3192, 2.755279e-06
3193, 1.483299e-06
3194, 6.723937e-07
3195, 8.065027e-07
3196, 1.524937e-06
3197, 2.167801e-06
3198, 2.542268e-06
3199, 1.976694e-06
3200, 2.924493e-06
3201, 1.455647e-06
3202, 1.034440e-06
3203, 1.477892e-06
3204, 1.540492e-06
3205, 1.758346e-06
3206, 1.525614e-06
3207, 1.243227e-06
3208, 1.413411e-06
3209, 1.662693e-06
3210, 2.563641e-06
3211, 2.762175e-06
3212, 3.066217e-06
3213, 4.826722e-07
3214, 3.950632e-07
3215, 7.071472e-07
3216, 7.243558e-07
3217, 2.176303e-06
3218, 2.388632e-06
3219, 2.296006e-06
3220, 1.308736e-06
3221, 1.377691e-06
3222, 2.825744e-06
3223, 1.499494e-06
3224, 2.130889e-06
3225, 2.002878e-06
3226, 1.762985e-06
3227, 1.762985e-06
3228, 2.414616e-06
3229, 1.527142e-06
3230, 1.413735e-06
3231, 1.040613e-06
3232, 1.139367e-06
3233, 1.255983e-06
3234, 2.018251e-06
3235, 1.712638e-06
3236, 1.473623e-06
3237, 1.643204e-06
3238, 2.253298e-06
3239, 1.799774e-06
3240, 2.054641e-06
3241, 1.633664e-06
3242, 1.264099e-06
3243, 1.527163e-06
3244, 1.408565e-06
3245, 1.405494e-06
3246, 1.390522e-06
3247, 2.049997e-06
3248, 1.549317e-06
3249, 2.427345e-06
3250, 2.724680e-06
3251, 1.133907e-06
3252, 1.277572e-06
3253, 1.766553e-06
3254, 1.326794e-06
3255, 1.219122e-06
3256, 1.755717e-06
3257, 1.425136e-06
3258, 1.841869e-06
3259, 1.379479e-06
3260, 1.349611e-06
3261, 1.178768e-06
3262, 1.759606e-06
3263, 3.071671e-06
3264, 2.271904e-06
3265, 2.307878e-06
3266, 1.284363e-06
3267, 1.433883e-06
3268, 1.324100e-06
3269, 1.621378e-06
3270, 1.605727e-06
3271, 1.513316e-06
3272, 1.269301e-06
3273, 1.190076e-06
3274, 2.511420e-06
3275, 1.431900e-06
3276, 1.438455e-06
3277, 2.261364e-06
3278, 1.370057e-06
3279, 1.959754e-06
3280, 1.345855e-06
3281, 1.730835e-06
3282, 1.677262e-06
3283, 1.797676e-06
3284, 1.868867e-06
3285, 1.208436e-06
3286, 1.373332e-06
3287, 1.900701e-06
3288, 1.997206e-06
3289, 1.736910e-06
3290, 1.298963e-06
3291, 1.346195e-06
3292, 1.576335e-06
3293, 1.834571e-06
3294, 2.704031e-06
3295, 1.341040e-06
3296, 2.193006e-06
3297, 1.386889e-06
3298, 1.434238e-06
3299, 1.183517e-06
3300, 1.167860e-06
3301, 2.464637e-06
3302, 1.354213e-06
3303, 1.218827e-06
3304, 2.024692e-06
3305, 1.965389e-06
3306, 1.854996e-06
3307, 1.918975e-06
3308, 2.484450e-06
3309, 1.848618e-06
3310, 1.431882e-06
3311, 1.487832e-06
3312, 1.678593e-06
3313, 1.402026e-06
3314, 1.119905e-06
3315, 1.324073e-06
3316, 2.105145e-07
3317, 1.962262e-07
3318, 1.338422e-06
3319, 4.290107e-07
3320, 1.037882e-06
3321, 1.735471e-06
3322, 1.989402e-06
3323, 2.824544e-06
3324, 2.623945e-06
3325, 2.405736e-06
3326, 1.997011e-06
3327, 1.663002e-06
3328, 1.659868e-06
3329, 2.503450e-06
3330, 1.373594e-06
3331, 1.609905e-06
3332, 1.557092e-06
3333, 1.242086e-06
3334, 1.370786e-06
3335, 1.242107e-06
3336, 1.967895e-06
3337, 1.097249e-06
3338, 1.611051e-06
3339, 1.389641e-06
3340, 2.268046e-06
3341, 1.899646e-06
3342, 1.970801e-06
3343, 1.235454e-06
3344, 1.122984e-06
3345, 1.549299e-06
3346, 2.448092e-06
3347, 1.793828e-06
3348, 1.236772e-06
3349, 1.398194e-06
3350, 1.634642e-06
3351, 1.478926e-06
3352, 1.470627e-06
3353, 1.574608e-06
3354, 1.430774e-06
3355, 1.189572e-06
3356, 1.775609e-06
3357, 2.403617e-06
3358, 1.445254e-06
3359, 1.738606e-06
3360, 2.087936e-06
3361, 3.056997e-06
3362, 2.862059e-06
3363, 1.652616e-06
3364, 2.071332e-06
3365, 2.510254e-06
3366, 2.255691e-06
3367, 2.086312e-06
3368, 1.459712e-06
3369, 2.478411e-06
3370, 2.290066e-06
3371, 1.951433e-06
3372, 1.398088e-06
3373, 1.691649e-06
3374, 1.367707e-06
3375, 1.634316e-06
3376, 2.468160e-06
3377, 1.274868e-06
3378, 1.732735e-06
3379, 2.617273e-06
3380, 1.384448e-06
3381, 2.855071e-06
3382, 2.156338e-06
3383, 2.841362e-06
3384, 2.394098e-06
3385, 1.262696e-06
3386, 1.357180e-06
3387, 1.452137e-06
3388, 2.657966e-06
3389, 2.856128e-06
3390, 2.342314e-06
3391, 1.936310e-06
3392, 1.368949e-06
3393, 1.703045e-06
3394, 1.486294e-06
3395, 1.084183e-06
3396, 2.146109e-06
3397, 2.681994e-06
3398, 1.392841e-06
3399, 1.573930e-06
3400, 1.307272e-06
3401, 1.386896e-06
3402, 2.589984e-06
3403, 2.308227e-06
3404, 2.896484e-06
3405, 1.759618e-06
3406, 1.460206e-06
3407, 1.672306e-06
3408, 1.235935e-06
3409, 1.350437e-06
3410, 1.716324e-06
3411, 2.287056e-06
3412, 1.533750e-06
3413, 1.774970e-06
3414, 2.425643e-06
3415, 1.901347e-06
3416, 1.287270e-06
3417, 1.197033e-06
3418, 1.555443e-06
3419, 2.317256e-06
3420, 2.845263e-06
3421, 1.947837e-06
3422, 1.685357e-06
3423, 1.746593e-06
3424, 1.910438e-06
3425, 1.843004e-06
3426, 1.401308e-06
3427, 2.295681e-06
3428, 2.429110e-06
3429, 1.605000e-06
3430, 1.842076e-06
3431, 2.313040e-06
3432, 2.150859e-06
3433, 1.761745e-06
3434, 1.917109e-06
3435, 1.917109e-06
3436, 2.437781e-06
3437, 1.991235e-06
3438, 1.320147e-06
3439, 1.638331e-06
3440, 2.749191e-06
3441, 2.238152e-06
3442, 1.182128e-06
3443, 1.633359e-06
3444, 1.523438e-06
3445, 1.874544e-06
3446, 2.511961e-06
3447, 1.522505e-06
3448, 1.306607e-06
3449, 1.306607e-06
3450, 1.522011e-06
3451, 1.886129e-06
3452, 1.991628e-06
3453, 1.484739e-06
3454, 1.511716e-06
3455, 1.767193e-06
3456, 1.544829e-06
3457, 2.007563e-06
3458, 1.564307e-06
3459, 1.548366e-06
3460, 1.356207e-06
3461, 1.934353e-06
3462, 1.312428e-06
3463, 1.414047e-06
3464, 2.303247e-06
3465, 1.628754e-06
3466, 1.703993e-06
3467, 2.478515e-06
3468, 1.290515e-06
3469, 1.329048e-06
3470, 1.718430e-06
3471, 2.119155e-06
3472, 1.710758e-06
3473, 2.119155e-06
3474, 1.388764e-06
3475, 1.372988e-06
3476, 2.041843e-06
3477, 1.247236e-06
3478, 1.455440e-06
3479, 1.685357e-06
3480, 1.267668e-06
3481, 1.455567e-06
3482, 1.894475e-06
3483, 1.694092e-06
3484, 2.494736e-06
3485, 2.238539e-06
3486, 1.381037e-06
3487, 2.175176e-06
3488, 1.760750e-06
3489, 1.497607e-06
3490, 2.368114e-06
3491, 2.468367e-06
3492, 2.108295e-06
3493, 1.279972e-06
3494, 1.250698e-06
3495, 1.365893e-06
3496, 1.647392e-06
3497, 1.430291e-06
3498, 1.271949e-06
3499, 1.398844e-06
3500, 1.788563e-06
3501, 1.833490e-06
3502, 1.789474e-06
3503, 2.070277e-06
3504, 1.658365e-06
3505, 1.344268e-06
3506, 2.238539e-06
3507, 1.184774e-06
3508, 1.539485e-06
3509, 1.066846e-06
3510, 2.181506e-06
3511, 2.193816e-06
3512, 1.298615e-06
3513, 1.436863e-06
3514, 1.251225e-06
3515, 1.700669e-06
3516, 1.898950e-06
3517, 1.960785e-06
3518, 1.658037e-06
3519, 1.259189e-06
3520, 2.126170e-06
3521, 1.273426e-06
3522, 2.038510e-06
3523, 1.717811e-06
3524, 1.322728e-06
3525, 2.222370e-06
3526, 1.515341e-06
3527, 1.188049e-06
3528, 1.273426e-06
3529, 1.192197e-06
3530, 1.636995e-06
3531, 2.224609e-06
3532, 2.145107e-06
3533, 2.647451e-06
3534, 1.280751e-06
3535, 1.151527e-06
3536, 1.272703e-06
3537, 1.622553e-06
3538, 1.827529e-06
3539, 2.153782e-06
3540, 2.082263e-06
3541, 1.814198e-06
3542, 2.337096e-06
3543, 1.314507e-06
3544, 1.764206e-06
3545, 1.315009e-06
3546, 1.495096e-06
3547, 1.495096e-06
3548, 2.177123e-06
3549, 2.235180e-06
3550, 2.153678e-06
3551, 1.486294e-06
3552, 2.577299e-06
3553, 2.461127e-06
3554, 1.575155e-06
3555, 2.175847e-06
3556, 1.211957e-06
3557, 1.193139e-06
3558, 2.477233e-06
3559, 2.151830e-06
3560, 1.320250e-06
3561, 2.090645e-06
3562, 1.696087e-06
3563, 1.804275e-06
3564, 1.287649e-06
3565, 2.270707e-06
3566, 1.622817e-06
3567, 1.215951e-06
3568, 1.947002e-06
3569, 2.210730e-06
3570, 1.589662e-06
3571, 1.056820e-06
3572, 1.056820e-06
3573, 1.854530e-06
3574, 1.739573e-06
3575, 1.380360e-06
3576, 1.386072e-06
3577, 3.840260e-07
3578, 1.198265e-06
3579, 2.118699e-06
3580, 1.756972e-06
3581, 1.712688e-06
3582, 1.568989e-06
3583, 1.145200e-06
3584, 1.790679e-06
3585, 1.327344e-06
3586, 7.227413e-07
3587, 1.342775e-06
3588, 1.780164e-06
3589, 1.968023e-06
3590, 1.580626e-06
3591, 1.258187e-06
3592, 1.755450e-06
3593, 1.398414e-06
3594, 5.923586e-07
3595, 1.473937e-06
3596, 1.602386e-06
3597, 1.943056e-06
3598, 2.143381e-06
3599, 9.713683e-07
3600, 5.442009e-07
3601, 6.585652e-07
3602, 3.539555e-07
3603, 1.548677e-06
3604, 1.659357e-06
3605, 8.976296e-07
3606, 6.522690e-07
3607, 1.233002e-06
3608, 1.518256e-06
3609, 1.385205e-06
3610, 1.939346e-06
3611, 2.708130e-06
3612, 2.765245e-07
3613, 1.209002e-06
3614, 2.095029e-06
3615, 1.396337e-06
3616, 2.196109e-06
3617, 3.939031e-07
3618, 1.323645e-06
3619, 2.017381e-06
3620, 1.939376e-06
3621, 2.237122e-06
3622, 2.454689e-06
3623, 2.281016e-06
3624, 2.476620e-06
3625, 1.984886e-06
3626, 1.857999e-06
3627, 1.276880e-06
3628, 1.836757e-06
3629, 2.224842e-06
3630, 1.292024e-06
3631, 1.364628e-06
3632, 1.745272e-06
3633, 1.644921e-06
3634, 2.285525e-06
3635, 1.805546e-06
3636, 1.334599e-06
3637, 1.445254e-06
3638, 1.253841e-06
3639, 1.647485e-06
3640, 1.511042e-06
3641, 1.797130e-06
3642, 2.528567e-06
3643, 2.767507e-06
3644, 2.060109e-06
3645, 2.628687e-06
3646, 1.547013e-06
3647, 2.016212e-06
3648, 1.793283e-06
3649, 1.389704e-06
3650, 1.498879e-06
3651, 1.562540e-06
3652, 1.803723e-06
3653, 2.072495e-06
3654, 1.553606e-06
3655, 1.378965e-06
3656, 1.349458e-06
3657, 1.690611e-06
3658, 2.478160e-06
3659, 2.227433e-06
3660, 1.446839e-06
3661, 1.861910e-06
3662, 1.765507e-06
3663, 1.118736e-06
3664, 2.185796e-06
3665, 1.916295e-06
3666, 2.309906e-06
3667, 1.941126e-06
3668, 2.263784e-06
3669, 2.641657e-06
3670, 2.564449e-06
3671, 2.649097e-06
