-7.164557e-02, 6.656843e-08, 1.479083e-10, -7.494286e-10, -3.808558e-11, -6.658157e-08, 2.714504e-06, 2.053277e-11, -2.239572e-09, -9.723310e-12, 1.709458e-10, -6.658779e-08, -2.715730e-06, -6.639598e-08, 1.190494e-10, 8.538766e-10, 2.340291e-09, -6.241692e-12, -1.985427e-10, -4.924864e-11, -2.625729e-08, -5.069189e-11, 2.606146e-08, 7.061432e-11, 1.534833e-10, -6.805258e-11, -4.330831e-11, -7.564223e-12
-7.067288e-02, 6.766344e-08, 1.473972e-10, -8.488536e-10, -5.740965e-11, -6.789655e-08, 2.795427e-06, -1.276865e-11, -2.027891e-09, 1.414080e-10, 1.860961e-10, -6.772908e-08, -2.795447e-06, -6.770034e-08, 1.852496e-10, 8.618705e-10, 2.089004e-09, 1.874216e-11, -2.529417e-10, -3.600274e-11, -2.670510e-08, -1.287557e-10, 2.660084e-08, 4.955908e-11, 1.689693e-10, -2.848485e-11, -4.220232e-11, -5.698286e-12
-6.970020e-02, 6.898880e-08, 1.217811e-10, -9.054343e-10, -2.960309e-11, -6.907917e-08, 2.877769e-06, 2.497561e-11, -1.820090e-09, 9.870312e-11, 1.936441e-10, -6.896347e-08, -2.876597e-06, -6.924539e-08, 1.580809e-10, 9.229959e-10, 1.761322e-09, -1.518025e-11, -2.256619e-10, -4.488720e-11, -2.716322e-08, -1.413083e-10, 2.731561e-08, 6.396113e-11, 7.696146e-11, 6.358218e-11, -5.196676e-11, -7.952193e-12
-6.872751e-02, 7.018968e-08, 1.197184e-10, -8.159141e-10, -1.987940e-11, -7.067763e-08, 2.964036e-06, 1.477072e-12, -1.557044e-09, 3.315396e-10, 5.011822e-11, -7.034546e-08, -2.962160e-06, -7.056541e-08, 7.963668e-11, 8.215374e-10, 1.514051e-09, 5.199789e-12, -8.605695e-11, -8.088095e-11, -2.775491e-08, -1.933189e-10, 2.781323e-08, 9.152510e-11, 4.192478e-11, 7.014352e-11, -3.078427e-11, -4.472228e-12
-6.775483e-02, 7.144052e-08, -1.066763e-10, 3.461021e-10, 2.799322e-11, -7.251493e-08, 3.056687e-06, -4.140678e-11, -1.289816e-09, 6.742688e-10, -1.616884e-10, -7.181910e-08, -3.054412e-06, -7.194694e-08, -1.033057e-10, -3.739209e-10, 1.265733e-09, 3.112005e-11, 1.955882e-10, -5.938037e-12, -2.844953e-08, -2.657472e-10, 2.829823e-08, -1.414678e-11, -1.283235e-10, 6.497146e-11, 5.741219e-11, 8.154028e-12
-6.678215e-02, 7.343484e-08, 5.901432e-11, -3.257944e-10, -6.297209e-11, -7.352418e-08, 3.150812e-06, 2.263500e-11, -1.022187e-09, 7.412874e-11, -2.946029e-11, -7.345923e-08, -3.149971e-06, -7.358936e-08, 5.476518e-11, 3.296911e-10, 9.677716e-10, -2.775287e-11, -3.480748e-11, -5.332670e-11, -2.894896e-08, -3.395629e-11, 2.903811e-08, 3.967288e-11, 3.937575e-11, 4.757755e-11, -3.824427e-11, 5.969642e-12
-6.580946e-02, 7.471639e-08, 1.017290e-10, -1.031396e-09, -1.028033e-10, -7.486471e-08, 3.254956e-06, 6.044406e-12, -7.284764e-10, 1.087953e-10, 2.023624e-10, -7.476819e-08, -3.254042e-06, -7.490074e-08, 2.682205e-10, 1.064863e-09, 7.202208e-10, -1.017272e-11, -3.068999e-10, -5.100431e-11, -2.955198e-08, -7.472325e-11, 2.962586e-08, 3.962467e-11, 1.352260e-10, 3.490661e-11, -5.877019e-11, 5.412652e-12
-6.483678e-02, 7.669193e-08, 2.870802e-11, 9.320156e-11, 2.579791e-12, -7.702505e-08, 3.356800e-06, -2.714336e-11, -4.280105e-10, 1.951779e-10, -4.127222e-10, -7.681302e-08, -3.356814e-06, -7.674309e-08, -1.907163e-10, -8.227652e-11, 4.545939e-10, 1.433270e-11, 3.820789e-10, -1.306281e-10, -3.038018e-08, -5.085768e-11, 3.021394e-08, 1.010612e-10, -2.060977e-10, -9.815956e-12, 1.840548e-11, 1.289347e-11
-6.386409e-02, 7.827310e-08, 1.007559e-10, -8.156396e-10, -8.526288e-11, -7.825087e-08, 3.472623e-06, 2.039787e-11, -1.519276e-10, 2.670359e-12, 9.558580e-11, -7.827229e-08, -3.472048e-06, -7.836951e-08, 1.642318e-10, 8.144175e-10, 9.490831e-11, -2.368610e-11, -1.812209e-10, -6.503388e-11, -3.096411e-08, 1.340399e-11, 3.106576e-08, 5.696894e-11, 1.178701e-10, 4.294928e-11, -5.303019e-11, 3.482081e-12
-6.289141e-02, 7.994602e-08, 1.204527e-10, -7.663631e-10, -9.538754e-11, -8.026060e-08, 3.592445e-06, 3.064844e-12, 1.629645e-10, 2.171152e-10, 7.388677e-11, -8.008204e-08, -3.590513e-06, -8.027882e-08, 1.623230e-10, 7.792162e-10, -2.003366e-10, -8.326427e-12, -1.716481e-10, -6.810815e-11, -3.166083e-08, -8.541748e-11, 3.179943e-08, 5.797506e-11, 1.302767e-10, 7.102373e-11, -4.798670e-11, 4.550531e-12
-6.191872e-02, 8.198067e-08, 1.388661e-10, -5.078145e-10, -3.254536e-11, -8.209334e-08, 3.717531e-06, 1.261126e-11, 4.993964e-10, 8.083617e-11, -6.428383e-11, -8.203001e-08, -3.716459e-06, -8.214474e-08, 2.316145e-11, 5.291157e-10, -5.049121e-10, -9.212490e-12, 5.943275e-12, -8.342976e-11, -3.246802e-08, -5.313699e-11, 3.256758e-08, 8.561203e-11, 9.222274e-12, 3.080631e-11, -4.449616e-11, -5.703506e-13
-6.094604e-02, 8.415334e-08, 7.695265e-11, -4.752884e-10, 8.133980e-12, -8.412952e-08, 3.848820e-06, -6.203429e-12, 8.632205e-10, -3.645136e-12, -1.225325e-10, -8.412177e-08, -3.848487e-06, -8.422816e-08, -3.139742e-11, 4.610294e-10, -8.452710e-10, 7.886015e-12, 9.978225e-11, -9.846629e-11, -3.330703e-08, -5.807192e-11, 3.338049e-08, 9.808547e-11, -6.708235e-11, 5.733219e-12, -1.037537e-11, -1.559813e-14
-5.997335e-02, 8.597894e-08, 1.838337e-11, -9.339034e-10, -1.095084e-10, -8.620428e-08, 3.992824e-06, 9.564062e-12, 1.185854e-09, 1.594854e-10, 3.054850e-10, -8.605959e-08, -3.991568e-06, -8.621877e-08, 3.372655e-10, 9.341858e-10, -1.198004e-09, -1.638241e-11, -4.101049e-10, -2.866724e-13, -3.413924e-08, -9.630357e-11, 3.421805e-08, -1.835966e-11, 2.070930e-10, 4.460266e-11, -4.935633e-11, 8.120512e-12
-5.900067e-02, 8.848067e-08, -1.620991e-12, -3.077421e-10, -3.046236e-11, -8.846385e-08, 4.138828e-06, -2.301513e-11, 1.534578e-09, 1.625692e-11, 1.603477e-10, -8.851117e-08, -4.137557e-06, -8.870452e-08, 1.638359e-10, 3.170809e-10, -1.581146e-09, 2.189571e-11, -1.984522e-10, 3.217209e-11, -3.503126e-08, 4.021231e-11, 3.522235e-08, -3.785090e-11, 6.124691e-11, 7.324989e-11, -9.665042e-12, 2.624546e-12
-5.802798e-02, 9.077587e-08, 9.688125e-11, -3.996904e-10, -1.106136e-11, -9.068141e-08, 4.298020e-06, 1.834159e-12, 1.929157e-09, -3.409859e-11, -1.915247e-11, -9.074918e-08, -4.297260e-06, -9.087977e-08, 2.534298e-11, 3.898288e-10, -1.969117e-09, 1.375038e-12, -1.243356e-11, -5.295590e-11, -3.598933e-08, -3.691728e-11, 3.614416e-08, 5.955377e-11, -1.529568e-11, 4.033396e-11, -2.772584e-11, -3.005901e-12
-5.705530e-02, 9.303183e-08, -2.415907e-10, 2.018239e-10, 2.780649e-11, -9.390369e-08, 4.463324e-06, -3.969990e-11, 2.329025e-09, 5.521612e-10, 4.139857e-10, -9.331894e-08, -4.461522e-06, -9.344772e-08, 2.027332e-10, -2.467324e-10, -2.327683e-09, 3.581734e-11, -3.346190e-10, 1.797546e-10, -3.718128e-08, -2.388860e-10, 3.704468e-08, -1.786773e-10, 9.726507e-11, 4.426380e-11, 6.459949e-11, -1.224479e-12
-5.608261e-02, 9.585285e-08, 2.823962e-11, -1.080039e-09, -1.380304e-10, -9.604153e-08, 4.643478e-06, 1.819924e-11, 2.724143e-09, 1.549270e-10, 4.412541e-10, -9.592411e-08, -4.642025e-06, -9.612915e-08, 4.386954e-10, 1.066310e-09, -2.794655e-09, -2.480441e-11, -5.653509e-10, 2.775915e-11, -3.806975e-08, -1.338654e-10, 3.820592e-08, -4.347864e-11, 2.843795e-10, 7.408258e-11, -6.660255e-11, 6.658271e-12
-5.510993e-02, 9.842715e-08, -1.841728e-12, -7.063533e-10, -6.786659e-11, -9.913877e-08, 4.833768e-06, 1.392330e-12, 3.191246e-09, 4.826522e-10, 3.166942e-10, -9.868800e-08, -4.831064e-06, -9.896972e-08, 2.992922e-10, 6.927999e-10, -3.208305e-09, -3.554213e-12, -3.870627e-10, 3.866923e-11, -3.925657e-08, -3.237852e-10, 3.933788e-08, -4.606978e-11, 1.608084e-10, 8.445608e-11, -3.777895e-11, 3.042938e-12
-5.413724e-02, 1.015923e-07, 8.977358e-11, -3.778191e-10, -1.822012e-11, -1.017215e-07, 5.035151e-06, 1.436962e-11, 3.674586e-09, 9.207536e-11, 6.412884e-12, -1.016657e-07, -5.034189e-06, -1.017661e-07, 2.940302e-11, 3.772518e-10, -3.679225e-09, -9.618208e-12, -3.408126e-11, -4.767067e-11, -4.044534e-08, -2.313432e-11, 4.051658e-08, 5.503398e-11, 2.690653e-11, 3.821945e-11, -2.908378e-11, -3.194706e-12
-5.316456e-02, 1.048541e-07, -8.628476e-12, -6.426198e-10, -8.570304e-11, -1.056987e-07, 5.244599e-06, -2.124329e-11, 4.193774e-09, 5.491454e-10, 2.444543e-10, -1.051200e-07, -5.242520e-06, -1.053088e-07, 2.298526e-10, 6.526203e-10, -4.173830e-09, 1.634703e-11, -2.976748e-10, -1.397816e-12, -4.182530e-08, -3.332526e-10, 4.173098e-08, -1.088691e-11, 2.354096e-10, 4.603700e-11, 3.099366e-12, 5.428011e-12
-5.164557e-02, 1.106014e-07, -1.190425e-10, 1.885464e-09, 2.089090e-10, -1.100605e-07, 5.613025e-06, -5.541570e-11, 5.051062e-09, -3.964465e-10, -5.330111e-10, -1.103361e-07, -5.616402e-06, -1.099358e-07, -6.475251e-10, -1.907840e-09, -4.943305e-09, 6.835236e-11, 7.852887e-10, 4.119364e-11, -4.392265e-08, 1.954882e-10, 4.367324e-08, -9.828503e-12, -4.558929e-10, -1.632801e-10, 1.416352e-10, -1.409361e-11
-5.012658e-02, 1.164260e-07, -4.574669e-11, 8.929461e-10, 1.332171e-10, -1.161117e-07, 6.016549e-06, 1.146933e-11, 5.907125e-09, -2.297153e-10, -3.511841e-10, -1.163143e-07, -6.018243e-06, -1.160856e-07, -3.446376e-10, -9.127367e-10, -5.884056e-09, -7.826393e-12, 4.557420e-10, -1.349829e-11, -4.626772e-08, 1.802588e-10, 4.615974e-08, 2.622749e-11, -3.400808e-10, -6.360307e-11, 3.149819e-11, -5.883198e-12
-4.860759e-02, 1.224905e-07, -2.011356e-10, 1.170797e-09, 5.712748e-11, -1.226162e-07, 6.470546e-06, -8.640891e-12, 6.961927e-09, 5.067378e-11, -2.213172e-10, -1.225105e-07, -6.471839e-06, -1.223398e-07, -2.579930e-10, -1.169757e-09, -6.857242e-09, 2.269561e-12, 3.371930e-10, 5.187204e-11, -4.891340e-08, 1.294907e-11, 4.864977e-08, -6.790274e-11, -2.376117e-10, -6.811341e-11, 7.989873e-11, 7.049378e-12
-4.708861e-02, 1.295931e-07, -5.731689e-10, 3.361974e-09, 2.672645e-10, -1.297129e-07, 6.978928e-06, -1.933578e-11, 8.056945e-09, -8.186869e-12, -1.830424e-10, -1.295304e-07, -6.982631e-06, -1.289968e-07, -6.436539e-10, -3.377696e-09, -7.904650e-09, 3.054868e-11, 6.353225e-10, 3.220762e-10, -5.189874e-08, 6.395651e-11, 5.129686e-08, -2.984819e-10, -5.172472e-10, -1.915522e-10, 2.339336e-10, -1.059123e-11
-4.556962e-02, 1.377075e-07, -5.146219e-10, 4.502263e-09, 4.182403e-10, -1.374225e-07, 7.549038e-06, 7.393299e-13, 9.262393e-09, -2.474354e-10, -9.177928e-10, -1.374717e-07, -7.553510e-06, -1.369937e-07, -1.266181e-09, -4.566202e-09, -9.061484e-09, 1.366020e-11, 1.489025e-09, 1.917503e-10, -5.505361e-08, 1.145068e-10, 5.452686e-08, -1.522866e-10, -9.909300e-10, -2.133462e-10, 2.712681e-10, -1.836681e-11
-4.405063e-02, 1.460294e-07, -6.745962e-10, 3.650709e-09, 3.192488e-10, -1.467823e-07, 8.193686e-06, -8.495390e-12, 1.062546e-08, 3.621897e-10, 3.300260e-11, -1.461679e-07, -8.197492e-06, -1.455046e-07, -6.732452e-10, -3.633787e-09, -1.044535e-08, 3.405123e-11, 5.422683e-10, 4.162590e-10, -5.872844e-08, -3.022958e-11, 5.781082e-08, -3.646897e-10, -4.619067e-10, -2.105868e-10, 2.757840e-10, -2.239498e-11
-4.253165e-02, 1.562170e-07, -2.177525e-10, 1.905481e-09, 1.434748e-10, -1.565455e-07, 8.918600e-06, 4.112177e-12, 1.211298e-08, 1.616259e-10, -7.121428e-10, -1.562812e-07, -8.920220e-06, -1.560127e-07, -5.989352e-10, -1.934469e-09, -1.202018e-08, -1.586139e-11, 8.776043e-10, -2.502963e-11, -6.251094e-08, -1.537184e-11, 6.212011e-08, -1.761797e-12, -6.568940e-10, -9.010312e-11, 9.257134e-11, 1.138757e-11
-4.101266e-02, 1.672230e-07, -1.660966e-10, 1.400486e-09, 1.441781e-10, -1.676772e-07, 9.748677e-06, 1.607689e-11, 1.384428e-08, 2.531812e-10, -4.484552e-10, -1.673213e-07, -9.749697e-06, -1.671841e-07, -5.085303e-10, -1.406666e-09, -1.368904e-08, -1.139856e-11, 6.498094e-10, -2.023940e-11, -6.697792e-08, -8.227760e-11, 6.659990e-08, 2.615381e-11, -4.144545e-10, -7.884776e-11, 9.513529e-11, -2.640860e-12
-3.949367e-02, 1.797809e-07, -5.619129e-10, 1.867532e-09, 8.251358e-11, -1.800543e-07, 1.069902e-05, -1.447393e-11, 1.578117e-08, 6.059582e-11, 7.266112e-10, -1.796811e-07, -1.070397e-05, -1.789833e-07, 2.529978e-11, -1.862141e-09, -1.562806e-08, 2.995513e-11, -3.712633e-10, 4.455520e-10, -7.220151e-08, 4.366369e-11, 7.136676e-08, -4.129875e-10, 7.602472e-11, -2.500362e-10, 1.816477e-10, -1.431651e-11
-3.797468e-02, 1.939946e-07, -4.378893e-10, 2.193845e-09, 1.061683e-10, -1.951144e-07, 1.178502e-05, 2.243135e-11, 1.803825e-08, 6.746827e-10, -1.558029e-10, -1.943786e-07, -1.178403e-05, -1.943521e-07, -3.856796e-10, -2.212867e-09, -1.784776e-08, -2.673568e-11, 4.111174e-10, 1.790545e-10, -7.773390e-08, -2.137162e-10, 7.732383e-08, -1.933330e-10, -3.237776e-10, -2.981371e-11, 1.391139e-10, 6.117486e-12
-3.645570e-02, 2.092217e-07, -6.615174e-10, 2.057440e-09, 5.317668e-11, -2.111803e-07, 1.306165e-05, 7.225216e-12, 2.052956e-08, 1.172927e-09, 4.635121e-10, -2.098318e-07, -1.306164e-05, -2.095578e-07, -8.132244e-12, -2.087623e-09, -2.037414e-08, -1.471554e-11, -1.730220e-10, 3.853585e-10, -8.449481e-08, -4.414368e-10, 8.356060e-08, -4.044152e-10, -1.439818e-10, -6.457501e-11, 1.642400e-10, 8.087456e-12
-3.493671e-02, 2.289303e-07, 3.076099e-11, 3.097438e-10, 4.874019e-11, -2.290487e-07, 1.455060e-05, -6.955268e-12, 2.340797e-08, 1.877968e-11, -1.403434e-10, -2.289240e-07, -1.455167e-05, -2.286769e-07, -1.777490e-10, -3.904641e-10, -2.341045e-08, 7.934453e-12, 1.970900e-10, -5.474531e-12, -9.166610e-08, 9.587882e-11, 9.148482e-08, 2.481709e-11, -8.332715e-11, -7.062379e-11, 1.897500e-11, -9.882094e-12
-3.341772e-02, 2.503955e-07, -8.805704e-11, 4.238832e-10, -1.372363e-11, -2.508947e-07, 1.628324e-05, -4.485395e-11, 2.687361e-08, 2.989072e-10, -9.061918e-11, -2.505989e-07, -1.628253e-05, -2.505675e-07, -9.103069e-11, -4.809086e-10, -2.682890e-08, 3.359738e-11, 1.373851e-10, 1.931865e-11, -1.003541e-07, -6.626775e-11, 1.002160e-07, -3.256707e-11, -1.064253e-10, 4.518779e-12, 5.788366e-11, 4.947515e-12
-3.189873e-02, 2.749448e-07, -1.955421e-11, 2.812090e-10, -4.652378e-12, -2.756716e-07, 1.834646e-05, -1.110656e-11, 3.087147e-08, 4.689051e-10, -1.572416e-10, -2.752042e-07, -1.834478e-05, -2.753209e-07, -1.039354e-10, -3.070958e-10, -3.084504e-08, 5.431349e-12, 1.638826e-10, -2.190788e-11, -1.103878e-07, -2.655858e-10, 1.102984e-07, 1.139918e-11, -6.798849e-11, 3.435731e-11, 1.978133e-11, 4.272696e-12
-3.037975e-02, 3.047718e-07, -7.340572e-11, -4.866054e-10, -9.869060e-11, -3.053333e-07, 2.078914e-05, -1.603703e-11, 3.567424e-08, 3.929891e-10, 4.113814e-10, -3.050102e-07, -2.078643e-05, -3.052993e-07, 3.037732e-10, 4.442960e-10, -3.565430e-08, 1.065336e-11, -4.471518e-10, 7.977958e-11, -1.222394e-07, -2.936542e-10, 1.223770e-07, -8.790184e-11, 2.698801e-10, 7.639174e-11, 5.752362e-12, 2.977505e-12
-2.886076e-02, 3.395928e-07, -1.862490e-10, 5.276806e-10, -2.149816e-11, -3.396440e-07, 2.374807e-05, -1.611581e-11, 4.135267e-08, 6.111016e-11, 1.042984e-10, -3.396644e-07, -2.374653e-05, -3.398587e-07, 1.473595e-11, -5.622330e-10, -4.135487e-08, 7.129492e-12, -4.912774e-11, 9.497745e-11, -1.362835e-07, -6.941047e-11, 1.364791e-07, -1.111184e-10, -1.124856e-11, 5.748803e-11, 5.253777e-11, 6.648206e-12
-2.734177e-02, 3.827578e-07, -1.268137e-10, 8.226519e-11, -3.737656e-11, -3.829012e-07, 2.731202e-05, -7.682255e-12, 4.830992e-08, -7.623973e-12, -3.025161e-11, -3.827117e-07, -2.731515e-05, -3.821713e-07, 2.304476e-11, -2.097985e-10, -4.829578e-08, -1.027849e-11, 2.579963e-11, 1.464955e-12, -1.536892e-07, 2.308229e-10, 1.531844e-07, -2.922249e-11, -9.170784e-11, -1.408681e-10, 2.265584e-11, 1.043384e-11
-2.582278e-02, 4.334297e-07, -6.104458e-11, -1.955429e-09, -2.674282e-10, -4.340955e-07, 3.172840e-05, -5.641200e-11, 5.679147e-08, 3.880121e-10, 1.055079e-09, -4.336607e-07, -3.172750e-05, -4.336187e-07, 9.131598e-10, 1.846553e-09, -5.672453e-08, 3.967172e-11, -1.243156e-09, 1.496391e-10, -1.740888e-07, -7.108536e-11, 1.739109e-07, -1.735010e-10, 6.445737e-10, -1.273836e-11, -3.953798e-11, 8.974156e-12
-2.430380e-02, 4.946197e-07, 9.915894e-11, -1.591282e-09, -2.222957e-10, -4.959160e-07, 3.726136e-05, 1.298555e-11, 6.722960e-08, 8.533125e-10, 5.966603e-10, -4.951260e-07, -3.725727e-05, -4.954725e-07, 5.851871e-10, 1.554989e-09, -6.714495e-08, -2.322115e-11, -8.050917e-10, -1.206017e-13, -1.990278e-07, -4.923968e-10, 1.990121e-07, -1.505319e-11, 6.769409e-10, 9.177236e-11, -7.184175e-11, 6.189820e-12
-2.278481e-02, 5.729262e-07, 3.303004e-10, -2.332208e-09, -1.903550e-10, -5.732770e-07, 4.422478e-05, -7.279289e-12, 8.041912e-08, 2.909209e-10, 3.644065e-10, -5.731906e-07, -4.422072e-05, -5.736726e-07, 5.658082e-10, 2.270538e-09, -8.034794e-08, 1.212182e-12, -6.636685e-10, -1.396440e-10, -2.302134e-07, -2.355636e-10, 2.305947e-07, 1.325548e-10, 5.249894e-10, 1.310789e-10, -1.300092e-10, 2.232533e-12
-2.126582e-02, 6.708870e-07, 1.061616e-10, -1.186133e-09, -1.794324e-10, -6.708982e-07, 5.320507e-05, -1.794973e-11, 9.726153e-08, 7.877211e-11, 2.973239e-10, -6.710881e-07, -5.320030e-05, -6.717014e-07, 3.438750e-10, 1.127644e-09, -9.712683e-08, 6.825588e-12, -4.492629e-10, -5.567492e-11, -2.696634e-07, -7.022180e-11, 2.702689e-07, 4.004378e-11, 4.492206e-10, 1.505219e-10, -3.104983e-11, 6.113365e-12
-1.974684e-02, 7.982137e-07, -1.850416e-10, 1.099371e-09, 6.105062e-11, -7.966559e-07, 6.496556e-05, 5.655115e-13, 1.191506e-07, -9.469651e-10, -1.850487e-10, -7.978446e-07, -6.496389e-05, -7.982426e-07, -2.818175e-10, -1.172743e-09, -1.190826e-07, -6.864612e-12, 3.362132e-10, 4.782362e-11, -3.205844e-07, 5.070476e-10, 3.214789e-07, -4.982329e-11, -3.000449e-10, 7.564676e-11, 7.642042e-11, -2.170025e-13
-1.822785e-02, 9.635278e-07, 9.222153e-10, -3.237100e-09, -2.294391e-10, -9.644544e-07, 8.074837e-05, -7.021432e-11, 1.482437e-07, 5.014226e-10, -4.658087e-10, -9.636401e-07, -8.075100e-05, -9.631705e-07, 3.081662e-10, 3.193405e-09, -1.482534e-07, 6.174637e-11, -9.204848e-11, -4.944603e-10, -3.886137e-07, -1.916667e-10, 3.878628e-07, 4.839583e-10, 5.407870e-10, -1.383388e-10, -2.189032e-10, 4.032180e-12
-1.670886e-02, 1.191747e-06, 5.367235e-10, -3.962979e-09, -3.774931e-10, -1.190507e-06, 1.023716e-04, -1.160113e-10, 1.881785e-07, -1.231317e-09, 1.010357e-09, -1.190356e-06, -1.023928e-04, -1.187718e-06, 9.773532e-10, 3.834248e-09, -1.883256e-07, 1.172363e-10, -1.352497e-09, -1.349377e-10, -4.804683e-07, 1.163410e-09, 4.782687e-07, 1.654065e-10, 1.101928e-09, -8.408616e-10, -9.891812e-11, -1.572791e-11
-1.518987e-02, 1.502633e-06, -1.973708e-09, 1.049646e-08, 3.516839e-10, -1.501150e-06, 1.331760e-04, 9.223745e-11, 2.441455e-07, -1.377429e-09, -7.433185e-10, -1.501156e-06, -1.331980e-04, -1.498497e-06, -1.930596e-09, -1.068153e-08, -2.442880e-07, -1.294712e-10, 1.992816e-09, 8.488767e-10, -6.063525e-07, 1.246557e-09, 6.041335e-07, -9.058376e-10, -1.490097e-09, -8.449736e-10, 6.430169e-10, 2.274376e-11
-1.367089e-02, 1.948102e-06, 2.175789e-09, -5.348878e-09, 1.345158e-10, -1.952726e-06, 1.784760e-04, 5.089181e-11, 3.258224e-07, 2.753005e-09, -2.341998e-09, -1.949205e-06, -1.784794e-04, -1.948130e-06, -6.477272e-10, 5.355131e-09, -3.259162e-07, -2.530835e-11, 1.499481e-09, -1.404456e-09, -7.884275e-07, -1.281912e-09, 7.859632e-07, 1.490658e-09, 1.800625e-10, -2.301898e-10, -4.846685e-10, -3.893142e-11
-1.215190e-02, 2.625181e-06, 3.102543e-09, -1.272549e-08, -5.891940e-10, -2.629772e-06, 2.480894e-04, -1.165821e-10, 4.507517e-07, 2.870846e-09, -5.351775e-10, -2.626726e-06, -2.480845e-04, -2.626661e-06, 1.583435e-09, 1.261446e-08, -4.506782e-07, 1.286091e-10, -1.294576e-09, -1.554243e-09, -1.062349e-06, -1.330694e-09, 1.060945e-06, 1.612503e-09, 2.277328e-09, 7.464988e-11, -8.223818e-10, -2.815507e-11
-1.063291e-02, 3.699989e-06, 4.689714e-09, -1.933558e-08, -6.277061e-10, -3.716626e-06, 3.613838e-04, -2.007362e-10, 6.525799e-07, 1.073723e-08, -2.973350e-09, -3.705930e-06, -3.613499e-04, -3.708138e-06, 1.874383e-09, 1.931393e-08, -6.517631e-07, 1.513685e-10, -1.534359e-10, -2.937303e-09, -1.501026e-06, -5.811739e-09, 1.498110e-06, 2.826919e-09, 1.589359e-09, 6.763818e-10, -1.391533e-09, 4.954169e-11
-9.113924e-03, 5.548934e-06, 9.664556e-12, 2.900780e-09, -1.594538e-10, -5.564476e-06, 5.598734e-04, -1.004007e-10, 1.001819e-06, 9.576236e-09, -2.679695e-09, -5.553595e-06, -5.598605e-04, -5.553030e-06, -1.387412e-09, -3.377058e-09, -1.001391e-06, -7.725054e-12, 2.485550e-09, -5.036419e-10, -2.252015e-06, -4.571177e-09, 2.246898e-06, 3.130697e-10, -7.529211e-10, -8.956578e-11, 1.257210e-10, 7.927756e-11
-7.594937e-03, 9.037707e-06, 5.365963e-09, -1.092475e-08, 1.882079e-10, -9.061298e-06, 9.433515e-04, -1.218075e-10, 1.671097e-06, 1.498244e-08, -7.211240e-09, -9.045165e-06, -9.433257e-04, -9.046046e-06, -2.673233e-09, 1.092356e-08, -1.669979e-06, 1.417276e-10, 5.346973e-09, -3.861829e-09, -3.671076e-06, -7.890869e-09, 3.663688e-06, 4.000984e-09, -2.029307e-10, 2.840434e-10, -8.576973e-10, -6.378530e-11
-6.075949e-03, 1.658365e-05, 5.804843e-09, -1.975728e-08, -1.423281e-09, -1.667773e-05, 1.795695e-03, -7.817197e-10, 3.143976e-06, 6.205301e-08, -7.027179e-09, -1.661792e-05, -1.795469e-03, -1.663546e-05, 1.841587e-09, 1.798775e-08, -3.140742e-06, 4.772095e-10, 1.884807e-09, -3.447247e-09, -6.752249e-06, -3.832461e-08, 6.741667e-06, 2.867501e-09, 1.230671e-09, 5.108057e-09, -1.770134e-09, 2.380533e-10
-6.000000e-03, 1.735952e-05, -4.983605e-09, -2.187487e-08, -6.404389e-09, -1.730278e-05, 1.857742e-03, -1.611352e-09, 3.262368e-06, -3.832115e-08, 2.416537e-08, -1.733402e-05, -1.857940e-03, -1.731773e-05, 1.824027e-08, 2.092031e-08, -3.264892e-06, 1.402698e-09, -2.636848e-08, 6.196702e-09, -7.000215e-06, 2.058860e-08, 6.999155e-06, -6.923535e-09, 1.380857e-08, -5.779691e-09, 4.531694e-10, 3.184174e-10
-5.285106e-03, 2.462602e-05, -9.474978e-09, -2.824750e-07, -4.192693e-08, -2.461329e-05, 2.686190e-03, -3.159948e-09, 4.681826e-06, -1.961308e-08, 1.806322e-07, -2.459520e-05, -2.686743e-03, -2.452811e-05, 1.503390e-07, 2.807382e-07, -4.686250e-06, 2.183603e-09, -2.139486e-07, 3.123359e-08, -9.980498e-06, 2.487136e-08, 9.912541e-06, -3.411133e-08, 1.283885e-07, -2.021409e-08, -9.896861e-09, 1.286407e-09
-4.653191e-03, 3.517677e-05, -2.543923e-08, -1.069225e-07, -2.638877e-08, -3.513731e-05, 3.890566e-03, -2.513985e-09, 6.748407e-06, -3.077221e-08, 1.327022e-07, -3.515097e-05, -3.890893e-03, -3.511341e-05, 9.072907e-08, 1.056384e-07, -6.755071e-06, 2.142808e-09, -1.401105e-07, 3.300729e-08, -1.422213e-05, 2.183908e-08, 1.419657e-05, -3.432804e-08, 7.872414e-08, -1.019799e-08, 3.196843e-10, 5.852224e-10
-4.094809e-03, 5.035705e-05, 5.718880e-09, -3.011426e-07, -4.402023e-08, -5.048265e-05, 5.654267e-03, -4.735225e-09, 9.750546e-06, 4.844764e-08, 1.280045e-07, -5.032140e-05, -5.655605e-03, -5.014609e-05, 1.316338e-07, 2.951012e-07, -9.752850e-06, 2.937368e-09, -1.718397e-07, 1.128532e-08, -2.048453e-05, 1.418073e-08, 2.024804e-05, -1.690329e-08, 1.173387e-07, -5.390741e-08, -1.154679e-08, 2.480896e-09
-3.601570e-03, 7.257294e-05, -1.422662e-08, -6.179157e-07, -9.878351e-08, -7.266240e-05, 8.231737e-03, -7.930054e-09, 1.413362e-05, 2.415867e-08, 3.327006e-07, -7.251584e-05, -8.233294e-03, -7.232130e-05, 3.066547e-07, 6.085801e-07, -1.414527e-05, 3.881789e-09, -4.159571e-07, 4.508367e-08, -2.945437e-05, 2.126314e-08, 2.920683e-05, -5.684797e-08, 2.623876e-07, -5.892694e-08, -2.111813e-08, 5.236312e-09
-3.166031e-03, 1.051800e-04, -6.675894e-08, -3.201668e-07, -8.695863e-08, -1.045695e-04, 1.201874e-02, -6.337944e-09, 2.053832e-05, -4.497020e-07, 2.127436e-07, -1.048319e-04, -1.202251e-02, -1.044512e-04, 2.227284e-07, 3.037836e-07, -2.056808e-05, -9.365034e-10, -2.748755e-07, 3.824467e-08, -4.249733e-05, 3.173657e-07, 4.225610e-05, -6.038094e-08, 1.505736e-07, -1.204118e-07, -6.572905e-09, 9.874714e-09
-2.781585e-03, 1.522553e-04, -1.352714e-09, -1.054730e-06, -1.597114e-07, -1.519608e-04, 1.759157e-02, -1.850656e-08, 2.993495e-05, -2.709333e-07, 4.844373e-07, -1.519532e-04, -1.759608e-02, -1.514365e-04, 4.918778e-07, 1.032196e-06, -2.998638e-05, 1.059269e-08, -6.409673e-07, 5.681534e-08, -6.170101e-05, 2.489267e-07, 6.123316e-05, -7.945657e-08, 4.058723e-07, -1.533866e-07, -4.085119e-08, 1.001675e-08
-2.442367e-03, 2.211044e-04, 7.193282e-08, -2.836038e-06, -3.542090e-07, -2.211461e-04, 2.581671e-02, -4.810280e-08, 4.375847e-05, -5.778234e-08, 1.244795e-06, -2.209005e-04, -2.582092e-02, -2.203824e-04, 1.234932e-06, 2.805619e-06, -4.381114e-05, 3.549841e-08, -1.628378e-06, 1.376980e-07, -8.972856e-05, 1.206280e-07, 8.915173e-05, -1.744435e-07, 9.888953e-07, -1.506724e-07, -1.196506e-07, 1.635325e-08
-2.143177e-03, 3.224274e-04, 2.484744e-08, -2.394903e-06, -3.185491e-07, -3.231085e-04, 3.796028e-02, -4.843884e-08, 6.417210e-05, 3.511775e-07, 1.264673e-06, -3.224365e-04, -3.796342e-02, -3.219717e-04, 1.125942e-06, 2.385510e-06, -6.420268e-05, 4.183648e-08, -1.557319e-06, 1.866304e-07, -1.309286e-04, -1.066866e-07, 1.302142e-04, -2.077046e-07, 9.452804e-07, -1.341616e-07, -8.720922e-08, 9.503581e-09
-1.879402e-03, 4.727431e-04, -3.693628e-07, -1.112054e-06, -5.062479e-07, -4.724110e-04, 5.596541e-02, -6.030806e-08, 9.422993e-05, -5.290808e-07, 1.168306e-06, -4.719194e-04, -5.598020e-02, -4.701170e-04, 1.041260e-06, 1.012939e-06, -9.436301e-05, 2.510834e-08, -1.409098e-06, 2.552816e-07, -1.920454e-04, 7.275883e-07, 1.902192e-04, -3.557747e-07, 9.633568e-07, -5.310379e-07, 3.233030e-08, 4.450603e-08
-1.646949e-03, 6.945968e-04, -6.607821e-07, 3.072188e-06, 1.042358e-08, -6.935198e-04, 8.263406e-02, 2.521670e-08, 1.389356e-04, -8.718218e-07, 8.937204e-09, -6.938423e-04, -8.264373e-02, -6.927397e-04, -5.028132e-07, -3.099188e-06, -1.390698e-04, -2.959665e-08, 4.372729e-07, 2.775470e-07, -2.811861e-04, 7.144347e-07, 2.803801e-04, -2.956951e-07, -3.141476e-07, -3.173054e-07, 2.319422e-07, 7.948554e-09
-1.442193e-03, 1.020777e-03, -1.964215e-07, -1.010062e-06, -3.363516e-07, -1.023877e-03, 1.223458e-01, -2.440540e-08, 2.053219e-04, 1.799912e-06, 5.031028e-07, -1.021251e-03, -1.223508e-01, -1.020386e-03, 6.465369e-07, 9.276249e-07, -2.052497e-04, -7.316253e-09, -7.356327e-07, 5.306062e-08, -4.147572e-04, -8.284637e-07, 4.127152e-04, -1.439897e-07, 5.425952e-07, -2.937161e-07, -9.398860e-09, 4.041759e-08
-1.261919e-03, 1.507042e-03, 1.382690e-06, -1.621393e-05, -1.805260e-06, -1.511753e-03, 1.815718e-01, -2.375482e-07, 3.035586e-04, 2.190115e-06, 4.090105e-06, -1.506519e-03, -1.816048e-01, -1.501963e-03, 5.574175e-06, 1.605387e-05, -3.038679e-04, 1.524996e-07, -6.650970e-06, -2.697643e-07, -6.138916e-04, -2.630846e-07, 6.074786e-04, 1.177642e-08, 4.847055e-06, -1.337962e-06, -8.126092e-07, 1.156846e-07
-1.103278e-03, 2.234299e-03, -3.385085e-06, 3.238395e-06, -1.941500e-06, -2.229956e-03, 2.699177e-01, -3.958503e-08, 4.502594e-04, -3.795950e-06, 6.866555e-06, -2.230212e-03, -2.699739e-01, -2.224093e-03, 3.610060e-06, -3.480740e-06, -4.507379e-04, -5.310380e-08, -6.378060e-06, 2.363672e-06, -9.064624e-04, 3.012682e-06, 9.008892e-04, -2.641733e-06, 4.106177e-06, -1.938619e-06, 7.145765e-07, 1.237685e-07
-9.637457e-04, 3.318503e-03, 6.607109e-07, -7.191578e-06, -9.055469e-07, -3.320320e-03, 4.014694e-01, -1.500440e-07, 6.700509e-04, 1.071783e-07, 1.225426e-06, -3.316450e-03, -4.015174e-01, -3.310426e-03, 2.284982e-06, 7.091547e-06, -6.704858e-04, 9.577544e-08, -2.463804e-06, -2.914510e-07, -1.345848e-03, 1.136914e-06, 1.338663e-03, 1.150824e-07, 2.134369e-06, -1.807517e-06, -3.376041e-07, 7.943538e-08
-8.410872e-04, 4.933237e-03, -2.322150e-06, 1.121527e-05, -9.331880e-07, -4.943065e-03, 5.985162e-01, -2.611783e-07, 9.978962e-04, 4.635166e-06, -5.610046e-07, -4.932050e-03, -5.985829e-01, -4.923221e-03, -1.471774e-06, -1.128819e-05, -9.981050e-04, 1.626343e-07, 1.529979e-06, 9.034373e-07, -2.002112e-03, -7.428834e-07, 1.988911e-03, -1.223554e-06, 9.968923e-08, -2.792330e-06, 9.934494e-07, 1.455623e-07
-7.333229e-04, 7.320892e-03, 7.340389e-06, -9.165419e-05, -9.690334e-06, -7.361840e-03, 8.941594e-01, -1.716419e-06, 1.485522e-03, 2.185363e-05, 2.289503e-05, -7.322529e-03, -8.943122e-01, -7.299579e-03, 3.222865e-05, 9.039986e-05, -1.487589e-03, 1.181867e-06, -3.761431e-05, -8.466982e-07, -2.986945e-03, -8.144780e-06, 2.949874e-03, -7.261145e-07, 2.471613e-05, -6.847486e-06, -4.783683e-06, 7.014220e-07
-6.387006e-04, 1.089842e-02, 9.589181e-06, -1.152703e-04, -1.191761e-05, -1.095823e-02, 1.335799e+00, -2.765571e-06, 2.215425e-03, 3.148862e-05, 3.285368e-05, -1.090131e-02, -1.336033e+00, -1.086522e-02, 3.959695e-05, 1.144596e-04, -2.218514e-03, 2.335282e-06, -4.870156e-05, -4.451636e-07, -4.449508e-03, -9.446164e-06, 4.393602e-03, -7.820108e-07, 3.165358e-05, -1.021849e-05, -4.974526e-06, 5.496209e-07
-5.556695e-04, 1.627630e-02, 6.633742e-07, -6.803961e-05, -1.397916e-05, -1.635517e-02, 1.993023e+00, -1.206344e-06, 3.306907e-03, 4.212689e-05, 2.356914e-05, -1.628261e-02, -1.993286e+00, -1.623952e-02, 2.890379e-05, 6.611886e-05, -3.311762e-03, 3.836163e-07, -3.554428e-05, -4.797205e-07, -6.625428e-03, -1.411326e-05, 6.558098e-03, -2.030170e-06, 3.031266e-05, -1.169927e-05, -1.830160e-06, 1.121454e-06
-4.828576e-04, 2.421647e-02, 2.401886e-05, -2.286178e-04, -2.366912e-05, -2.430970e-02, 2.973918e+00, -5.688069e-06, 4.924950e-03, 4.187939e-05, 3.619522e-05, -2.420461e-02, -2.974620e+00, -2.410641e-02, 7.189029e-05, 2.252712e-04, -4.933887e-03, 4.081401e-06, -7.593382e-05, -8.313691e-06, -9.877328e-03, -2.758974e-07, 9.744854e-03, 3.544971e-06, 5.284902e-05, -2.761106e-05, -1.232132e-05, 2.134549e-06
-4.190514e-04, 3.612976e-02, -3.054925e-06, -4.689285e-05, -1.447078e-05, -3.597692e-02, 4.420906e+00, -4.368103e-06, 7.329099e-03, -1.085805e-04, 3.202532e-05, -3.605402e-02, -4.421651e+00, -3.598232e-02, 2.940541e-05, 4.648894e-05, -7.335371e-03, 3.794261e-06, -3.969930e-05, 6.252678e-06, -1.459947e-02, 7.496407e-05, 1.456474e-02, -8.283204e-06, 2.817691e-05, -2.211940e-05, 8.170437e-07, 9.256989e-07
-3.631779e-04, 5.323350e-02, -1.035658e-05, -2.652006e-04, -3.634334e-05, -5.338914e-02, 6.550969e+00, -6.407344e-06, 1.084749e-02, 7.869589e-05, 1.899723e-04, -5.323037e-02, -6.551807e+00, -5.311382e-02, 1.476875e-04, 2.652814e-04, -1.085289e-02, 6.251103e-06, -2.159420e-04, 3.919386e-05, -2.165218e-02, -1.660187e-05, 2.147167e-02, -3.979990e-05, 1.174121e-04, -3.402933e-05, -8.064260e-06, 2.804734e-07
-3.142886e-04, 7.837752e-02, 7.367924e-05, -4.221350e-04, -3.445686e-05, -7.825064e-02, 9.639564e+00, -8.144910e-06, 1.593857e-02, -1.313237e-04, -6.939492e-05, -7.822384e-02, -9.642028e+00, -7.793152e-02, 6.435103e-05, 4.110859e-04, -1.596373e-02, 3.699984e-06, -1.217947e-05, -6.638924e-05, -3.181065e-02, 1.449281e-04, 3.153560e-02, 5.368720e-05, 3.737254e-05, -8.446853e-05, -2.519247e-05, 5.654677e-06
-2.715453e-04, 1.138647e-01, -2.788158e-05, -3.813282e-04, -1.072080e-04, -1.141642e-01, 1.404269e+01, -1.176234e-05, 2.322006e-02, 1.278561e-04, 1.149788e-04, -1.138169e-01, -1.404499e+01, -1.134957e-01, 1.930092e-04, 3.562544e-04, -2.323675e-02, 2.045295e-06, -2.051786e-04, -5.629438e-06, -4.631735e-02, 1.426987e-05, 4.588503e-02, -2.298229e-05, 1.646211e-04, -9.647551e-05, -8.023011e-06, 1.274590e-05
-2.342079e-04, 1.633804e-01, 2.701046e-04, -2.016266e-03, -1.664729e-04, -1.642661e-01, 2.017471e+01, -5.273084e-05, 3.334934e-02, 4.585035e-04, 2.801911e-04, -1.634176e-01, -2.017845e+01, -1.628538e-01, 5.677776e-04, 1.993371e-03, -3.337616e-02, 4.469026e-05, -6.049304e-04, -8.326633e-05, -6.663160e-02, -9.916272e-05, 6.574251e-02, 5.864726e-05, 4.275416e-04, -1.594818e-04, -1.112913e-04, 1.095240e-05
-2.016224e-04, 2.298409e-01, -7.708137e-05, -7.247587e-04, -1.493091e-04, -2.308120e-01, 2.846938e+01, -2.983560e-05, 4.703007e-02, 5.394395e-04, 6.152162e-04, -2.299554e-01, -2.847186e+01, -2.295543e-01, 4.862553e-04, 7.193803e-04, -4.701906e-02, 2.619789e-05, -7.005135e-04, 1.437491e-04, -9.362650e-02, -1.838957e-04, 9.286225e-02, -1.569263e-04, 3.880808e-04, -1.220548e-04, -1.198732e-05, 5.967741e-06
-1.732120e-04, 3.172218e-01, -3.158544e-04, 5.236885e-05, -2.418657e-04, -3.164968e-01, 3.919906e+01, -1.066719e-05, 6.461793e-02, -6.957019e-04, 5.332788e-04, -3.163860e-01, -3.921144e+01, -3.149819e-01, 4.109123e-04, -1.048449e-04, -6.477110e-02, -1.059990e-05, -5.819814e-04, 1.643002e-04, -1.288787e-01, 6.286082e-04, 1.275697e-01, -2.228198e-04, 3.784934e-04, -4.239624e-04, 4.879211e-05, 2.603267e-05
-1.484674e-04, 4.217623e-01, 3.329804e-04, -4.463655e-03, -5.113931e-04, -4.256234e-01, 5.232332e+01, -1.142149e-04, 8.635110e-02, 2.177997e-03, 1.470451e-03, -4.222329e-01, -5.233247e+01, -4.207227e-01, 1.688823e-03, 4.427148e-03, -8.643179e-02, 9.715780e-05, -2.132655e-03, 7.624900e-05, -1.726650e-01, -8.933648e-04, 1.697902e-01, -1.296870e-04, 1.404663e-03, -4.410033e-04, -2.011085e-04, 2.395566e-05
-1.269396e-04, 5.438403e-01, -1.485705e-04, -1.882532e-03, -3.357071e-04, -5.458533e-01, 6.728891e+01, -5.505308e-05, 1.112093e-01, 1.140924e-03, 1.435851e-03, -5.441039e-01, -6.729343e+01, -5.433641e-01, 1.142199e-03, 1.857050e-03, -1.111939e-01, 4.700178e-05, -1.644901e-03, 2.980340e-04, -2.210362e-01, -4.508805e-04, 2.195502e-01, -3.234722e-04, 9.299925e-04, -2.277437e-04, -3.963307e-05, 1.131183e-05
-1.082327e-04, 6.702202e-01, 6.848612e-05, -3.425232e-04, -1.211328e-04, -6.700882e-01, 8.299189e+01, -5.927606e-05, 1.369199e-01, -2.780347e-04, -3.268703e-04, -6.696895e-01, -8.300100e+01, -6.685843e-01, -4.654460e-07, 2.967815e-04, -1.370408e-01, 4.257706e-05, 1.946683e-04, -1.358048e-04, -2.718084e-01, 3.533477e-04, 2.707000e-01, 8.503237e-05, -2.779071e-05, -3.357069e-04, 6.071717e-06, 2.261473e-05
-9.199783e-05, 7.879135e-01, -4.656030e-04, -3.740483e-04, -3.328390e-04, -7.884608e-01, 9.751864e+01, -6.256650e-05, 1.608880e-01, 1.608904e-06, 1.459929e-03, -7.872072e-01, -9.753440e+01, -7.852089e-01, 9.567731e-04, 3.530678e-04, -1.611023e-01, 5.152743e-05, -1.490120e-03, 4.809688e-04, -3.199011e-01, 3.746282e-04, 3.176263e-01, -5.207607e-04, 7.467074e-04, -5.907586e-04, 5.846161e-05, 1.796751e-05
-7.792758e-05, 8.780080e-01, 5.928222e-04, -7.823007e-03, -6.556305e-04, -8.816774e-01, 1.090116e+02, -1.308445e-04, 1.798554e-01, 2.056478e-03, 2.734412e-03, -8.784979e-01, -1.090199e+02, -8.770891e-01, 2.900652e-03, 7.814475e-03, -1.798515e-01, 1.231413e-04, -3.754928e-03, 2.045852e-04, -3.573702e-01, -7.273356e-04, 3.546500e-01, -2.356124e-04, 2.226755e-03, -4.160155e-04, -3.999999e-04, 1.417579e-05
-6.575139e-05, 9.344623e-01, 3.920582e-04, -8.026691e-03, -9.379320e-04, -9.352981e-01, 1.158167e+02, -1.893707e-04, 1.906697e-01, -3.387164e-04, 2.845926e-03, -9.327059e-01, -1.158559e+02, -9.276714e-01, 3.232236e-03, 7.934813e-03, -1.912513e-01, 1.468334e-04, -4.043050e-03, 2.174772e-04, -3.806430e-01, 1.355520e-03, 3.751748e-01, -3.430337e-04, 2.458398e-03, -1.409908e-03, -3.646995e-04, 5.615880e-05
-5.523117e-05, 9.453869e-01, -9.984012e-04, 5.660449e-03, -4.763825e-05, -9.446628e-01, 1.171653e+02, 5.411593e-05, 1.929263e-01, -1.233514e-03, -1.364044e-03, -9.432745e-01, -1.172034e+02, -9.386847e-01, -1.450742e-03, -5.750516e-03, -1.933976e-01, -9.763382e-05, 1.958160e-03, -1.042810e-05, -3.846036e-01, 1.637695e-03, 3.798573e-01, -1.189103e-04, -1.022029e-03, -1.327328e-03, 4.017094e-04, 5.793206e-05
-4.615748e-05, 9.131145e-01, 5.325558e-06, -5.054224e-03, -6.098484e-04, -9.149550e-01, 1.132659e+02, -8.812545e-05, 1.868650e-01, 8.592992e-04, 2.846589e-03, -9.128615e-01, -1.132791e+02, -9.111037e-01, 2.430108e-03, 5.044517e-03, -1.869355e-01, 8.098722e-05, -3.412928e-03, 4.628741e-04, -3.710493e-01, -1.090227e-04, 3.684970e-01, -4.883275e-04, 1.954009e-03, -5.450091e-04, -1.910364e-04, 1.155526e-05
-3.834621e-05, 8.482417e-01, 3.070261e-04, -5.608946e-03, -5.930969e-04, -8.500921e-01, 1.052290e+02, -1.314150e-04, 1.735228e-01, 7.493543e-04, 2.138979e-03, -8.478181e-01, -1.052469e+02, -8.453883e-01, 2.222554e-03, 5.560479e-03, -1.737060e-01, 1.157675e-04, -2.879011e-03, 1.991869e-04, -3.449798e-01, 1.909701e-04, 3.417829e-01, -2.485099e-04, 1.718639e-03, -6.879483e-04, -2.443719e-04, 2.194007e-05
-3.163562e-05, 7.601352e-01, -6.121319e-04, 2.716599e-03, -1.725592e-04, -7.612820e-01, 9.441541e+01, 3.375511e-05, 1.555338e-01, 3.122089e-04, -5.131690e-04, -7.593896e-01, -9.443391e+01, -7.570498e-01, -5.336924e-04, -2.791059e-03, -1.557431e-01, -6.940050e-05, 7.390936e-04, 1.234344e-05, -3.092226e-01, 2.046916e-04, 3.063428e-01, -1.153454e-04, -2.386193e-04, -7.248865e-04, 2.144652e-04, 4.607619e-05
-2.588369e-05, 6.621698e-01, 4.690937e-05, 1.319729e-03, 1.150074e-04, -6.613431e-01, 8.206893e+01, -9.499686e-06, 1.353426e-01, -7.214494e-04, -1.079471e-03, -6.613978e-01, -8.207920e+01, -6.602537e-01, -8.069222e-04, -1.334497e-03, -1.354756e-01, 3.837246e-06, 1.224985e-03, -2.610333e-04, -2.682010e-01, 5.922514e-04, 2.672437e-01, 2.461934e-04, -6.392561e-04, -3.570444e-04, 8.346305e-05, 6.597355e-06
-2.096579e-05, 5.588204e-01, 2.409701e-04, -3.759166e-03, -4.663655e-04, -5.613668e-01, 6.947044e+01, -1.065936e-04, 1.144146e-01, 1.237708e-03, 1.354679e-03, -5.586643e-01, -6.948582e+01, -5.564952e-01, 1.525760e-03, 3.743843e-03, -1.146325e-01, 9.049627e-05, -1.939837e-03, 1.181529e-04, -2.279826e-01, -2.558272e-04, 2.248819e-01, -1.720369e-04, 1.249428e-03, -6.164642e-04, -1.705561e-04, 2.448651e-05
-1.677263e-05, 4.617225e-01, -9.009103e-05, -1.747779e-04, -1.199648e-04, -4.612873e-01, 5.727538e+01, -2.299347e-05, 9.447830e-02, -4.079055e-04, 1.165688e-04, -4.612828e-01, -5.728187e+01, -4.605263e-01, 1.898142e-04, 1.353889e-04, -9.455367e-02, 1.036809e-05, -1.930757e-04, 3.044724e-05, -1.870568e-01, 3.921154e-04, 1.863952e-01, -6.823738e-05, 1.342228e-04, -2.233241e-04, 8.158086e-06, 1.677224e-05
-1.320845e-05, 3.705627e-01, 3.047331e-04, -3.314810e-03, -3.474597e-04, -3.713294e-01, 4.608677e+01, -6.325999e-05, 7.591554e-02, 2.634918e-04, 8.603736e-04, -3.703288e-01, -4.609574e+01, -3.691016e-01, 1.149257e-03, 3.279259e-03, -7.600443e-02, 4.947686e-05, -1.383796e-03, -1.799360e-05, -1.508327e-01, 2.040952e-04, 1.492942e-01, -2.642186e-05, 9.755242e-04, -3.392610e-04, -1.717988e-04, 1.984911e-05
-1.018937e-05, 2.910433e-01, -1.823609e-05, -8.933724e-04, -1.371946e-04, -2.903162e-01, 3.601450e+01, -3.508174e-05, 5.946440e-02, -5.603884e-04, 6.813083e-04, -2.905705e-01, -3.602010e+01, -2.899752e-01, 5.056522e-04, 8.941679e-04, -5.952884e-02, 3.649952e-05, -7.628437e-04, 1.485139e-04, -1.177011e-01, 4.173797e-04, 1.172775e-01, -1.457099e-04, 4.406156e-04, -1.812092e-04, -1.918252e-05, -1.257448e-06
-7.642031e-06, 2.194866e-01, 2.366500e-05, -9.860223e-04, -1.166749e-04, -2.197048e-01, 2.727834e+01, -2.407422e-05, 4.501376e-02, 7.844257e-05, 4.901050e-04, -2.194069e-01, -2.728090e+01, -2.190746e-01, 4.414356e-04, 9.826290e-04, -4.502206e-02, 2.215985e-05, -6.058279e-04, 7.109781e-05, -8.905519e-02, 3.563768e-05, 8.862386e-02, -7.708088e-05, 3.497487e-04, -1.040044e-04, -3.663743e-05, 2.709975e-06
-5.502262e-06, 1.592277e-01, 5.788386e-05, -1.087223e-03, -1.681345e-04, -1.587577e-01, 1.976102e+01, -3.152721e-05, 3.257062e-02, -4.101754e-04, 4.146042e-04, -1.588215e-01, -1.976688e+01, -1.581546e-01, 4.415997e-04, 1.074081e-03, -3.264240e-02, 2.540847e-05, -5.742019e-04, 2.311354e-05, -6.456249e-02, 3.623903e-04, 6.399017e-02, -4.155228e-05, 4.125782e-04, -1.929723e-04, -3.532288e-05, 8.265448e-06
-3.714027e-06, 1.076822e-01, 5.717283e-05, -3.641677e-04, -4.607685e-05, -1.076682e-01, 1.339004e+01, -4.113210e-06, 2.209280e-02, -7.299719e-05, -8.412328e-05, -1.075248e-01, -1.339316e+01, -1.071477e-01, 5.375275e-05, 3.500024e-04, -2.212665e-02, -1.765740e-06, 2.037102e-06, -7.118679e-05, -4.371584e-02, 1.124213e-04, 4.330861e-02, 5.421001e-05, 5.083760e-05, -1.099839e-04, -2.035771e-05, 7.588157e-06
-2.228416e-06, 6.480022e-02, 4.096936e-05, -4.597296e-04, -5.148860e-05, -6.477235e-02, 8.055137e+00, -1.215386e-05, 1.331287e-02, -6.189610e-05, 6.605217e-05, -6.469590e-02, -8.057178e+00, -6.444092e-02, 1.398922e-04, 4.512385e-04, -1.333950e-02, 8.350221e-06, -1.426060e-04, -2.301904e-05, -2.626527e-02, 8.798819e-05, 2.601431e-02, 1.173454e-05, 9.244905e-05, -7.236431e-05, -2.142805e-05, 5.064415e-06
-1.002787e-06, 2.914993e-02, -1.598692e-05, 5.003122e-05, -2.445582e-07, -2.911599e-02, 3.642076e+00, 1.531505e-06, 6.045178e-03, -2.981753e-05, -3.019453e-06, -2.912065e-02, -3.642539e+00, -2.906760e-02, -6.710331e-06, -5.206891e-05, -6.051806e-03, -2.106618e-06, 9.601789e-06, 2.577154e-06, -1.176569e-02, 2.189647e-05, 1.172134e-02, -4.220877e-06, -1.016285e-05, -1.508159e-05, 3.753617e-06, 7.304071e-07
0.000000e+00, 2.027559e-05, 5.669368e-08, -3.257131e-06, 2.496459e-07, -1.840583e-05, 2.407551e-02, 5.908977e-08, 8.707767e-05, -1.569731e-06, 1.466882e-06, -2.063406e-05, -2.407929e-02, -1.972495e-05, 1.856423e-06, 3.038337e-06, -8.687424e-05, -5.184048e-08, -2.196301e-06, -4.482348e-09, 4.644219e-05, 9.290340e-07, -4.633363e-05, 1.495514e-08, 1.559156e-06, 9.708429e-09, -2.390799e-07, -4.185653e-09
1.002787e-06, -2.886441e-02, -4.446129e-05, 5.913542e-05, -1.284086e-05, 2.909157e-02, -3.599417e+00, 1.914000e-06, -5.871206e-03, -1.428028e-04, 9.122938e-05, 2.893037e-02, 3.599178e+00, 2.893641e-02, 3.678903e-05, -6.090544e-05, 5.864584e-03, -2.151150e-06, -7.468062e-05, 3.554864e-05, 1.186575e-02, 7.895856e-05, -1.179711e-02, -3.590300e-05, 2.696423e-05, -9.904074e-07, 7.705146e-06, 1.323329e-07
2.228416e-06, -6.457751e-02, 2.501230e-05, 1.067225e-04, 3.502613e-05, 6.418998e-02, -8.017670e+00, 1.042190e-05, -1.313234e-02, 2.637341e-04, -2.071903e-04, 6.441215e-02, 8.018853e+00, 6.431400e-02, -1.217628e-04, -1.121282e-04, 1.314519e-02, -1.187158e-05, 2.093636e-04, -6.249495e-05, 2.621147e-02, -1.645776e-04, -2.622321e-02, 5.911163e-05, -1.271316e-04, 3.396054e-05, -3.895696e-06, 1.461763e-06
3.714027e-06, -1.070065e-01, -1.097344e-04, 4.397155e-04, 2.451632e-05, 1.072432e-01, -1.335314e+01, 2.569762e-05, -2.192968e-02, -1.806204e-04, -7.454674e-06, 1.071531e-01, 1.335150e+01, 1.073305e-01, -8.566893e-05, -4.442503e-04, 2.191167e-02, -2.641589e-05, 7.934538e-05, 2.690753e-05, 4.354568e-02, 1.525709e-04, -4.365702e-02, -2.777599e-05, -8.595605e-05, -5.390153e-05, 2.443340e-05, 3.252634e-07
5.502262e-06, -1.579643e-01, -2.463665e-04, 1.488200e-03, 8.166977e-05, 1.581606e-01, -1.973768e+01, 4.442509e-05, -3.238842e-02, -1.289634e-04, -3.315272e-04, 1.580354e-01, 1.973739e+01, 1.580475e-01, -3.985197e-04, -1.504725e-03, 3.240058e-02, -4.981897e-05, 5.100854e-04, 2.399709e-05, 6.435049e-02, 8.968128e-05, -6.430061e-02, -3.707639e-05, -3.732777e-04, -1.166719e-05, 7.374252e-05, 5.733746e-06
7.642031e-06, -2.184850e-01, -4.050409e-04, 1.538231e-03, 1.012853e-05, 2.186597e-01, -2.725740e+01, 3.679868e-05, -4.477972e-02, -9.779072e-05, 1.063191e-04, 2.185272e-01, 2.725768e+01, 2.184592e-01, -1.704010e-04, -1.556378e-03, 4.479434e-02, -4.231397e-05, 1.072462e-04, 1.734341e-04, 8.890695e-02, 3.180356e-05, -8.877729e-02, -1.892093e-04, -1.865404e-04, 7.676658e-06, 1.013968e-04, 6.950808e-06
1.018937e-05, -2.867872e-01, -5.330784e-06, 3.736682e-04, 3.676642e-05, 2.878400e-01, -3.609128e+01, 2.908208e-05, -5.912181e-02, -6.384764e-04, -4.082050e-04, 2.870894e-01, 3.609088e+01, 2.869826e-01, -2.269260e-04, -3.874411e-04, 5.910063e-02, -3.596387e-05, 3.997397e-04, -1.076622e-04, 1.173239e-01, 2.434280e-04, -1.169104e-01, 8.741468e-05, -1.986995e-04, 1.720062e-05, -1.631735e-06, 9.054322e-06
1.320845e-05, -3.668874e-01, -1.479575e-04, 2.919210e-03, 2.435590e-04, 3.672412e-01, -4.614455e+01, 8.171509e-05, -7.556420e-02, -1.927866e-04, -1.540428e-03, 3.669107e-01, 4.614585e+01, 3.667113e-01, -1.254451e-03, -2.937274e-03, 7.559302e-02, -9.020482e-05, 1.809840e-03, -2.520311e-04, 1.498499e-01, 6.075739e-05, -1.495306e-01, 2.263488e-04, -9.571586e-04, 5.237613e-05, 1.124763e-04, 1.149847e-05
1.677263e-05, -4.578479e-01, -2.859586e-04, 1.561591e-03, 1.000304e-04, 4.594967e-01, -5.729433e+01, 5.928806e-05, -9.418665e-02, -1.052899e-03, -4.071074e-04, 4.584255e-01, 5.729149e+01, 4.586005e-01, -4.271953e-04, -1.601086e-03, 9.406170e-02, -6.942310e-05, 5.888954e-04, 4.867623e-06, 1.866271e-01, 5.446351e-04, -1.862130e-01, -2.679292e-05, -4.738619e-04, -5.049433e-05, 6.944958e-05, 9.447566e-06
2.096579e-05, -5.528448e-01, -6.076002e-05, 2.369919e-03, 2.086394e-04, 5.545367e-01, -6.955918e+01, 1.027902e-04, -1.139803e-01, -1.018338e-03, -1.601868e-03, 5.532867e-01, 6.955934e+01, 5.530135e-01, -1.187552e-03, -2.398725e-03, 1.140184e-01, -1.147674e-04, 1.779969e-03, -3.589925e-04, 2.259990e-01, 4.120785e-04, -2.252641e-01, 3.231686e-04, -8.413744e-04, 4.556710e-05, 7.761787e-05, 1.597038e-05
2.588369e-05, -6.521429e-01, 2.400783e-04, 1.952136e-03, 3.000689e-04, 6.557168e-01, -8.221814e+01, 7.956634e-05, -1.347261e-01, -2.263338e-03, -2.146417e-03, 6.533917e-01, 8.221255e+01, 6.535236e-01, -1.420106e-03, -1.986940e-03, 1.346840e-01, -8.907107e-05, 2.237048e-03, -5.566320e-04, 2.668891e-01, 1.068932e-03, -2.660800e-01, 5.319212e-04, -1.085797e-03, -1.057620e-04, 2.380897e-05, 1.080287e-05
3.163562e-05, -7.560822e-01, -9.600611e-04, 5.410203e-03, 2.161563e-04, 7.549638e-01, -9.435136e+01, 9.612558e-05, -1.550428e-01, 7.702396e-04, -1.019604e-03, 7.556135e-01, 9.435431e+01, 7.553339e-01, -1.287609e-03, -5.477034e-03, 1.551575e-01, -1.197962e-04, 1.649625e-03, 1.847795e-04, 3.069412e-01, -4.151233e-04, -3.070715e-01, -2.485033e-04, -1.283211e-03, 8.148270e-05, 2.967523e-04, 2.815272e-05
3.834621e-05, -8.367611e-01, -3.510098e-04, 2.002637e-03, -1.746512e-06, 8.400752e-01, -1.053675e+02, 1.017869e-04, -1.726229e-01, -2.052837e-03, -7.362521e-04, 8.376221e-01, 1.053669e+02, 8.372921e-01, -5.435367e-04, -2.061075e-03, 1.727111e-01, -1.268020e-04, 8.317127e-04, -8.579308e-05, 3.421996e-01, 1.093995e-03, -3.408940e-01, 1.239615e-05, -3.201665e-04, 5.444571e-05, 7.715696e-05, 3.276334e-05
4.615748e-05, -8.989979e-01, -3.725150e-04, 4.929241e-03, 3.098198e-04, 8.997141e-01, -1.134873e+02, 1.596432e-04, -1.856645e-01, -4.434508e-04, -2.185519e-03, 8.992504e-01, 1.134862e+02, 8.992409e-01, -1.874141e-03, -4.968160e-03, 1.856830e-01, -1.774428e-04, 2.624081e-03, -3.050085e-04, 3.672908e-01, 1.789999e-04, -3.671453e-01, 2.545978e-04, -1.274525e-03, -1.974384e-05, 1.978211e-04, 2.247989e-05
5.523117e-05, -9.362423e-01, -6.957552e-04, 6.809867e-03, 5.282072e-04, 9.316396e-01, -1.171035e+02, 2.150284e-04, -1.920510e-01, 3.085788e-03, -3.380149e-03, 9.345294e-01, 1.171144e+02, 9.336276e-01, -2.682788e-03, -6.970788e-03, 1.922498e-01, -2.582291e-04, 4.013448e-03, -5.170421e-04, 3.797228e-01, -1.919410e-03, -3.802711e-01, 4.023408e-04, -2.465176e-03, 2.626402e-04, 2.740107e-04, 5.015476e-05
6.575139e-05, -9.275616e-01, -1.660075e-04, -2.349205e-05, -7.087454e-05, 9.240663e-01, -1.155769e+02, 7.347361e-05, -1.898221e-01, 2.459492e-03, -7.213562e-04, 9.260640e-01, 1.155915e+02, 9.244642e-01, -5.219370e-05, -1.029429e-04, 1.902356e-01, -1.205163e-04, 4.994627e-04, -2.497693e-04, 3.760141e-01, -1.678014e-03, -3.755925e-01, 1.282412e-04, -4.398697e-04, 3.560962e-04, -6.055748e-05, 5.372476e-05
7.792758e-05, -8.647265e-01, -8.655437e-04, 1.494335e-03, -1.162209e-04, 8.746748e-01, -1.088441e+02, 1.911252e-04, -1.788381e-01, -6.412223e-03, 1.057630e-03, 8.681356e-01, 1.088274e+02, 8.690082e-01, 2.918010e-04, -1.522972e-03, 1.785839e-01, -2.023981e-04, -7.447277e-04, 3.501108e-04, 3.544761e-01, 3.559697e-03, -3.523085e-01, -3.791010e-04, 3.076517e-04, -3.308969e-04, 1.259227e-04, 1.281254e-05
9.199783e-05, -7.716038e-01, -1.137059e-03, 9.283850e-03, 4.564132e-04, 7.742472e-01, -9.751202e+01, 1.998019e-04, -1.596615e-01, -1.776550e-03, -2.318170e-03, 7.728854e-01, 9.750266e+01, 7.735857e-01, -2.776606e-03, -9.305032e-03, 1.595339e-01, -2.104649e-04, 3.440507e-03, 4.343140e-05, 3.153627e-01, 8.500290e-04, -3.153438e-01, -7.342038e-05, -1.850195e-03, -2.951277e-04, 5.040105e-04, 1.336040e-05
1.082327e-04, -6.586706e-01, -9.668840e-04, 1.841003e-03, -2.200154e-04, 6.643967e-01, -8.276328e+01, 4.155893e-05, -1.359101e-01, -3.488909e-03, 1.624870e-03, 6.601991e-01, 8.276227e+01, 6.595983e-01, 6.465805e-04, -1.884912e-03, 1.358553e-01, -5.272482e-05, -1.325260e-03, 7.184648e-04, 2.698291e-01, 1.618557e-03, -2.674418e-01, -7.460237e-04, 5.034567e-04, 1.252756e-04, 1.692904e-04, 1.193818e-05
1.269396e-04, -5.318112e-01, 4.617125e-04, -9.975499e-04, 8.409932e-05, 5.338621e-01, -6.722080e+01, 3.339483e-05, -1.099126e-01, -1.227640e-03, -1.184261e-03, 5.323627e-01, 6.722094e+01, 5.319821e-01, -3.608248e-04, 9.656247e-04, 1.100000e-01, -4.673794e-05, 8.969434e-04, -5.009956e-04, 2.176232e-01, 4.862751e-04, -2.167612e-01, 4.636638e-04, -3.538832e-04, 5.180279e-05, -1.320908e-04, 1.662234e-05
1.484674e-04, -4.133415e-01, 1.919038e-04, -4.853481e-04, 4.081792e-05, 4.147161e-01, -5.216352e+01, 3.619873e-05, -8.542899e-02, -8.572557e-04, -5.770979e-04, 4.137927e-01, 5.216193e+01, 4.137876e-01, -1.803418e-04, 4.653346e-04, 8.539010e-02, -4.361372e-05, 4.467891e-04, -2.618708e-04, 1.688195e-01, 3.609968e-04, -1.684173e-01, 2.398964e-04, -1.761832e-04, -1.769406e-05, -6.343092e-05, 9.766961e-06
1.732120e-04, -3.085189e-01, -2.641931e-04, 3.139550e-03, 2.375472e-04, 3.088428e-01, -3.906509e+01, 6.469548e-05, -6.384902e-02, -2.291785e-04, -1.180555e-03, 3.087042e-01, 3.906343e+01, 3.088531e-01, -1.137294e-03, -3.145906e-03, 6.383241e-02, -6.827974e-05, 1.534569e-03, -9.878051e-05, 1.259592e-01, 1.239164e-04, -1.260264e-01, 8.931987e-05, -8.864998e-04, -5.647468e-05, 1.447764e-04, 4.216767e-06
2.016224e-04, -2.236403e-01, -7.994667e-05, 2.014913e-03, 1.874525e-04, 2.243722e-01, -2.834637e+01, 5.969415e-05, -4.629881e-02, -4.384072e-04, -1.039441e-03, 2.238359e-01, 2.834665e+01, 2.236857e-01, -8.844565e-04, -2.021961e-03, 4.631214e-02, -6.178307e-05, 1.243283e-03, -1.700430e-04, 9.154161e-02, 1.572923e-04, -9.118385e-02, 1.637258e-04, -6.417080e-04, 2.293493e-05, 7.751423e-05, 2.788713e-06
2.342079e-04, -1.588998e-01, -6.842979e-05, -1.017536e-03, -1.428413e-04, 1.599058e-01, -2.003558e+01, -8.411798e-06, -3.283753e-02, -6.403602e-04, 7.366387e-04, 1.592186e-01, 2.003435e+01, 1.592553e-01, 5.851067e-04, 1.005307e-03, 3.281918e-02, 5.033916e-06, -8.455684e-04, 1.426986e-04, 6.493001e-02, 3.600960e-04, -6.464678e-02, -1.506176e-04, 4.413736e-04, -1.799408e-05, -3.629779e-05, 3.439509e-06
2.715453e-04, -1.107752e-01, -8.458811e-05, -9.970019e-05, -5.063502e-05, 1.110526e-01, -1.391270e+01, 1.974375e-06, -2.281424e-02, -1.538458e-04, 2.185209e-04, 1.108262e-01, 1.391320e+01, 1.107188e-01, 1.611966e-04, 8.483624e-05, 2.282223e-02, -6.134266e-06, -2.331487e-04, 6.292955e-05, 4.510783e-02, 4.583582e-05, -4.491398e-02, -7.326804e-05, 9.916113e-05, 2.410839e-05, 1.503544e-06, 4.510890e-06
3.142886e-04, -7.582229e-02, -6.342795e-05, 3.863246e-04, 6.114717e-06, 7.577904e-02, -9.537360e+00, 1.096616e-05, -1.562337e-02, 2.739014e-05, -1.497591e-04, 7.582971e-02, 9.537164e+00, 7.584075e-02, -1.114139e-04, -3.976743e-04, 1.562714e-02, -1.559674e-05, 1.739732e-04, -1.591469e-05, 3.077641e-02, -2.404707e-05, -3.081834e-02, 3.064290e-06, -1.042928e-04, -9.490484e-06, 1.764702e-05, 5.716214e-06
3.631779e-04, -5.140124e-02, -7.965180e-05, 4.054526e-04, 1.496238e-05, 5.110660e-02, -6.473147e+00, 1.136022e-05, -1.059143e-02, 1.746498e-04, -5.527418e-05, 5.135366e-02, 6.472792e+00, 5.142149e-02, -8.589069e-05, -4.097837e-04, 1.059126e-02, -1.313874e-05, 1.029968e-04, 1.865198e-05, 2.077785e-02, -8.847721e-05, -2.094636e-02, -2.323259e-05, -8.083237e-05, -2.365768e-05, 2.144167e-05, 2.031807e-06
4.190514e-04, -3.454986e-02, -9.012422e-05, 2.163759e-04, -1.836051e-05, 3.456424e-02, -4.359488e+00, 2.315587e-06, -7.130997e-03, -8.147620e-06, 1.108614e-04, 3.455716e-02, 4.359478e+00, 3.455312e-02, 3.453085e-05, -2.201839e-04, 7.133153e-03, -3.889372e-06, -7.991366e-05, 5.827310e-05, 1.404358e-02, 1.780685e-06, -1.403589e-02, -6.259386e-05, 2.348612e-05, -1.311593e-06, 1.869306e-05, 1.922728e-06
4.828576e-04, -2.305711e-02, -2.704300e-05, 1.726265e-05, -8.570141e-06, 2.320631e-02, -2.924101e+00, 2.932728e-06, -4.780199e-03, -9.481710e-05, 5.498225e-05, 2.310372e-02, 2.923917e+00, 2.311031e-02, 2.873019e-05, -1.884161e-05, 4.775970e-03, -3.476066e-06, -5.021443e-05, 1.816852e-05, 9.419865e-03, 5.260216e-05, -9.377881e-03, -1.942025e-05, 2.231690e-05, -2.246557e-06, 2.828692e-06, 5.488361e-07
5.556695e-04, -1.528085e-02, -2.152577e-06, 8.098721e-05, 6.442968e-06, 1.534275e-02, -1.960408e+00, 2.003521e-06, -3.186288e-03, -4.040710e-05, -4.511958e-05, 1.530691e-02, 1.960252e+00, 1.531627e-02, -3.636110e-05, -8.124249e-05, 3.183692e-03, -2.184941e-06, 5.222396e-05, -7.858165e-06, 6.259889e-03, 1.872277e-05, -6.251745e-03, 7.253820e-06, -2.478881e-05, -4.342767e-06, 3.172244e-06, 2.723769e-07
6.387006e-04, -1.021192e-02, 4.895339e-06, 5.272575e-06, 1.594708e-06, 1.022990e-02, -1.307849e+00, 4.911461e-07, -2.125541e-03, -1.138534e-05, -2.168391e-05, 1.021926e-02, 1.307805e+00, 1.022129e-02, -1.083897e-05, -6.092058e-06, 2.124867e-03, -7.083733e-07, 1.957557e-05, -6.806568e-06, 4.170863e-03, 4.490898e-06, -4.168608e-03, 6.230097e-06, -7.281504e-06, -1.026172e-06, -7.050510e-07, 2.518097e-07
7.333229e-04, -6.862457e-03, -8.015956e-06, -6.918997e-06, -4.487793e-06, 6.824858e-03, -8.707255e-01, 2.267039e-07, -1.417266e-03, 2.566276e-05, 2.044622e-05, 6.846828e-03, 8.708479e-01, 6.835643e-03, 1.464103e-05, 6.086501e-06, 1.419681e-03, -5.591040e-07, -2.163935e-05, 6.187471e-06, 2.780707e-03, -1.583294e-05, -2.781061e-03, -7.086532e-06, 9.870863e-06, 3.190165e-06, 2.067312e-07, 3.996420e-07
8.410872e-04, -4.539718e-03, -1.107195e-05, 3.126669e-05, -1.926859e-06, 4.554411e-03, -5.813072e-01, 4.179669e-07, -9.450902e-04, -9.974204e-06, 1.123322e-05, 4.546310e-03, 5.812566e-01, 4.550548e-03, 1.661297e-06, -3.162561e-05, 9.445319e-04, -5.813670e-07, -6.623988e-06, 6.399948e-06, 1.850228e-03, 6.089913e-06, -1.850233e-03, -6.860907e-06, 1.555160e-06, -1.507070e-06, 2.677130e-06, 2.055093e-07
9.637457e-04, -3.017182e-03, -2.236232e-06, -1.048986e-05, -1.925904e-06, 3.038771e-03, -3.880444e-01, 1.499756e-08, -6.300258e-04, -1.386000e-05, 1.201153e-05, 3.024424e-03, 3.880082e-01, 3.026318e-03, 8.369305e-06, 1.030900e-05, 6.294992e-04, -5.109012e-08, -1.281663e-05, 2.945349e-06, 1.233352e-03, 7.762139e-06, -1.228706e-03, -3.012568e-06, 6.309281e-06, -6.597420e-07, -2.582238e-07, 2.784496e-08
1.103278e-03, -2.018712e-03, -3.213553e-06, 6.462865e-06, -8.121367e-07, 2.011674e-03, -2.592081e-01, 1.852410e-07, -4.198938e-04, 4.434325e-06, 3.912623e-06, 2.016937e-03, 2.592108e-01, 2.017137e-03, 1.549109e-06, -6.727576e-06, 4.201337e-04, -2.736974e-07, -3.068074e-06, 1.864645e-06, 8.183978e-04, -2.420613e-06, -8.210165e-04, -2.086476e-06, 1.109432e-06, -1.489985e-07, 5.676356e-07, 9.767218e-08
1.261919e-03, -1.331810e-03, 3.672530e-07, 5.050278e-06, 6.420427e-07, 1.335531e-03, -1.738022e-01, 2.307009e-07, -2.797497e-04, -2.312335e-06, -4.733783e-06, 1.333150e-03, 1.737974e-01, 1.333063e-03, -3.290552e-06, -5.114867e-06, 2.797301e-04, -2.522764e-07, 5.041249e-06, -1.209702e-06, 5.450866e-04, 8.441122e-07, -5.440237e-04, 1.151844e-06, -2.283930e-06, -1.027245e-07, 1.089593e-07, 2.549867e-08
1.442193e-03, -8.881177e-04, -9.485564e-08, 2.972226e-06, 2.518025e-07, 8.911874e-04, -1.163359e-01, 9.128772e-08, -1.868769e-04, -1.834164e-06, -1.923547e-06, 8.889011e-04, 1.163367e-01, 8.883487e-04, -1.337096e-06, -3.013615e-06, 1.868921e-04, -1.101604e-07, 2.072442e-06, -3.422721e-07, 3.637047e-04, 6.811770e-07, -3.622719e-04, 2.845817e-07, -1.029286e-06, 1.087768e-07, 7.435127e-08, 2.581608e-08
1.646949e-03, -5.907486e-04, -2.710356e-07, 4.527516e-06, 4.179048e-07, 5.934391e-04, -7.802299e-02, 1.549920e-07, -1.249340e-04, -1.739666e-06, -2.466845e-06, 5.918116e-04, 7.801686e-02, 5.921683e-04, -1.996973e-06, -4.568817e-06, 1.247947e-04, -1.697174e-07, 2.911956e-06, -4.309004e-07, 2.421533e-04, 8.188847e-07, -2.417236e-04, 3.877686e-07, -1.594770e-06, -1.471928e-07, 1.700680e-07, 1.916411e-08
1.879402e-03, -3.948804e-04, -2.015055e-07, 2.442429e-06, 1.509636e-07, 3.956176e-04, -5.233831e-02, 8.041924e-08, -8.358265e-05, -5.048651e-07, -1.148961e-06, 3.952525e-04, 5.233509e-02, 3.955351e-04, -9.510859e-07, -2.469936e-06, 8.351499e-05, -9.201597e-08, 1.365414e-06, -1.788448e-07, 1.613812e-04, 2.540745e-07, -1.614672e-04, 1.455389e-07, -6.714298e-07, -9.224204e-08, 1.018790e-07, 1.485327e-08
2.143177e-03, -2.639722e-04, -4.137244e-07, 1.520655e-06, -8.057445e-09, 2.666887e-04, -3.509195e-02, 6.355809e-08, -5.603992e-05, -1.733910e-06, -6.067699e-08, 2.648532e-04, 3.508828e-02, 2.649955e-04, -2.188760e-07, -1.559832e-06, 5.596111e-05, -7.672939e-08, 2.390380e-07, 8.904838e-08, 1.082561e-04, 9.351510e-07, -1.075290e-04, -1.241709e-07, -2.127029e-07, -5.696840e-08, 9.352998e-08, 1.552572e-08
2.442367e-03, -1.756668e-04, 3.265254e-08, 3.120374e-07, 4.131533e-08, 1.760507e-04, -2.364449e-02, 2.006560e-08, -3.743374e-05, -2.253901e-07, -3.705650e-07, 1.757674e-04, 2.364470e-02, 1.756830e-04, -2.204983e-07, -3.212128e-07, 3.742579e-05, -2.350135e-08, 3.665895e-07, -9.658185e-08, 7.191606e-05, 6.042879e-08, -7.170687e-05, 8.641859e-08, -1.619815e-07, 1.571794e-08, -2.501249e-09, 4.527592e-09
2.781585e-03, -1.173759e-04, -9.614682e-08, -4.057126e-07, -1.027010e-07, 1.186255e-04, -1.588140e-02, -1.301532e-08, -2.511651e-05, -7.946591e-07, 4.988597e-07, 1.177847e-04, 1.587966e-02, 1.178428e-04, 3.540454e-07, 3.942730e-07, 2.509072e-05, 1.006300e-08, -5.364768e-07, 1.277277e-07, 4.815046e-05, 4.223568e-07, -4.783167e-05, -1.348441e-07, 2.687670e-07, -2.745348e-08, -2.061240e-09, 3.088034e-09
3.166031e-03, -7.784595e-05, -5.828142e-08, 3.388052e-07, 4.554102e-09, 7.833740e-05, -1.071931e-02, 9.332222e-09, -1.678156e-05, -3.069551e-07, -5.291766e-08, 7.799405e-05, 1.071890e-02, 7.798446e-05, -7.556621e-08, -3.433319e-07, 1.676857e-05, -1.070542e-08, 8.892639e-08, 1.187601e-08, 3.198376e-05, 1.453610e-07, -3.182050e-05, -1.599597e-08, -4.299338e-08, -6.729017e-10, 1.852390e-08, 1.824227e-09
3.601570e-03, -5.189134e-05, -3.636041e-08, 4.834561e-07, 3.864084e-08, 5.203720e-05, -7.220917e-03, 1.393364e-08, -1.123166e-05, -9.852867e-08, -2.284210e-07, 5.196018e-05, 7.220414e-03, 5.199861e-05, -1.927365e-07, -4.873528e-07, 1.122526e-05, -1.545179e-08, 2.758031e-07, -3.297104e-08, 2.124130e-05, 5.164813e-08, -2.123925e-05, 2.851347e-08, -1.529755e-07, -1.554685e-08, 1.956580e-08, 1.988902e-09
4.094809e-03, -3.448600e-05, 2.989953e-09, -3.803675e-09, 3.075817e-09, 3.456636e-05, -4.868453e-03, 3.301964e-09, -7.505088e-06, -4.963963e-08, -3.393298e-08, 3.451219e-05, 4.868378e-03, 3.450850e-05, -1.110303e-08, 9.305162e-10, 7.503068e-06, -4.107612e-09, 2.759049e-08, -1.243461e-08, 1.412819e-05, 1.813828e-08, -1.410262e-05, 1.022121e-08, -1.458011e-08, -4.631412e-10, -2.988666e-09, 9.743489e-10
4.653191e-03, -2.283070e-05, 6.395448e-10, 7.954577e-08, 8.107432e-09, 2.286070e-05, -3.283820e-03, 2.255189e-09, -5.008591e-06, -1.758032e-08, -6.646219e-08, 2.283976e-05, 3.283816e-03, 2.283462e-05, -4.475728e-08, -8.083315e-08, 5.008039e-06, -2.835582e-09, 7.109162e-08, -1.539593e-08, 9.364373e-06, 4.153052e-09, -9.351129e-06, 1.366391e-08, -3.741097e-08, 6.177386e-10, 2.411720e-09, 7.766241e-10
5.285106e-03, -1.519623e-05, -4.585607e-08, 2.200566e-07, 5.692487e-09, 1.524766e-05, -2.207065e-03, 5.966083e-09, -3.347114e-06, -3.487021e-08, -1.060917e-08, 1.521856e-05, 2.206908e-03, 1.523210e-05, -4.003108e-08, -2.222981e-07, 3.343994e-06, -6.484628e-09, 3.979804e-08, 1.559491e-08, 6.208270e-06, 2.107958e-08, -6.204375e-06, -1.699935e-08, -3.271539e-08, -4.637462e-09, 1.291728e-08, 6.128775e-10
6.000000e-03, -9.970547e-06, -3.699996e-09, 5.815192e-08, 4.082283e-09, 1.000766e-05, -1.489441e-03, 1.550333e-09, -2.221869e-06, -2.314626e-08, -3.143895e-08, 9.981683e-06, 1.489419e-03, 9.979971e-06, -2.421637e-08, -5.908592e-08, 2.221031e-06, -1.872189e-09, 3.606396e-08, -5.200426e-09, 4.093499e-06, 1.057896e-08, -4.079648e-06, 4.293566e-09, -1.887222e-08, 3.079279e-11, 2.247887e-09, 4.035095e-10
6.075949e-03, -9.676409e-06, 2.884055e-08, -9.598082e-08, 4.408453e-09, 9.616164e-06, -1.427919e-03, -8.742564e-10, -2.136369e-06, 3.893366e-08, -3.467797e-08, 9.657942e-06, 1.428000e-03, 9.653135e-06, -1.584544e-09, 9.660693e-08, 2.138416e-06, 9.264396e-10, 1.907403e-08, -1.978706e-08, 3.918905e-06, -2.319091e-08, -3.934662e-06, 1.979480e-08, -6.485177e-09, 1.076357e-09, -8.042480e-09, 6.284701e-12
7.594937e-03, -4.530276e-06, 6.585975e-09, -1.038637e-08, 3.183716e-09, 4.549090e-06, -7.097892e-04, 6.188832e-11, -1.028020e-06, -1.260970e-08, -1.663024e-08, 4.537500e-06, 7.097371e-04, 4.541909e-06, -7.037221e-09, 1.046942e-08, 1.027157e-06, -4.793548e-11, 1.458877e-08, -6.226612e-09, 1.857098e-06, 7.985519e-09, -1.855803e-06, 6.248852e-09, -8.610889e-09, -1.239549e-09, -1.489598e-09, -8.916654e-12
9.113924e-03, -2.434267e-06, 6.364824e-09, -2.526756e-08, 9.659260e-10, 2.425452e-06, -3.966610e-04, -2.123825e-11, -5.580670e-07, 5.698573e-09, -6.931550e-09, 2.431913e-06, 3.966675e-04, 2.431507e-06, 8.566956e-10, 2.533137e-08, 5.583666e-07, 1.096168e-11, 2.977747e-09, -4.637423e-09, 9.896964e-07, -3.646823e-09, -9.928612e-07, 4.574564e-09, -1.009464e-09, 1.483113e-11, -2.040325e-09, 3.011242e-11
1.063291e-02, -1.409411e-06, 4.654159e-09, -1.667881e-08, 5.202579e-10, 1.387848e-06, -2.416573e-04, -1.648530e-10, -3.275542e-07, 1.377150e-08, -4.336767e-09, 1.403329e-06, 2.416766e-04, 1.402661e-06, 5.954201e-10, 1.677906e-08, 3.282637e-07, 1.818475e-10, 1.631707e-09, -2.896353e-09, 5.694829e-07, -7.830038e-09, -5.764042e-07, 2.926913e-09, 3.132366e-11, 4.981999e-11, -1.325251e-09, -1.256083e-11
1.215190e-02, -8.625198e-07, 1.203542e-09, -6.250046e-09, -1.563214e-10, 8.528046e-07, -1.562229e-04, -1.244839e-10, -2.040567e-07, 6.281207e-09, 7.755108e-10, 8.593528e-07, 1.562379e-04, 8.584717e-07, 1.339153e-09, 6.337256e-09, 2.044435e-07, 1.473193e-10, -1.565619e-09, -2.748339e-10, 3.501285e-07, -3.534126e-09, -3.524703e-07, 3.377689e-10, 1.244432e-09, 2.490120e-10, -3.725133e-10, -2.779291e-11
1.367089e-02, -5.473297e-07, 5.058509e-10, -2.074911e-09, 3.525108e-11, 5.484694e-07, -1.057881e-04, -1.515181e-11, -1.327940e-07, -9.142001e-10, -4.029343e-10, 5.481080e-07, 1.057782e-04, 5.492027e-07, 1.638439e-10, 2.072246e-09, 1.326299e-07, 1.560162e-11, 7.221775e-11, -3.015145e-10, 2.242473e-07, 8.224254e-10, -2.250712e-07, 2.982745e-10, 9.170736e-11, -2.921739e-10, -1.600634e-10, 1.529325e-12
1.518987e-02, -3.611112e-07, 5.711050e-10, -2.203260e-09, 7.707722e-11, 3.607713e-07, -7.430231e-05, -3.539818e-11, -8.896032e-08, 2.287464e-10, -5.772906e-10, 3.609072e-07, 7.430339e-05, 3.608493e-07, 1.070051e-10, 2.198332e-09, 8.899949e-08, 3.383382e-11, 2.167832e-10, -3.644184e-10, 1.483655e-07, -5.270292e-11, -1.484304e-07, 3.597079e-10, -7.715481e-11, 4.509690e-11, -1.715406e-10, 2.114726e-12
1.670886e-02, -2.455915e-07, 2.985986e-10, 8.276870e-10, 2.834081e-10, 2.445036e-07, -5.355355e-05, 4.456942e-11, -6.116612e-08, 7.776387e-10, -1.584680e-09, 2.450160e-07, 5.355905e-05, 2.444613e-07, -9.620172e-10, -8.309364e-10, 6.132626e-08, -4.581573e-11, 1.603054e-09, -4.418516e-10, 1.007003e-07, -4.975980e-10, -1.005181e-07, 4.365409e-10, -8.111121e-10, 1.523534e-10, -2.409017e-11, 2.442462e-12
1.822785e-02, -1.690407e-07, 1.489165e-10, -9.361738e-11, 6.936395e-11, 1.684708e-07, -3.959471e-05, -1.874991e-12, -4.289930e-08, 3.754200e-10, -4.561968e-10, 1.688497e-07, 3.959581e-05, 1.687556e-07, -2.113014e-10, 8.852837e-11, 4.294766e-08, 6.953926e-13, 4.073159e-10, -1.546178e-10, 6.942588e-08, -2.131506e-10, -6.954140e-08, 1.511963e-10, -2.029052e-10, 1.809614e-11, -2.460684e-11, 1.521597e-12
1.974684e-02, -1.178221e-07, 2.080748e-11, 2.745444e-11, 1.244968e-11, 1.177262e-07, -2.980529e-05, -1.531754e-12, -3.046539e-08, 6.330824e-11, -9.648750e-11, 1.177825e-07, 2.980556e-05, 1.177639e-07, -4.883865e-11, -3.018479e-11, 3.047323e-08, 9.146117e-13, 9.008795e-11, -2.738856e-11, 4.861256e-08, -2.883266e-11, -4.861963e-08, 2.554601e-11, -4.908832e-11, 5.867626e-12, -1.833346e-12, 8.180567e-13
2.126582e-02, -8.319038e-08, 1.946520e-12, 4.517578e-10, 5.583304e-11, 8.311339e-08, -2.276614e-05, 1.059503e-11, -2.183317e-08, 6.285563e-11, -2.995593e-10, 8.312066e-08, 2.276697e-05, 8.303422e-08, -2.360845e-10, -4.529018e-10, 2.185633e-08, -1.084095e-11, 3.481023e-10, -5.976314e-11, 3.439989e-08, -4.275866e-11, -3.433487e-08, 5.903733e-11, -1.913575e-10, 2.539630e-11, 1.656808e-11, 3.214163e-13
2.278481e-02, -5.895730e-08, -3.227978e-11, 2.289732e-10, 1.099065e-11, 5.929055e-08, -1.759177e-05, 6.879195e-12, -1.576137e-08, -2.089405e-10, -5.460906e-11, 5.904489e-08, 1.759162e-05, 5.903319e-08, -6.764079e-11, -2.304750e-10, 1.575604e-08, -7.246735e-12, 8.466225e-11, -1.171985e-12, 2.450982e-08, 1.049892e-10, -2.438548e-08, 1.163136e-13, -5.286455e-11, 3.148938e-12, 1.222572e-11, 4.704003e-13
2.430380e-02, -4.191521e-08, 1.228352e-11, 1.186728e-10, 2.087056e-11, 4.202565e-08, -1.374767e-05, 1.723094e-12, -1.137756e-08, -6.196067e-11, -1.252039e-10, 4.192054e-08, 1.374799e-05, 4.187561e-08, -8.337214e-11, -1.201616e-10, 1.138403e-08, -2.081532e-12, 1.338550e-10, -2.944357e-11, 1.746225e-08, 2.313936e-11, -1.737618e-08, 2.833725e-11, -7.376909e-11, 1.357295e-11, 2.764243e-12, 4.952179e-13
2.582278e-02, -2.983007e-08, 1.539829e-11, 2.424485e-10, 3.845627e-11, 2.985326e-08, -1.080570e-05, 5.539476e-12, -8.207269e-09, -4.237682e-12, -2.115367e-10, 2.980282e-08, 1.080624e-05, 2.974164e-08, -1.505699e-10, -2.436793e-10, 8.219078e-09, -5.849371e-12, 2.325997e-10, -4.778850e-11, 1.244023e-08, -1.037049e-11, -1.236471e-08, 4.688240e-11, -1.265869e-10, 1.793308e-11, 6.479239e-12, 4.055110e-13
2.734177e-02, -2.096571e-08, -2.850520e-12, 2.505851e-10, 2.887675e-11, 2.115870e-08, -8.542184e-06, 5.984638e-12, -5.889759e-09, -1.177806e-10, -1.545295e-10, 2.100242e-08, 8.542291e-06, 2.097649e-08, -1.237836e-10, -2.514173e-10, 5.890826e-09, -6.185229e-12, 1.814960e-10, -2.918511e-11, 8.824513e-09, 5.684048e-11, -8.730136e-09, 2.858607e-11, -1.001871e-10, 8.489334e-12, 9.399648e-12, 2.683144e-13
2.886076e-02, -1.464399e-08, 6.301013e-12, 1.061454e-10, 1.687777e-11, 1.478762e-08, -6.765744e-06, 2.624774e-12, -4.179283e-09, -8.669956e-11, -9.061381e-11, 1.466867e-08, 6.765861e-06, 1.464485e-08, -6.501695e-11, -1.065662e-10, 4.181726e-09, -2.727675e-12, 1.000313e-10, -2.037435e-11, 6.184210e-09, 4.093858e-11, -6.110159e-09, 2.006794e-11, -5.423791e-11, 7.540663e-12, 2.820757e-12, 1.374929e-13
3.037975e-02, -1.007305e-08, -1.243307e-11, 9.683925e-11, 4.575688e-12, 1.012149e-08, -5.354475e-06, 2.556700e-12, -2.916412e-09, -2.886168e-11, -2.005495e-11, 1.007934e-08, 5.354544e-06, 1.006874e-08, -2.780519e-11, -9.685470e-11, 2.917717e-09, -2.560890e-12, 3.317264e-11, 1.262871e-12, 4.247692e-09, 1.336619e-11, -4.219402e-09, -1.276400e-12, -1.965435e-11, 3.487440e-12, 5.048707e-12, 6.058039e-15
3.189873e-02, -6.710514e-09, 3.900029e-12, 6.114951e-11, 1.012745e-11, 6.761023e-09, -4.224064e-06, 1.641819e-12, -1.978005e-09, -2.777325e-11, -5.270023e-11, 6.708870e-09, 4.224265e-06, 6.683775e-09, -3.817087e-11, -6.123697e-11, 1.983169e-09, -1.663829e-12, 5.850621e-11, -1.205581e-11, 2.858389e-09, 1.052776e-11, -2.813943e-09, 1.199248e-11, -3.158723e-11, 7.667162e-12, 1.641143e-12, 2.841142e-14
3.341772e-02, -4.297461e-09, 6.149361e-12, 5.725691e-11, 1.136449e-11, 4.299089e-09, -3.301522e-06, 1.549058e-12, -1.290484e-09, 1.662886e-12, -5.843905e-11, 4.288554e-09, 3.301665e-06, 4.273118e-09, -4.042113e-11, -5.734579e-11, 1.294380e-09, -1.569649e-12, 6.347640e-11, -1.398312e-11, 1.834231e-09, -3.423339e-12, -1.817181e-09, 1.391986e-11, -3.435488e-11, 4.615327e-12, 1.151290e-12, 2.841442e-14
3.493671e-02, -2.569404e-09, -3.543797e-12, 5.164276e-12, -1.622717e-12, 2.584151e-09, -2.532544e-06, 1.407104e-13, -7.931015e-10, -8.833552e-12, 8.801685e-12, 2.571268e-09, 2.532564e-06, 2.568258e-09, 3.582421e-12, -5.155437e-12, 7.936227e-10, -1.386048e-13, -7.491258e-12, 3.171180e-12, 1.108703e-09, 4.310847e-12, -1.100350e-09, -3.164574e-12, 3.730611e-12, 1.008845e-12, 6.578369e-13, -2.970956e-15
3.645570e-02, -1.369512e-09, 5.206297e-13, -4.372876e-13, 3.447247e-13, 1.378634e-09, -1.876436e-06, 1.059040e-14, -4.366543e-10, -5.126021e-12, -1.817065e-12, 1.369507e-09, 1.876465e-06, 1.365870e-09, -9.192775e-13, 4.307780e-13, 4.374752e-10, -1.187887e-14, 1.760645e-12, -5.785268e-13, 6.020318e-10, 2.243320e-12, -5.949624e-10, 5.744933e-13, -8.899372e-13, 1.166623e-12, -7.949075e-14, 1.811121e-15
3.797468e-02, -5.781031e-10, -2.231500e-12, 6.099654e-12, -6.630150e-13, 5.713070e-10, -1.289439e-06, 1.767897e-13, -1.942802e-10, 4.570311e-12, 3.696218e-12, 5.754335e-10, 1.289458e-06, 5.739277e-10, 7.958892e-13, -6.098441e-12, 1.948184e-10, -1.765563e-13, -2.564194e-12, 1.624832e-12, 2.601214e-10, -2.650780e-12, -2.608580e-10, -1.624111e-12, 1.153405e-12, 4.081258e-13, 5.036587e-13, -3.225267e-16
3.949367e-02, -1.138208e-10, 6.511072e-14, 8.316868e-13, 1.711443e-13, 1.132376e-10, -6.904806e-07, 2.694062e-14, -4.667391e-11, 3.777572e-13, -8.322970e-13, 1.136345e-10, 6.904816e-07, 1.135706e-10, -5.976197e-13, -8.313350e-13, 4.670160e-11, -2.687792e-14, 9.392782e-13, -1.900524e-13, 5.928333e-11, -2.116760e-13, -5.941696e-11, 1.902476e-13, -5.158420e-13, 1.512968e-14, 2.158335e-14, -8.780572e-17
4.101266e-02, 0.000000e+00, 0.000000e+00, 0.000000e+00, 0.000000e+00, 0.000000e+00, 0.000000e+00, 0.000000e+00, 0.000000e+00, 0.000000e+00, 0.000000e+00, 0.000000e+00, 0.000000e+00, 0.000000e+00, 0.000000e+00, 0.000000e+00, 0.000000e+00, 0.000000e+00, 0.000000e+00, 0.000000e+00, 0.000000e+00, 0.000000e+00, 0.000000e+00, 0.000000e+00, 0.000000e+00, 0.000000e+00, 0.000000e+00, 0.000000e+00
4.253165e-02, 0.000000e+00, 0.000000e+00, 0.000000e+00, 0.000000e+00, 0.000000e+00, 0.000000e+00, 0.000000e+00, 0.000000e+00, 0.000000e+00, 0.000000e+00, 0.000000e+00, 0.000000e+00, 0.000000e+00, 0.000000e+00, 0.000000e+00, 0.000000e+00, 0.000000e+00, 0.000000e+00, 0.000000e+00, 0.000000e+00, 0.000000e+00, 0.000000e+00, 0.000000e+00, 0.000000e+00, 0.000000e+00, 0.000000e+00, 0.000000e+00
4.405063e-02, 0.000000e+00, 0.000000e+00, 0.000000e+00, 0.000000e+00, 0.000000e+00, 0.000000e+00, 0.000000e+00, 0.000000e+00, 0.000000e+00, 0.000000e+00, 0.000000e+00, 0.000000e+00, 0.000000e+00, 0.000000e+00, 0.000000e+00, 0.000000e+00, 0.000000e+00, 0.000000e+00, 0.000000e+00, 0.000000e+00, 0.000000e+00, 0.000000e+00, 0.000000e+00, 0.000000e+00, 0.000000e+00, 0.000000e+00, 0.000000e+00
4.556962e-02, 0.000000e+00, 0.000000e+00, 0.000000e+00, 0.000000e+00, 0.000000e+00, 0.000000e+00, 0.000000e+00, 0.000000e+00, 0.000000e+00, 0.000000e+00, 0.000000e+00, 0.000000e+00, 0.000000e+00, 0.000000e+00, 0.000000e+00, 0.000000e+00, 0.000000e+00, 0.000000e+00, 0.000000e+00, 0.000000e+00, 0.000000e+00, 0.000000e+00, 0.000000e+00, 0.000000e+00, 0.000000e+00, 0.000000e+00, 0.000000e+00
4.708861e-02, 0.000000e+00, 0.000000e+00, 0.000000e+00, 0.000000e+00, 0.000000e+00, 0.000000e+00, 0.000000e+00, 0.000000e+00, 0.000000e+00, 0.000000e+00, 0.000000e+00, 0.000000e+00, 0.000000e+00, 0.000000e+00, 0.000000e+00, 0.000000e+00, 0.000000e+00, 0.000000e+00, 0.000000e+00, 0.000000e+00, 0.000000e+00, 0.000000e+00, 0.000000e+00, 0.000000e+00, 0.000000e+00, 0.000000e+00, 0.000000e+00
4.860759e-02, 0.000000e+00, 0.000000e+00, 0.000000e+00, 0.000000e+00, 0.000000e+00, 0.000000e+00, 0.000000e+00, 0.000000e+00, 0.000000e+00, 0.000000e+00, 0.000000e+00, 0.000000e+00, 0.000000e+00, 0.000000e+00, 0.000000e+00, 0.000000e+00, 0.000000e+00, 0.000000e+00, 0.000000e+00, 0.000000e+00, 0.000000e+00, 0.000000e+00, 0.000000e+00, 0.000000e+00, 0.000000e+00, 0.000000e+00, 0.000000e+00
5.012658e-02, 0.000000e+00, 0.000000e+00, 0.000000e+00, 0.000000e+00, 0.000000e+00, 0.000000e+00, 0.000000e+00, 0.000000e+00, 0.000000e+00, 0.000000e+00, 0.000000e+00, 0.000000e+00, 0.000000e+00, 0.000000e+00, 0.000000e+00, 0.000000e+00, 0.000000e+00, 0.000000e+00, 0.000000e+00, 0.000000e+00, 0.000000e+00, 0.000000e+00, 0.000000e+00, 0.000000e+00, 0.000000e+00, 0.000000e+00, 0.000000e+00
5.164557e-02, 0.000000e+00, 0.000000e+00, 0.000000e+00, 0.000000e+00, 0.000000e+00, 0.000000e+00, 0.000000e+00, 0.000000e+00, 0.000000e+00, 0.000000e+00, 0.000000e+00, 0.000000e+00, 0.000000e+00, 0.000000e+00, 0.000000e+00, 0.000000e+00, 0.000000e+00, 0.000000e+00, 0.000000e+00, 0.000000e+00, 0.000000e+00, 0.000000e+00, 0.000000e+00, 0.000000e+00, 0.000000e+00, 0.000000e+00, 0.000000e+00
5.316456e-02, 0.000000e+00, 0.000000e+00, 0.000000e+00, 0.000000e+00, 0.000000e+00, 0.000000e+00, 0.000000e+00, 0.000000e+00, 0.000000e+00, 0.000000e+00, 0.000000e+00, 0.000000e+00, 0.000000e+00, 0.000000e+00, 0.000000e+00, 0.000000e+00, 0.000000e+00, 0.000000e+00, 0.000000e+00, 0.000000e+00, 0.000000e+00, 0.000000e+00, 0.000000e+00, 0.000000e+00, 0.000000e+00, 0.000000e+00, 0.000000e+00
5.468354e-02, 0.000000e+00, 0.000000e+00, 0.000000e+00, 0.000000e+00, 0.000000e+00, 0.000000e+00, 0.000000e+00, 0.000000e+00, 0.000000e+00, 0.000000e+00, 0.000000e+00, 0.000000e+00, 0.000000e+00, 0.000000e+00, 0.000000e+00, 0.000000e+00, 0.000000e+00, 0.000000e+00, 0.000000e+00, 0.000000e+00, 0.000000e+00, 0.000000e+00, 0.000000e+00, 0.000000e+00, 0.000000e+00, 0.000000e+00, 0.000000e+00
5.620253e-02, 0.000000e+00, 0.000000e+00, 0.000000e+00, 0.000000e+00, 0.000000e+00, 0.000000e+00, 0.000000e+00, 0.000000e+00, 0.000000e+00, 0.000000e+00, 0.000000e+00, 0.000000e+00, 0.000000e+00, 0.000000e+00, 0.000000e+00, 0.000000e+00, 0.000000e+00, 0.000000e+00, 0.000000e+00, 0.000000e+00, 0.000000e+00, 0.000000e+00, 0.000000e+00, 0.000000e+00, 0.000000e+00, 0.000000e+00, 0.000000e+00
5.772152e-02, 0.000000e+00, 0.000000e+00, 0.000000e+00, 0.000000e+00, 0.000000e+00, 0.000000e+00, 0.000000e+00, 0.000000e+00, 0.000000e+00, 0.000000e+00, 0.000000e+00, 0.000000e+00, 0.000000e+00, 0.000000e+00, 0.000000e+00, 0.000000e+00, 0.000000e+00, 0.000000e+00, 0.000000e+00, 0.000000e+00, 0.000000e+00, 0.000000e+00, 0.000000e+00, 0.000000e+00, 0.000000e+00, 0.000000e+00, 0.000000e+00
5.924051e-02, 0.000000e+00, 0.000000e+00, 0.000000e+00, 0.000000e+00, 0.000000e+00, 0.000000e+00, 0.000000e+00, 0.000000e+00, 0.000000e+00, 0.000000e+00, 0.000000e+00, 0.000000e+00, 0.000000e+00, 0.000000e+00, 0.000000e+00, 0.000000e+00, 0.000000e+00, 0.000000e+00, 0.000000e+00, 0.000000e+00, 0.000000e+00, 0.000000e+00, 0.000000e+00, 0.000000e+00, 0.000000e+00, 0.000000e+00, 0.000000e+00
6.075949e-02, 0.000000e+00, 0.000000e+00, 0.000000e+00, 0.000000e+00, 0.000000e+00, 0.000000e+00, 0.000000e+00, 0.000000e+00, 0.000000e+00, 0.000000e+00, 0.000000e+00, 0.000000e+00, 0.000000e+00, 0.000000e+00, 0.000000e+00, 0.000000e+00, 0.000000e+00, 0.000000e+00, 0.000000e+00, 0.000000e+00, 0.000000e+00, 0.000000e+00, 0.000000e+00, 0.000000e+00, 0.000000e+00, 0.000000e+00, 0.000000e+00
6.227848e-02, 0.000000e+00, 0.000000e+00, 0.000000e+00, 0.000000e+00, 0.000000e+00, 0.000000e+00, 0.000000e+00, 0.000000e+00, 0.000000e+00, 0.000000e+00, 0.000000e+00, 0.000000e+00, 0.000000e+00, 0.000000e+00, 0.000000e+00, 0.000000e+00, 0.000000e+00, 0.000000e+00, 0.000000e+00, 0.000000e+00, 0.000000e+00, 0.000000e+00, 0.000000e+00, 0.000000e+00, 0.000000e+00, 0.000000e+00, 0.000000e+00
6.379747e-02, 0.000000e+00, 0.000000e+00, 0.000000e+00, 0.000000e+00, 0.000000e+00, 0.000000e+00, 0.000000e+00, 0.000000e+00, 0.000000e+00, 0.000000e+00, 0.000000e+00, 0.000000e+00, 0.000000e+00, 0.000000e+00, 0.000000e+00, 0.000000e+00, 0.000000e+00, 0.000000e+00, 0.000000e+00, 0.000000e+00, 0.000000e+00, 0.000000e+00, 0.000000e+00, 0.000000e+00, 0.000000e+00, 0.000000e+00, 0.000000e+00
6.531646e-02, 0.000000e+00, 0.000000e+00, 0.000000e+00, 0.000000e+00, 0.000000e+00, 0.000000e+00, 0.000000e+00, 0.000000e+00, 0.000000e+00, 0.000000e+00, 0.000000e+00, 0.000000e+00, 0.000000e+00, 0.000000e+00, 0.000000e+00, 0.000000e+00, 0.000000e+00, 0.000000e+00, 0.000000e+00, 0.000000e+00, 0.000000e+00, 0.000000e+00, 0.000000e+00, 0.000000e+00, 0.000000e+00, 0.000000e+00, 0.000000e+00
6.683544e-02, 0.000000e+00, 0.000000e+00, 0.000000e+00, 0.000000e+00, 0.000000e+00, 0.000000e+00, 0.000000e+00, 0.000000e+00, 0.000000e+00, 0.000000e+00, 0.000000e+00, 0.000000e+00, 0.000000e+00, 0.000000e+00, 0.000000e+00, 0.000000e+00, 0.000000e+00, 0.000000e+00, 0.000000e+00, 0.000000e+00, 0.000000e+00, 0.000000e+00, 0.000000e+00, 0.000000e+00, 0.000000e+00, 0.000000e+00, 0.000000e+00
6.835443e-02, 0.000000e+00, 0.000000e+00, 0.000000e+00, 0.000000e+00, 0.000000e+00, 0.000000e+00, 0.000000e+00, 0.000000e+00, 0.000000e+00, 0.000000e+00, 0.000000e+00, 0.000000e+00, 0.000000e+00, 0.000000e+00, 0.000000e+00, 0.000000e+00, 0.000000e+00, 0.000000e+00, 0.000000e+00, 0.000000e+00, 0.000000e+00, 0.000000e+00, 0.000000e+00, 0.000000e+00, 0.000000e+00, 0.000000e+00, 0.000000e+00
