-9.200000e-02, 0.000000e+00, 0.000000e+00, 0.000000e+00, 0.000000e+00, 0.000000e+00, 0.000000e+00, 0.000000e+00, 0.000000e+00, 0.000000e+00, 0.000000e+00, 0.000000e+00, 0.000000e+00, 0.000000e+00, 0.000000e+00, 0.000000e+00, 0.000000e+00, 0.000000e+00, 0.000000e+00, 0.000000e+00, 0.000000e+00, 0.000000e+00, 0.000000e+00, 0.000000e+00, 0.000000e+00, 0.000000e+00, 0.000000e+00, 0.000000e+00
-9.100000e-02, 0.000000e+00, 0.000000e+00, 0.000000e+00, 0.000000e+00, 0.000000e+00, 0.000000e+00, 0.000000e+00, 0.000000e+00, 0.000000e+00, 0.000000e+00, 0.000000e+00, 0.000000e+00, 0.000000e+00, 0.000000e+00, 0.000000e+00, 0.000000e+00, 0.000000e+00, 0.000000e+00, 0.000000e+00, 0.000000e+00, 0.000000e+00, 0.000000e+00, 0.000000e+00, 0.000000e+00, 0.000000e+00, 0.000000e+00, 0.000000e+00
-9.000000e-02, 0.000000e+00, 0.000000e+00, 0.000000e+00, 0.000000e+00, 0.000000e+00, 0.000000e+00, 0.000000e+00, 0.000000e+00, 0.000000e+00, 0.000000e+00, 0.000000e+00, 0.000000e+00, 0.000000e+00, 0.000000e+00, 0.000000e+00, 0.000000e+00, 0.000000e+00, 0.000000e+00, 0.000000e+00, 0.000000e+00, 0.000000e+00, 0.000000e+00, 0.000000e+00, 0.000000e+00, 0.000000e+00, 0.000000e+00, 0.000000e+00
-8.900000e-02, 0.000000e+00, 0.000000e+00, 0.000000e+00, 0.000000e+00, 0.000000e+00, 0.000000e+00, 0.000000e+00, 0.000000e+00, 0.000000e+00, 0.000000e+00, 0.000000e+00, 0.000000e+00, 0.000000e+00, 0.000000e+00, 0.000000e+00, 0.000000e+00, 0.000000e+00, 0.000000e+00, 0.000000e+00, 0.000000e+00, 0.000000e+00, 0.000000e+00, 0.000000e+00, 0.000000e+00, 0.000000e+00, 0.000000e+00, 0.000000e+00
-8.800000e-02, 0.000000e+00, 0.000000e+00, 0.000000e+00, 0.000000e+00, 0.000000e+00, 0.000000e+00, 0.000000e+00, 0.000000e+00, 0.000000e+00, 0.000000e+00, 0.000000e+00, 0.000000e+00, 0.000000e+00, 0.000000e+00, 0.000000e+00, 0.000000e+00, 0.000000e+00, 0.000000e+00, 0.000000e+00, 0.000000e+00, 0.000000e+00, 0.000000e+00, 0.000000e+00, 0.000000e+00, 0.000000e+00, 0.000000e+00, 0.000000e+00
-8.700000e-02, 0.000000e+00, 0.000000e+00, 0.000000e+00, 0.000000e+00, 0.000000e+00, 0.000000e+00, 0.000000e+00, 0.000000e+00, 0.000000e+00, 0.000000e+00, 0.000000e+00, 0.000000e+00, 0.000000e+00, 0.000000e+00, 0.000000e+00, 0.000000e+00, 0.000000e+00, 0.000000e+00, 0.000000e+00, 0.000000e+00, 0.000000e+00, 0.000000e+00, 0.000000e+00, 0.000000e+00, 0.000000e+00, 0.000000e+00, 0.000000e+00
-8.600000e-02, 0.000000e+00, 0.000000e+00, 0.000000e+00, 0.000000e+00, 0.000000e+00, 0.000000e+00, 0.000000e+00, 0.000000e+00, 0.000000e+00, 0.000000e+00, 0.000000e+00, 0.000000e+00, 0.000000e+00, 0.000000e+00, 0.000000e+00, 0.000000e+00, 0.000000e+00, 0.000000e+00, 0.000000e+00, 0.000000e+00, 0.000000e+00, 0.000000e+00, 0.000000e+00, 0.000000e+00, 0.000000e+00, 0.000000e+00, 0.000000e+00
-8.500000e-02, -4.015337e-13, -5.158683e-13, 7.940703e-13, -2.280376e-09, -1.315900e-09, 5.871370e-10, -2.236311e-08, -1.317286e-08, 2.643395e-09, 2.280396e-09, 1.317263e-09, -5.880532e-10, 9.975456e-13, -4.883199e-13, -7.979336e-13, 3.899566e-08, 2.236317e-08, -4.578505e-09, 2.236350e-08, 1.317438e-08, -2.641837e-09, -3.899757e-08, -2.236353e-08, 4.575797e-09, -6.491239e-13, 1.200813e-12, -2.688831e-15
-8.400000e-02, -4.023518e-12, -5.470330e-12, 8.701561e-12, -5.681586e-09, -3.272773e-09, 1.440939e-09, -5.574420e-08, -3.281865e-08, 6.581540e-09, 5.681518e-09, 3.287734e-09, -1.451002e-09, 1.025130e-11, -5.893420e-12, -8.700117e-12, 9.718732e-08, 5.574471e-08, -1.139963e-08, 5.574934e-08, 3.283585e-08, -6.564397e-09, -9.720989e-08, -5.574949e-08, 1.136987e-08, -6.995770e-12, 1.333840e-11, -4.888386e-14
-8.300000e-02, -9.067782e-12, -1.495271e-11, 2.621614e-11, -9.136714e-09, -5.251880e-09, 2.274624e-09, -8.957006e-08, -5.270108e-08, 1.056093e-08, 9.131995e-09, 5.295535e-09, -2.304947e-09, 2.819740e-11, -2.021659e-11, -2.595297e-11, 1.561199e-07, 8.956524e-08, -1.829117e-08, 8.958611e-08, 5.275389e-08, -1.050845e-08, -1.561955e-07, -8.958408e-08, 1.820081e-08, -2.511211e-11, 3.865443e-11, 1.669966e-13
-8.200000e-02, -2.174830e-11, -3.401331e-11, 5.791821e-11, -1.307638e-08, -7.498513e-09, 3.188034e-09, -1.282272e-07, -7.539392e-08, 1.509582e-08, 1.306894e-08, 7.596602e-09, -3.254945e-09, 6.544221e-11, -4.280469e-11, -5.815125e-11, 2.234694e-07, 1.282344e-07, -2.614802e-08, 1.282653e-07, 7.551153e-08, -1.498017e-08, -2.236242e-07, -1.282680e-07, 2.594682e-08, -4.612500e-11, 9.064572e-11, -4.053906e-13
-8.100000e-02, -3.638144e-11, -6.117047e-11, 1.071830e-10, -1.761896e-08, -1.007664e-08, 4.194223e-09, -1.726460e-07, -1.014348e-07, 2.029002e-08, 1.759748e-08, 1.025582e-08, -4.317515e-09, 1.272081e-10, -7.729987e-11, -1.095138e-10, 3.008564e-07, 1.726878e-07, -3.515123e-08, 1.727261e-07, 1.016584e-07, -2.007531e-08, -3.011359e-07, -1.727439e-07, 3.477456e-08, -7.697696e-11, 1.742293e-10, -1.399833e-12
-8.000000e-02, -4.782184e-11, -9.739526e-11, 1.827639e-10, -2.308046e-08, -1.315901e-08, 5.336349e-09, -2.254465e-07, -1.323417e-07, 2.644300e-08, 2.302494e-08, 1.346020e-08, -5.546759e-09, 2.023236e-10, -1.453251e-10, -1.856462e-10, 3.927442e-07, 2.254959e-07, -4.580968e-08, 2.255865e-07, 1.327281e-07, -2.607238e-08, -3.932486e-07, -2.256072e-07, 4.516204e-08, -1.427591e-10, 2.944910e-10, -1.602008e-12
-7.900000e-02, -7.513895e-11, -1.554475e-10, 2.924690e-10, -2.939044e-08, -1.670092e-08, 6.584572e-09, -2.864803e-07, -1.680108e-07, 3.353114e-08, 2.930341e-08, 1.718613e-08, -6.922447e-09, 3.034534e-10, -2.460546e-10, -2.923977e-10, 4.988164e-07, 2.864845e-07, -5.807829e-08, 2.866717e-07, 1.686116e-07, -3.293384e-08, -4.996335e-07, -2.866729e-07, 5.704315e-08, -2.562129e-10, 4.546238e-10, -4.396953e-13
-7.800000e-02, -9.901829e-11, -2.286811e-10, 4.426624e-10, -3.678903e-08, -2.083050e-08, 7.958696e-09, -3.574328e-07, -2.094140e-07, 4.173884e-08, 3.663390e-08, 2.156050e-08, -8.469373e-09, 4.604401e-10, -3.788278e-10, -4.450462e-10, 6.222112e-07, 3.574761e-07, -7.230185e-08, 3.577358e-07, 2.103337e-07, -4.082969e-08, -6.234427e-07, -3.577541e-07, 7.072217e-08, -3.784889e-10, 6.988219e-10, -1.490664e-12
-7.700000e-02, -2.020198e-10, -3.626027e-10, 6.463057e-10, -4.476893e-08, -2.525900e-08, 9.356219e-09, -4.356199e-07, -2.549515e-07, 5.075172e-08, 4.461848e-08, 2.634659e-08, -1.010639e-08, 6.421554e-10, -5.535048e-10, -6.260928e-10, 7.573713e-07, 4.352515e-07, -8.783636e-08, 4.357995e-07, 2.561369e-07, -4.941823e-08, -7.590892e-07, -4.356448e-07, 8.556920e-08, -7.299347e-10, 8.931744e-10, 1.278824e-11
-7.600000e-02, -2.409364e-10, -4.967148e-10, 9.210571e-10, -5.509592e-08, -3.095620e-08, 1.102611e-08, -5.336220e-07, -3.119609e-07, 6.200007e-08, 5.481996e-08, 3.250453e-08, -1.208966e-08, 9.778389e-10, -7.790593e-10, -9.235292e-10, 9.282379e-07, 5.336865e-07, -1.073995e-07, 5.341170e-07, 3.137906e-07, -6.009744e-08, -9.305808e-07, -5.341434e-07, 1.040964e-07, -7.859613e-10, 1.445825e-09, -3.116059e-12
-7.500000e-02, -3.551596e-10, -7.043949e-10, 1.285315e-09, -6.669339e-08, -3.731279e-08, 1.275997e-08, -6.446054e-07, -3.763884e-07, 7.468941e-08, 6.629405e-08, 3.946485e-08, -1.424318e-08, 1.397428e-09, -1.067683e-09, -1.279719e-09, 1.120431e-06, 6.444280e-07, -1.293344e-07, 6.450821e-07, 3.788172e-07, -7.201682e-08, -1.123578e-06, -6.450139e-07, 1.247273e-07, -1.259171e-09, 1.912650e-09, 1.014681e-11
-7.400000e-02, -4.123198e-10, -9.319822e-10, 1.756401e-09, -8.096375e-08, -4.508854e-08, 1.470524e-08, -7.769710e-07, -4.531101e-07, 8.975483e-08, 8.037483e-08, 4.806250e-08, -1.673429e-08, 1.827243e-09, -1.552696e-09, -1.760292e-09, 1.350494e-06, 7.771057e-07, -1.554842e-07, 7.778224e-07, 4.565577e-07, -8.608313e-08, -1.354798e-06, -7.778745e-07, 1.491080e-07, -1.486905e-09, 2.783341e-09, -7.877157e-12
-7.300000e-02, -4.944968e-10, -1.217277e-09, 2.329634e-09, -9.688327e-08, -5.371419e-08, 1.670737e-08, -9.242443e-07, -5.383395e-07, 1.064538e-07, 9.601941e-08, 5.766305e-08, -1.939436e-08, 2.465125e-09, -2.076483e-09, -2.355283e-09, 1.606430e-06, 9.247843e-07, -1.844829e-07, 9.253476e-07, 5.429069e-07, -1.015488e-07, -1.611789e-06, -9.255715e-07, 1.759242e-07, -1.836730e-09, 3.797727e-09, -2.197330e-11
-7.200000e-02, -5.860838e-10, -1.573720e-09, 3.057118e-09, -1.156354e-07, -6.381587e-08, 1.884850e-08, -1.095078e-06, -6.370212e-07, 1.257401e-07, 1.143827e-07, 6.898740e-08, -2.237582e-08, 3.174952e-09, -2.805502e-09, -3.073481e-09, 1.902016e-06, 1.095395e-06, -2.178481e-07, 1.096188e-06, 6.428419e-07, -1.192384e-07, -1.908843e-06, -1.096323e-06, 2.065510e-07, -2.627835e-09, 4.876144e-09, -1.123767e-11
-7.100000e-02, -9.798261e-10, -2.178663e-09, 4.003345e-09, -1.368025e-07, -7.513963e-08, 2.104033e-08, -1.295311e-06, -7.525040e-07, 1.482765e-07, 1.354464e-07, 8.204638e-08, -2.566473e-08, 4.269286e-09, -3.588264e-09, -4.007298e-09, 2.248473e-06, 1.295482e-06, -2.568547e-07, 1.296133e-06, 7.597271e-07, -1.397410e-07, -2.256489e-06, -1.296202e-06, 2.420504e-07, -3.482773e-09, 6.299962e-09, -1.013475e-11
-7.000000e-02, -9.461838e-10, -2.663383e-09, 5.148358e-09, -1.639861e-07, -8.963146e-08, 2.357815e-08, -1.532347e-06, -8.890009e-07, 1.748121e-07, 1.618216e-07, 9.847914e-08, -2.952499e-08, 5.272388e-09, -4.903690e-09, -5.159247e-09, 2.658968e-06, 1.532700e-06, -3.028465e-07, 1.533601e-06, 8.984768e-07, -1.637211e-07, -2.669559e-06, -1.533738e-06, 2.835928e-07, -4.445806e-09, 8.233745e-09, -2.017102e-11
-6.900000e-02, -1.365404e-09, -3.486186e-09, 6.531530e-09, -1.927523e-07, -1.048639e-07, 2.599992e-08, -1.795361e-06, -1.040262e-06, 2.041811e-07, 1.902104e-07, 1.162508e-07, -3.354244e-08, 6.907055e-09, -6.132691e-09, -6.565473e-09, 3.114792e-06, 1.796252e-06, -3.538157e-07, 1.796281e-06, 1.051871e-06, -1.900443e-07, -3.126655e-06, -1.796643e-06, 3.292243e-07, -5.413311e-09, 1.055369e-08, -4.340088e-11
-6.800000e-02, -1.756792e-09, -4.432607e-09, 8.213261e-09, -2.268306e-07, -1.228264e-07, 2.857425e-08, -2.099907e-06, -1.215138e-06, 2.380549e-07, 2.235122e-07, 1.371820e-07, -3.805099e-08, 8.899277e-09, -7.673782e-09, -8.245910e-09, 3.640807e-06, 2.100473e-06, -4.124300e-07, 2.099952e-06, 1.229108e-06, -2.201333e-07, -3.654350e-06, -2.100199e-06, 3.813260e-07, -7.229509e-09, 1.302356e-08, -1.658114e-11
-6.700000e-02, -2.646856e-09, -5.882631e-09, 1.043332e-08, -2.675767e-07, -1.441313e-07, 3.115087e-08, -2.470557e-06, -1.427590e-06, 2.790944e-07, 2.638130e-07, 1.626647e-07, -4.319299e-08, 1.165780e-08, -9.577044e-09, -1.044364e-08, 4.280433e-06, 2.470617e-06, -4.834176e-07, 2.469118e-06, 1.444414e-06, -2.562211e-07, -4.295598e-06, -2.469169e-06, 4.437988e-07, -9.484473e-09, 1.625758e-08, 8.266431e-12
-6.600000e-02, -3.095137e-09, -7.295238e-09, 1.301348e-08, -3.171901e-07, -1.700366e-07, 3.407842e-08, -2.898013e-06, -1.672357e-06, 3.262227e-07, 3.120647e-07, 1.932572e-07, -4.909318e-08, 1.460683e-08, -1.218718e-08, -1.303213e-08, 5.018758e-06, 2.898050e-06, -5.650497e-07, 2.895361e-06, 1.692927e-06, -2.974339e-07, -5.036286e-06, -2.895405e-06, 5.151882e-07, -1.192849e-08, 2.032768e-08, 1.490126e-11
-6.500000e-02, -4.670145e-09, -9.563817e-09, 1.616988e-08, -3.711628e-07, -1.979978e-07, 3.675725e-08, -3.387556e-06, -1.952364e-06, 3.801389e-07, 3.659988e-07, 2.276142e-07, -5.543359e-08, 1.868607e-08, -1.490121e-08, -1.619054e-08, 5.865104e-06, 3.388262e-06, -6.585423e-07, 3.381565e-06, 1.976244e-06, -3.441788e-07, -5.881393e-06, -3.381833e-06, 5.961695e-07, -1.409178e-08, 2.551300e-08, -4.222195e-11
-6.400000e-02, -6.543869e-09, -1.231749e-08, 1.999273e-08, -4.352162e-07, -2.310376e-07, 3.951176e-08, -3.959555e-06, -2.279100e-06, 4.428508e-07, 4.296372e-07, 2.682921e-07, -6.260939e-08, 2.385076e-08, -1.813980e-08, -1.997285e-08, 6.851087e-06, 3.959489e-06, -7.670189e-07, 3.948085e-06, 2.306202e-06, -3.980300e-07, -6.864966e-06, -3.948035e-06, 6.893892e-07, -1.782782e-08, 3.114626e-08, -1.242841e-11
-6.300000e-02, -8.171386e-09, -1.520549e-08, 2.428392e-08, -5.085502e-07, -2.687868e-07, 4.240715e-08, -4.597893e-06, -2.643500e-06, 5.126322e-07, 5.016598e-07, 3.144605e-07, -7.042900e-08, 2.996666e-08, -2.184967e-08, -2.435373e-08, 7.954414e-06, 4.598971e-06, -8.881117e-07, 4.581371e-06, 2.674948e-06, -4.577708e-07, -7.965906e-06, -4.581860e-06, 7.929723e-07, -2.148413e-08, 3.798176e-08, -2.368025e-11
-6.200000e-02, -1.271168e-08, -2.012108e-08, 2.971611e-08, -5.866148e-07, -3.084830e-07, 4.447499e-08, -5.344685e-06, -3.069279e-06, 5.941746e-07, 5.813209e-07, 3.658077e-07, -7.877589e-08, 3.908871e-08, -2.507181e-08, -2.970190e-08, 9.239498e-06, 5.343873e-06, -1.029002e-06, 5.316008e-06, 3.102448e-06, -5.267646e-07, -9.240332e-06, -5.315702e-06, 9.123461e-07, -2.698192e-08, 4.531504e-08, 5.449389e-11
-6.100000e-02, -1.533442e-08, -2.453034e-08, 3.585819e-08, -6.891297e-07, -3.608732e-07, 4.759430e-08, -6.212523e-06, -3.563693e-06, 6.884288e-07, 6.823206e-07, 4.309118e-07, -8.896408e-08, 4.788754e-08, -3.072663e-08, -3.589993e-08, 1.073685e-05, 6.212260e-06, -1.192376e-06, 6.172674e-06, 3.600852e-06, -6.061169e-07, -1.072858e-05, -6.172742e-06, 1.049880e-06, -3.274512e-08, 5.482002e-08, 8.456098e-11
-6.000000e-02, -2.302763e-08, -3.232564e-08, 4.369527e-08, -7.945806e-07, -4.139286e-07, 4.913154e-08, -7.233323e-06, -4.144669e-06, 7.993114e-07, 7.914346e-07, 5.017025e-07, -9.958994e-08, 6.183705e-08, -3.505086e-08, -4.350489e-08, 1.248949e-05, 7.228629e-06, -1.383607e-06, 7.171268e-06, 4.181500e-06, -6.985608e-07, -1.245895e-05, -7.169383e-06, 1.209665e-06, -4.100623e-08, 6.493149e-08, 2.253909e-10
-5.900000e-02, -2.901679e-08, -3.997910e-08, 5.260769e-08, -9.303858e-07, -4.825465e-07, 5.161107e-08, -8.419610e-06, -4.819411e-06, 9.275236e-07, 9.276334e-07, 5.901361e-07, -1.123221e-07, 7.704908e-08, -4.176864e-08, -5.258070e-08, 1.453842e-05, 8.417640e-06, -1.606187e-06, 8.336474e-06, 4.858858e-06, -8.050363e-07, -1.448374e-05, -8.335730e-06, 1.394280e-06, -4.773295e-08, 7.912940e-08, 1.376159e-10
-5.800000e-02, -4.006697e-08, -5.093453e-08, 6.289529e-08, -1.066668e-06, -5.506298e-07, 5.272915e-08, -9.725624e-06, -5.561906e-06, 1.068717e-06, 1.070741e-06, 6.834035e-07, -1.254342e-07, 9.547608e-08, -4.799296e-08, -6.263030e-08, 1.678610e-05, 9.721876e-06, -1.850358e-06, 9.608748e-06, 5.598235e-06, -9.213942e-07, -1.669047e-05, -9.607025e-06, 1.595589e-06, -5.563388e-08, 9.416876e-08, 6.109561e-11
-5.700000e-02, -5.372429e-08, -6.449655e-08, 7.541280e-08, -1.230242e-06, -6.319232e-07, 5.328732e-08, -1.128991e-05, -6.450609e-06, 1.237295e-06, 1.240972e-06, 7.947948e-07, -1.403858e-07, 1.215365e-07, -5.376348e-08, -7.522878e-08, 1.948080e-05, 1.128599e-05, -2.142353e-06, 1.113006e-05, 6.481979e-06, -1.059437e-06, -1.933120e-05, -1.112850e-05, 1.834762e-06, -6.705425e-08, 1.113872e-07, 1.713499e-10
-5.600000e-02, -7.104471e-08, -8.128166e-08, 9.019497e-08, -1.420289e-06, -7.259713e-07, 5.330516e-08, -1.311086e-05, -7.484556e-06, 1.433099e-06, 1.440732e-06, 9.257982e-07, -1.574747e-07, 1.526710e-07, -6.067860e-08, -8.999423e-08, 2.261689e-05, 1.310659e-05, -2.481425e-06, 1.289604e-05, 7.507561e-06, -1.218810e-06, -2.239545e-05, -1.289419e-05, 2.110745e-06, -7.903022e-08, 1.324044e-07, 1.552247e-10
-5.500000e-02, -9.392073e-08, -1.023376e-07, 1.073504e-07, -1.629097e-06, -8.284810e-07, 5.207538e-08, -1.518457e-05, -8.661632e-06, 1.655787e-06, 1.664044e-06, 1.072777e-06, -1.760102e-07, 1.921086e-07, -6.659340e-08, -1.073073e-07, 2.619226e-05, 1.518266e-05, -2.867582e-06, 1.489881e-05, 8.670316e-06, -1.399024e-06, -2.587259e-05, -1.489799e-05, 2.423076e-06, -9.202777e-08, 1.566445e-07, 1.039227e-10
-5.400000e-02, -1.225006e-07, -1.281078e-07, 1.274786e-07, -1.868567e-06, -9.454490e-07, 4.982563e-08, -1.758467e-05, -1.002327e-05, 1.913055e-06, 1.922290e-06, 1.243124e-06, -1.969980e-07, 2.395361e-07, -7.304081e-08, -1.273225e-07, 3.032055e-05, 1.757976e-05, -3.312650e-06, 1.720712e-05, 1.001009e-05, -1.605855e-06, -2.987559e-05, -1.720503e-05, 2.781128e-06, -1.095176e-07, 1.832802e-07, 2.356918e-10
-5.300000e-02, -1.585293e-07, -1.597767e-07, 1.508390e-07, -2.138588e-06, -1.076501e-06, 4.628209e-08, -2.034113e-05, -1.158673e-05, 2.208056e-06, 2.217711e-06, 1.438543e-06, -2.203788e-07, 2.981399e-07, -7.876280e-08, -1.508816e-07, 3.507190e-05, 2.033937e-05, -3.824197e-06, 1.984951e-05, 1.154338e-05, -1.841817e-06, -3.446253e-05, -1.984885e-05, 3.190084e-06, -1.268404e-07, 2.154501e-07, 1.739882e-10
-5.200000e-02, -2.049286e-07, -1.986299e-07, 1.773209e-07, -2.419098e-06, -1.211018e-06, 4.007979e-08, -2.340607e-05, -1.332501e-05, 2.536029e-06, 2.535373e-06, 1.649471e-06, -2.448311e-07, 3.672100e-07, -8.268202e-08, -1.773987e-07, 4.035504e-05, 2.340799e-05, -4.392875e-06, 2.277471e-05, 1.324044e-05, -2.103225e-06, -3.953992e-05, -2.277559e-05, 3.643029e-06, -1.441394e-07, 2.516521e-07, -7.133198e-11
-5.100000e-02, -2.357782e-07, -2.276075e-07, 1.992512e-07, -2.698811e-06, -1.347270e-06, 3.831621e-08, -2.616246e-05, -1.489089e-05, 2.830905e-06, 2.834053e-06, 1.847545e-06, -2.674665e-07, 4.335031e-07, -8.474298e-08, -2.035512e-07, 4.521902e-05, 2.623689e-05, -4.917227e-06, 2.543641e-05, 1.478532e-05, -2.341452e-06, -4.421584e-05, -2.547064e-05, 4.061525e-06, -1.383867e-07, 2.974158e-07, -1.802566e-09
-5.000000e-02, -3.034632e-07, -2.828114e-07, 2.341271e-07, -3.054861e-06, -1.516345e-06, 2.888046e-08, -3.013760e-05, -1.714429e-05, 3.255180e-06, 3.247930e-06, 2.123152e-06, -2.986246e-07, 5.279011e-07, -8.861992e-08, -2.378949e-07, 5.205993e-05, 3.021053e-05, -5.651660e-06, 2.919947e-05, 1.696762e-05, -2.676036e-06, -5.074162e-05, -2.923275e-05, 4.640675e-06, -1.612990e-07, 3.435857e-07, -2.125821e-09
-4.900000e-02, -4.026313e-07, -3.588735e-07, 2.773999e-07, -3.414885e-06, -1.681807e-06, 1.057995e-08, -3.486523e-05, -1.982338e-05, 3.760078e-06, 3.693173e-06, 2.422509e-06, -3.303934e-07, 6.656966e-07, -7.692256e-08, -2.805805e-07, 6.018176e-05, 3.492734e-05, -6.524115e-06, 3.363555e-05, 1.953917e-05, -3.071624e-06, -5.842266e-05, -3.366149e-05, 5.324475e-06, -1.899591e-07, 3.952263e-07, -2.331496e-09
-4.800000e-02, -5.262509e-07, -4.514441e-07, 3.265244e-07, -3.776487e-06, -1.843487e-06, -1.390000e-08, -4.017392e-05, -2.283319e-05, 4.327135e-06, 4.172766e-06, 2.746796e-06, -3.627978e-07, 8.252373e-07, -6.039019e-08, -3.300853e-07, 6.934445e-05, 4.025123e-05, -7.508915e-06, 3.859345e-05, 2.241248e-05, -3.514595e-06, -6.703665e-05, -3.862845e-05, 6.093095e-06, -2.181512e-07, 4.536084e-07, -2.630228e-09
-4.700000e-02, -6.264159e-07, -5.345294e-07, 3.787402e-07, -4.353742e-06, -2.118584e-06, -2.564601e-08, -4.613501e-05, -2.620754e-05, 4.960535e-06, 4.819272e-06, 3.177262e-06, -4.120396e-07, 9.718878e-07, -6.803894e-08, -3.770863e-07, 7.943630e-05, 4.610693e-05, -8.586617e-06, 4.419466e-05, 2.565973e-05, -4.008218e-06, -7.666311e-05, -4.417845e-05, 6.939456e-06, -2.916433e-07, 4.994794e-07, -6.824376e-11
-4.600000e-02, -7.900142e-07, -6.552553e-07, 4.382876e-07, -4.769044e-06, -2.300696e-06, -5.670008e-08, -5.258130e-05, -2.986403e-05, 5.648322e-06, 5.401791e-06, 3.572489e-06, -4.500886e-07, 1.176642e-06, -4.320385e-08, -4.393778e-07, 9.066427e-05, 5.263461e-05, -9.792327e-06, 5.018696e-05, 2.913191e-05, -4.543486e-06, -8.711843e-05, -5.020792e-05, 7.872096e-06, -2.901111e-07, 5.895836e-07, -3.418726e-09
-4.500000e-02, -9.642641e-07, -7.889120e-07, 5.082548e-07, -5.370914e-06, -2.574187e-06, -8.612054e-08, -6.037145e-05, -3.427960e-05, 6.476241e-06, 6.153671e-06, 4.080711e-06, -5.005078e-07, 1.431548e-06, -1.448647e-08, -5.128302e-07, 1.041596e-04, 6.047764e-05, -1.123641e-05, 5.746399e-05, 3.334844e-05, -5.187878e-06, -9.977923e-05, -5.750898e-05, 8.992666e-06, -3.225362e-07, 6.810505e-07, -4.410062e-09
-4.400000e-02, -1.187060e-06, -9.522756e-07, 5.882316e-07, -5.932356e-06, -2.820455e-06, -1.268881e-07, -6.887385e-05, -3.909552e-05, 7.382215e-06, 6.917317e-06, 4.598591e-06, -5.530023e-07, 1.712357e-06, 2.321029e-08, -5.870886e-07, 1.186185e-04, 6.886979e-05, -1.278532e-05, 6.527589e-05, 3.787393e-05, -5.884165e-06, -1.132386e-04, -6.527069e-05, 1.019031e-05, -4.139900e-07, 7.425368e-07, -1.206342e-09
-4.300000e-02, -1.426453e-06, -1.131464e-06, 6.760944e-07, -6.627012e-06, -3.129987e-06, -1.670662e-07, -7.853845e-05, -4.457293e-05, 8.409215e-06, 7.820571e-06, 5.211464e-06, -6.129756e-07, 2.055193e-06, 7.456284e-08, -6.786056e-07, 1.353259e-04, 7.857802e-05, -1.457261e-05, 7.421067e-05, 4.304962e-05, -6.676650e-06, -1.287641e-04, -7.422456e-05, 1.156671e-05, -4.623099e-07, 8.471457e-07, -1.578528e-09
-4.200000e-02, -1.729037e-06, -1.354692e-06, 7.809129e-07, -7.385131e-06, -3.460189e-06, -2.211110e-07, -8.997584e-05, -5.105658e-05, 9.625021e-06, 8.872187e-06, 5.927066e-06, -6.804908e-07, 2.442048e-06, 1.249165e-07, -7.848219e-07, 1.551031e-04, 9.007058e-05, -1.668810e-05, 8.477587e-05, 4.916892e-05, -7.616079e-06, -1.471252e-04, -8.481419e-05, 1.319715e-05, -4.965419e-07, 9.798549e-07, -4.477596e-09
-4.100000e-02, -2.100710e-06, -1.621656e-06, 9.006531e-07, -8.113438e-06, -3.764300e-06, -2.913081e-07, -1.026296e-04, -5.822690e-05, 1.097158e-05, 9.952340e-06, 6.666344e-06, -7.490113e-07, 2.907662e-06, 2.074206e-07, -9.006078e-07, 1.767495e-04, 1.026402e-04, -1.900497e-05, 9.633594e-05, 5.586313e-05, -8.647727e-06, -1.671108e-04, -9.634093e-05, 1.497877e-05, -6.110951e-07, 1.076302e-06, -6.979896e-10
-4.000000e-02, -2.514686e-06, -1.919191e-06, 1.029700e-06, -8.883701e-06, -4.081107e-06, -3.686760e-07, -1.165579e-04, -6.612859e-05, 1.245314e-05, 1.113331e-05, 7.477876e-06, -8.189039e-07, 3.449220e-06, 3.138085e-07, -1.040342e-06, 2.010512e-04, 1.167706e-04, -2.160833e-05, 1.090986e-04, 6.325321e-05, -9.787752e-06, -1.894123e-04, -1.092044e-04, 1.697054e-05, -6.302707e-07, 1.243815e-06, -4.587316e-09
-3.900000e-02, -3.061785e-06, -2.301841e-06, 1.193145e-06, -9.634481e-06, -4.365832e-06, -4.835082e-07, -1.333583e-04, -7.564541e-05, 1.424397e-05, 1.240332e-05, 8.357953e-06, -8.951353e-07, 4.114510e-06, 4.587998e-07, -1.191123e-06, 2.296095e-04, 1.333413e-04, -2.466750e-05, 1.243014e-04, 7.205424e-05, -1.115436e-05, -2.155545e-04, -1.242844e-04, 1.931618e-05, -7.641728e-07, 1.367829e-06, -2.047967e-09
-3.800000e-02, -3.641760e-06, -2.713905e-06, 1.366264e-06, -1.055162e-05, -4.726031e-06, -5.977729e-07, -1.519316e-04, -8.618180e-05, 1.621985e-05, 1.388026e-05, 9.380912e-06, -9.776159e-07, 4.885322e-06, 6.315177e-07, -1.377023e-06, 2.619138e-04, 1.521185e-04, -2.812816e-05, 1.412544e-04, 8.186880e-05, -1.267367e-05, -2.451206e-04, -1.413389e-04, 2.196595e-05, -8.183693e-07, 1.563969e-06, -4.431196e-09
-3.700000e-02, -4.394196e-06, -3.234766e-06, 1.576185e-06, -1.141535e-05, -5.034203e-06, -7.477237e-07, -1.733321e-04, -9.830872e-05, 1.850000e-05, 1.547239e-05, 1.048804e-05, -1.070696e-06, 5.798697e-06, 8.541204e-07, -1.576742e-06, 2.983821e-04, 1.732868e-04, -3.203575e-05, 1.604571e-04, 9.298205e-05, -1.440081e-05, -2.782436e-04, -1.604457e-04, 2.494275e-05, -1.043456e-06, 1.684589e-06, 5.106934e-09
-3.600000e-02, -5.132928e-06, -3.760927e-06, 1.792361e-06, -1.265844e-05, -5.532861e-06, -8.795066e-07, -1.968518e-04, -1.116525e-04, 2.099912e-05, 1.742131e-05, 1.183342e-05, -1.183886e-06, 6.793137e-06, 1.076221e-06, -1.810565e-06, 3.393092e-04, 1.970760e-04, -3.641520e-05, 1.818494e-04, 1.053661e-04, -1.631508e-05, -3.155622e-04, -1.819725e-04, 2.828296e-05, -1.111561e-06, 1.930405e-06, 2.487199e-09
-3.540000e-02, -5.677314e-06, -4.140940e-06, 1.951375e-06, -1.343810e-05, -5.834475e-06, -9.857425e-07, -2.132964e-04, -1.209621e-04, 2.275021e-05, 1.870985e-05, 1.272264e-05, -1.266002e-06, 7.431706e-06, 1.206731e-06, -1.945784e-06, 3.669560e-04, 2.131033e-04, -3.937056e-05, 1.966347e-04, 1.139244e-04, -1.764447e-05, -3.408087e-04, -1.965365e-04, 3.054654e-05, -1.276538e-06, 2.024790e-06, 6.632537e-09
-3.118213e-02, -1.199094e-05, -8.454023e-06, 3.567122e-06, -1.840761e-05, -7.248663e-06, -2.279822e-06, -3.802089e-04, -2.156491e-04, 4.054325e-05, 3.007472e-05, 2.074245e-05, -1.836146e-06, 1.505941e-05, 3.262412e-06, -3.576869e-06, 6.549014e-04, 3.803484e-04, -7.025017e-05, 3.459721e-04, 2.003264e-04, -3.117871e-05, -5.999270e-04, -3.460334e-04, 5.401487e-05, -1.930314e-06, 3.436310e-06, -2.876333e-09
-2.745383e-02, -2.224782e-05, -1.537802e-05, 6.077318e-06, -2.408862e-05, -8.339476e-06, -4.441459e-06, -6.386955e-04, -3.623107e-04, 6.814162e-05, 4.618480e-05, 3.222977e-05, -2.577020e-06, 2.724520e-05, 6.767583e-06, -6.066557e-06, 1.099477e-03, 6.384759e-04, -1.179857e-04, 5.757088e-04, 3.332253e-04, -5.214941e-05, -9.977779e-04, -5.755823e-04, 9.030443e-05, -3.120369e-06, 5.329211e-06, 5.894392e-10
-2.415937e-02, -3.945047e-05, -2.684591e-05, 1.005074e-05, -2.854890e-05, -7.587908e-06, -8.228662e-06, -1.046420e-03, -5.938042e-04, 1.117479e-04, 6.869552e-05, 4.857520e-05, -3.380646e-06, 4.719189e-05, 1.290509e-05, -1.008779e-05, 1.803657e-03, 1.047435e-03, -1.937335e-04, 9.369662e-04, 5.421662e-04, -8.538985e-05, -1.625111e-03, -9.375586e-04, 1.479940e-04, -4.477373e-06, 8.314331e-06, -1.514096e-08
-2.124926e-02, -6.770540e-05, -4.559413e-05, 1.641539e-05, -3.421208e-05, -5.547127e-06, -1.433987e-05, -1.701668e-03, -9.657923e-04, 1.818627e-04, 1.035367e-04, 7.399892e-05, -4.628331e-06, 8.027688e-05, 2.343019e-05, -1.643269e-05, 2.932293e-03, 1.702644e-03, -3.151694e-04, 1.514191e-03, 8.759497e-04, -1.387041e-04, -2.624903e-03, -1.514494e-03, 2.402758e-04, -6.281229e-06, 1.296548e-05, -8.883836e-08
-1.867959e-02, -1.137323e-04, -7.584902e-05, 2.643084e-05, -3.520958e-05, 1.898988e-06, -2.445946e-05, -2.721338e-03, -1.544728e-03, 2.911314e-04, 1.520151e-04, 1.099549e-04, -6.091730e-06, 1.335012e-04, 4.120913e-05, -2.622071e-05, 4.680740e-03, 2.717281e-03, -5.034970e-04, 2.404736e-03, 1.390806e-03, -2.214257e-04, -4.163652e-03, -2.402499e-03, 3.831261e-04, -1.143092e-05, 1.816193e-05, 3.487814e-08
-1.641135e-02, -1.889114e-04, -1.248983e-04, 4.223472e-05, -2.028639e-05, 2.268856e-05, -4.187876e-05, -4.341725e-03, -2.465439e-03, 4.651205e-04, 2.159810e-04, 1.590569e-04, -6.864864e-06, 2.201249e-04, 7.151875e-05, -4.214228e-05, 7.473292e-03, 4.338245e-03, -8.049505e-04, 3.818105e-03, 2.207790e-03, -3.538774e-04, -6.613569e-03, -3.816411e-03, 6.126498e-04, -1.728399e-05, 2.653501e-05, 1.416743e-07
-1.440997e-02, -3.018793e-04, -1.986726e-04, 6.585347e-05, -1.067184e-06, 5.226389e-05, -6.768136e-05, -6.788575e-03, -3.855972e-03, 7.278072e-04, 3.160288e-04, 2.353474e-04, -8.301441e-06, 3.495765e-04, 1.164128e-04, -6.595669e-05, 1.169432e-02, 6.788484e-03, -1.260580e-03, 5.953237e-03, 3.441996e-03, -5.540725e-04, -1.031767e-02, -5.954066e-03, 9.598631e-04, -2.549304e-05, 3.929926e-05, 2.410885e-07
-1.264475e-02, -4.784500e-04, -3.134300e-04, 1.019788e-04, 4.020222e-05, 1.037642e-04, -1.076650e-04, -1.050311e-02, -5.967052e-03, 1.126874e-03, 4.628693e-04, 3.479327e-04, -1.009330e-05, 5.497813e-04, 1.871948e-04, -1.023489e-04, 1.810865e-02, 1.051198e-02, -1.953390e-03, 9.184422e-03, 5.309595e-03, -8.577890e-04, -1.592341e-02, -9.189360e-03, 1.486545e-03, -3.249695e-05, 6.106567e-05, -1.137988e-07
-1.108847e-02, -7.603141e-04, -4.958866e-04, 1.587852e-04, 1.312369e-04, 1.989747e-04, -1.726376e-04, -1.635553e-02, -9.293573e-03, 1.756313e-03, 6.712871e-04, 5.109589e-04, -1.089392e-05, 8.679085e-04, 3.018071e-04, -1.588123e-04, 2.819052e-02, 1.636272e-02, -3.043222e-03, 1.426489e-02, 8.245746e-03, -1.337706e-03, -2.472264e-02, -1.426795e-02, 2.317324e-03, -4.596543e-05, 9.083313e-05, -4.446233e-07
-9.717000e-03, -1.193060e-03, -7.740053e-04, 2.450711e-04, 3.608107e-04, 3.922762e-04, -2.798486e-04, -2.520978e-02, -1.432818e-02, 2.711005e-03, 8.980836e-04, 7.024792e-04, -2.592804e-06, 1.363385e-03, 4.895149e-04, -2.461790e-04, 4.344321e-02, 2.521395e-02, -4.696250e-03, 2.191844e-02, 1.266853e-02, -2.066329e-03, -3.798571e-02, -2.192319e-02, 3.579958e-03, -8.154923e-05, 1.224643e-04, 1.109107e-06
-8.508941e-03, -1.872214e-03, -1.211479e-03, 3.786562e-04, 6.667581e-04, 6.665815e-04, -4.404272e-04, -3.909479e-02, -2.222428e-02, 4.206570e-03, 1.321569e-03, 1.045139e-03, 3.389513e-06, 2.123327e-03, 7.700310e-04, -3.801821e-04, 6.740744e-02, 3.912153e-02, -7.290602e-03, 3.395685e-02, 1.962503e-02, -3.211439e-03, -5.886246e-02, -3.397282e-02, 5.564935e-03, -1.049098e-04, 1.893494e-04, 7.774646e-08
-7.445323e-03, -2.877208e-03, -1.859192e-03, 5.760745e-04, 1.072031e-03, 1.046019e-03, -6.719049e-04, -5.950577e-02, -3.383001e-02, 6.404056e-03, 1.995875e-03, 1.580542e-03, 6.192919e-06, 3.246793e-03, 1.183539e-03, -5.776598e-04, 1.026293e-01, 5.956308e-02, -1.110251e-02, 5.160514e-02, 2.982301e-02, -4.886316e-03, -8.947184e-02, -5.163952e-02, 8.468869e-03, -1.471120e-04, 2.867995e-04, -1.046742e-06
-6.509340e-03, -4.423911e-03, -2.852923e-03, 8.787691e-04, 1.822026e-03, 1.697422e-03, -1.040698e-03, -9.096106e-02, -5.171825e-02, 9.794649e-03, 2.884173e-03, 2.311382e-03, 2.654372e-05, 5.004748e-03, 1.845492e-03, -8.820755e-04, 1.568364e-01, 9.101738e-02, -1.697498e-02, 7.882521e-02, 4.555236e-02, -7.481277e-03, -1.366336e-01, -7.886083e-02, 1.296422e-02, -2.401246e-04, 4.093032e-04, 1.104698e-06
-5.686100e-03, -6.835013e-03, -4.397486e-03, 1.345287e-03, 3.229673e-03, 2.837619e-03, -1.630528e-03, -1.396114e-01, -7.939353e-02, 1.504500e-02, 4.074074e-03, 3.327375e-03, 7.791236e-05, 7.688279e-03, 2.864604e-03, -1.350972e-03, 2.407361e-01, 1.397041e-01, -2.607464e-02, 1.208454e-01, 6.983133e-02, -1.150580e-02, -2.095061e-01, -1.209225e-01, 1.994160e-02, -3.791518e-04, 5.837810e-04, 4.721851e-06
-4.962414e-03, -1.049626e-02, -6.739225e-03, 2.049691e-03, 5.441911e-03, 4.605162e-03, -2.524820e-03, -2.129293e-01, -1.211024e-01, 2.296080e-02, 5.773234e-03, 4.799044e-03, 1.614036e-04, 1.181206e-02, 4.451141e-03, -2.061668e-03, 3.671629e-01, 2.130633e-01, -3.979208e-02, 1.840359e-01, 1.063413e-01, -1.756532e-02, -3.190422e-01, -1.841485e-01, 3.044409e-02, -5.812889e-04, 8.409511e-04, 1.068353e-05
-4.326605e-03, -1.605751e-02, -1.029663e-02, 3.118005e-03, 8.642422e-03, 7.201268e-03, -3.863969e-03, -3.239030e-01, -1.842218e-01, 3.493857e-02, 8.545559e-03, 7.148346e-03, 2.611034e-04, 1.798528e-02, 6.804268e-03, -3.116485e-03, 5.582662e-01, 3.239331e-01, -6.051893e-02, 2.796856e-01, 1.616046e-01, -2.673296e-02, -4.846496e-01, -2.797380e-01, 4.631072e-02, -8.071668e-04, 1.277499e-03, 6.238796e-06
-3.768333e-03, -2.423139e-02, -1.553039e-02, 4.692906e-03, 1.343078e-02, 1.107729e-02, -5.862083e-03, -4.894996e-01, -2.784394e-01, 5.281380e-02, 1.245251e-02, 1.051641e-02, 4.547979e-04, 2.730633e-02, 1.039035e-02, -4.730855e-03, 8.443493e-01, 4.899565e-01, -9.155964e-02, 4.226623e-01, 2.442169e-01, -4.044217e-02, -7.328161e-01, -4.229799e-01, 7.010737e-02, -1.252539e-03, 1.867629e-03, 2.172124e-05
-3.278450e-03, -3.707813e-02, -2.371836e-02, 7.153974e-03, 2.239765e-02, 1.791989e-02, -9.110064e-03, -7.475488e-01, -4.252499e-01, 8.071636e-02, 1.719774e-02, 1.491481e-02, 8.534463e-04, 4.164807e-02, 1.597076e-02, -7.158156e-03, 1.288365e+00, 7.474959e-01, -1.397936e-01, 6.448418e-01, 3.725804e-01, -6.188005e-02, -1.117070e+00, -6.447836e-01, 1.071707e-01, -1.643815e-03, 2.821055e-03, 3.289440e-06
-2.848860e-03, -5.626552e-02, -3.597181e-02, 1.080668e-02, 3.384206e-02, 2.706725e-02, -1.373325e-02, -1.127007e+00, -6.410859e-01, 1.216845e-01, 2.647724e-02, 2.281980e-02, 1.227234e-03, 6.279830e-02, 2.407629e-02, -1.075497e-02, 1.942287e+00, 1.126865e+00, -2.107421e-01, 9.724808e-01, 5.618737e-01, -9.333939e-02, -1.684464e+00, -9.722805e-01, 1.616224e-01, -1.954265e-03, 4.528817e-03, -6.400771e-05
-2.472404e-03, -8.497333e-02, -5.425800e-02, 1.623467e-02, 5.337153e-02, 4.202814e-02, -2.078816e-02, -1.692280e+00, -9.627239e-01, 1.827829e-01, 3.750297e-02, 3.285541e-02, 2.044112e-03, 9.513969e-02, 3.677782e-02, -1.620433e-02, 2.915442e+00, 1.691419e+00, -3.164287e-01, 1.457374e+00, 8.420020e-01, -1.400471e-01, -2.524060e+00, -1.456935e+00, 2.424963e-01, -3.889133e-03, 6.012054e-03, 2.800450e-05
-2.142750e-03, -1.269464e-01, -8.101242e-02, 2.419910e-02, 8.210788e-02, 6.404617e-02, -3.125798e-02, -2.530607e+00, -1.439772e+00, 2.734206e-01, 5.436845e-02, 4.805558e-02, 3.276639e-03, 1.412368e-01, 5.458527e-02, -2.414700e-02, 4.361894e+00, 2.530642e+00, -4.735561e-01, 2.180381e+00, 1.259724e+00, -2.097977e-01, -3.777199e+00, -2.180273e+00, 3.633247e-01, -4.589082e-03, 9.476785e-03, -6.877917e-05
-1.854303e-03, -1.883275e-01, -1.201590e-01, 3.583111e-02, 1.219113e-01, 9.505399e-02, -4.624832e-02, -3.751918e+00, -2.134667e+00, 4.053849e-01, 7.931142e-02, 7.043012e-02, 4.950645e-03, 2.114774e-01, 8.219658e-02, -3.593443e-02, 6.466100e+00, 3.751416e+00, -7.020624e-01, 3.230434e+00, 1.866352e+00, -3.109234e-01, -5.596695e+00, -3.230534e+00, 5.385945e-01, -9.322216e-03, 1.240781e-02, 1.854674e-04
-1.602117e-03, -2.752913e-01, -1.755261e-01, 5.233155e-02, 1.834985e-01, 1.417239e-01, -6.811189e-02, -5.483165e+00, -3.119762e+00, 5.926387e-01, 1.119107e-01, 1.004045e-01, 7.658633e-03, 3.071625e-01, 1.194298e-01, -5.228932e-02, 9.451043e+00, 5.483075e+00, -1.026455e+00, 4.720963e+00, 2.727488e+00, -4.548741e-01, -8.178577e+00, -4.720843e+00, 7.878249e-01, -1.073727e-02, 1.948155e-02, -4.646243e-05
-1.381826e-03, -3.994259e-01, -2.544522e-01, 7.573739e-02, 2.763822e-01, 2.109966e-01, -9.961835e-02, -7.945063e+00, -4.520847e+00, 8.589914e-01, 1.517172e-01, 1.389856e-01, 1.220745e-02, 4.466022e-01, 1.746333e-01, -7.580330e-02, 1.369552e+01, 7.945343e+00, -1.487897e+00, 6.841265e+00, 3.952408e+00, -6.600371e-01, -1.185195e+01, -6.841226e+00, 1.143248e+00, -1.573529e-02, 2.718354e-02, 5.984129e-06
-1.189572e-03, -5.667694e-01, -3.612516e-01, 1.070102e-01, 3.820222e-01, 2.938828e-01, -1.396126e-01, -1.125706e+01, -6.405948e+00, 1.216768e+00, 2.268542e-01, 2.044184e-01, 1.624827e-02, 6.341375e-01, 2.474958e-01, -1.078852e-01, 1.942507e+01, 1.127057e+01, -2.109994e+00, 9.694319e+00, 5.600622e+00, -9.348413e-01, -1.680939e+01, -9.702789e+00, 1.620744e+00, -2.345635e-02, 3.790105e-02, 3.062895e-04
-1.021951e-03, -7.792033e-01, -4.963080e-01, 1.475027e-01, 5.285599e-01, 4.056416e-01, -1.926625e-01, -1.548133e+01, -8.808464e+00, 1.673746e+00, 3.059239e-01, 2.769309e-01, 2.208466e-02, 8.684018e-01, 3.386883e-01, -1.464002e-01, 2.665945e+01, 1.546456e+01, -2.895833e+00, 1.332049e+01, 7.695627e+00, -1.285159e+00, -2.305493e+01, -1.330806e+01, 2.223616e+00, -2.516230e-02, 5.553644e-02, -7.341774e-04
-8.759577e-04, -1.044205e+00, -6.648797e-01, 1.970754e-01, 7.224762e-01, 5.509247e-01, -2.587306e-01, -2.069789e+01, -1.177749e+01, 2.237995e+00, 4.004252e-01, 3.650307e-01, 3.071458e-02, 1.159895e+00, 4.530818e-01, -1.960481e-01, 3.566591e+01, 2.069020e+01, -3.874869e+00, 1.780745e+01, 1.028763e+01, -1.719130e+00, -3.084035e+01, -1.780192e+01, 2.976457e+00, -3.559654e-02, 7.211790e-02, -6.592313e-04
-7.489439e-04, -1.336461e+00, -8.512831e-01, 2.518625e-01, 9.180891e-01, 7.018051e-01, -3.301795e-01, -2.651506e+01, -1.508895e+01, 2.866768e+00, 5.201768e-01, 4.723641e-01, 3.939261e-02, 1.488878e+00, 5.817309e-01, -2.527309e-01, 4.573461e+01, 2.653409e+01, -4.968858e+00, 2.281593e+01, 1.318112e+01, -2.202160e+00, -3.954931e+01, -2.282886e+01, 3.816531e+00, -5.344646e-02, 8.825140e-02, 4.094735e-04
-6.385732e-04, -1.655120e+00, -1.053283e+00, 3.113875e-01, 1.159118e+00, 8.800403e-01, -4.098191e-01, -3.269961e+01, -1.860745e+01, 3.536123e+00, 6.218002e-01, 5.699204e-01, 4.941643e-02, 1.837650e+00, 7.194273e-01, -3.098283e-01, 5.636057e+01, 3.269502e+01, -6.123719e+00, 2.812121e+01, 1.624582e+01, -2.716109e+00, -4.869991e+01, -2.811135e+01, 4.702197e+00, -4.263599e-02, 1.197533e-01, -2.283198e-03
-5.427872e-04, -1.941243e+00, -1.234693e+00, 3.647292e-01, 1.410882e+00, 1.059868e+00, -4.853838e-01, -3.838489e+01, -2.184504e+01, 4.152264e+00, 6.753348e-01, 6.352968e-01, 6.495140e-02, 2.165220e+00, 8.533210e-01, -3.663147e-01, 6.617753e+01, 3.839302e+01, -7.193437e+00, 3.300338e+01, 1.906596e+01, -3.191110e+00, -5.719978e+01, -3.301746e+01, 5.530061e+00, -9.572585e-02, 1.119836e-01, 2.729230e-03
-4.597727e-04, -2.156748e+00, -1.371411e+00, 4.055259e-01, 1.571187e+00, 1.179078e+00, -5.400468e-01, -4.259641e+01, -2.424046e+01, 4.608063e+00, 7.472955e-01, 7.034210e-01, 7.123150e-02, 2.398854e+00, 9.445174e-01, -4.042505e-01, 7.341594e+01, 4.258818e+01, -7.979872e+00, 3.661979e+01, 2.115523e+01, -3.541070e+00, -6.342279e+01, -3.660985e+01, 6.131215e+00, -6.432779e-02, 1.475719e-01, -1.896774e-03
-3.879332e-04, -2.274845e+00, -1.447929e+00, 4.276191e-01, 1.593684e+00, 1.210510e+00, -5.633896e-01, -4.508965e+01, -2.565983e+01, 4.876223e+00, 8.486037e-01, 7.804898e-01, 7.013633e-02, 2.540464e+00, 9.968704e-01, -4.291518e-01, 7.774789e+01, 4.510521e+01, -8.448616e+00, 3.877503e+01, 2.240053e+01, -3.745938e+00, -6.719307e+01, -3.878611e+01, 6.490237e+00, -9.201167e-02, 1.452551e-01, 1.015031e-03
-3.258639e-04, -2.295975e+00, -1.460663e+00, 4.308452e-01, 1.642340e+00, 1.239378e+00, -5.710400e-01, -4.540998e+01, -2.584354e+01, 4.911516e+00, 8.252774e-01, 7.679813e-01, 7.486395e-02, 2.565110e+00, 1.010041e+00, -4.345374e-01, 7.832904e+01, 4.544526e+01, -8.513371e+00, 3.904768e+01, 2.255783e+01, -3.773693e+00, -6.769840e+01, -3.907771e+01, 6.541967e+00, -1.102307e-01, 1.356787e-01, 3.250908e-03
-2.723291e-04, -2.216674e+00, -1.409873e+00, 4.172437e-01, 1.567181e+00, 1.186471e+00, -5.511277e-01, -4.387713e+01, -2.496644e+01, 4.745770e+00, 8.087111e-01, 7.479943e-01, 6.847529e-02, 2.467087e+00, 9.686504e-01, -4.136967e-01, 7.555393e+01, 4.382566e+01, -8.210442e+00, 3.772451e+01, 2.179354e+01, -3.645791e+00, -6.529209e+01, -3.768904e+01, 6.308221e+00, -7.324814e-02, 1.497258e-01, -1.725729e-03
-2.262427e-04, -2.052390e+00, -1.304727e+00, 3.849509e-01, 1.517027e+00, 1.133766e+00, -5.151754e-01, -4.054250e+01, -2.307380e+01, 4.386319e+00, 6.912010e-01, 6.572127e-01, 7.114063e-02, 2.288022e+00, 9.036438e-01, -3.868561e-01, 6.993113e+01, 4.057085e+01, -7.602625e+00, 3.484628e+01, 2.013034e+01, -3.370675e+00, -6.040115e+01, -3.486563e+01, 5.841824e+00, -8.247430e-02, 1.274942e-01, 1.077889e-03
-1.866502e-04, -1.854128e+00, -1.178616e+00, 3.472287e-01, 1.351464e+00, 1.013386e+00, -4.619933e-01, -3.654135e+01, -2.079486e+01, 3.953088e+00, 6.461401e-01, 6.063279e-01, 6.022235e-02, 2.054247e+00, 8.085753e-01, -3.453669e-01, 6.296701e+01, 3.652672e+01, -6.844140e+00, 3.139295e+01, 1.813502e+01, -3.036363e+00, -5.436876e+01, -3.138380e+01, 5.257133e+00, -6.093503e-02, 1.215781e-01, -1.056550e-03
-1.527138e-04, -1.589506e+00, -1.010461e+00, 2.981960e-01, 1.176402e+00, 8.790262e-01, -3.992371e-01, -3.144599e+01, -1.789659e+01, 3.402279e+00, 5.322466e-01, 5.072310e-01, 5.546772e-02, 1.772735e+00, 7.001522e-01, -2.996073e-01, 5.422266e+01, 3.145704e+01, -5.894909e+00, 2.701111e+01, 1.560394e+01, -2.612715e+00, -4.681265e+01, -2.702200e+01, 4.527481e+00, -7.016577e-02, 9.523512e-02, 1.473259e-03
-1.236982e-04, -1.348040e+00, -8.572715e-01, 2.526762e-01, 9.821883e-01, 7.374718e-01, -3.372095e-01, -2.671621e+01, -1.520467e+01, 2.890074e+00, 4.693070e-01, 4.416379e-01, 4.553016e-02, 1.499559e+00, 5.900145e-01, -2.533975e-01, 4.607181e+01, 2.672836e+01, -5.007833e+00, 2.296738e+01, 1.326798e+01, -2.221001e+00, -3.980360e+01, -2.297615e+01, 3.848344e+00, -5.175183e-02, 8.545749e-02, 3.993353e-04
-9.895854e-05, -1.109985e+00, -7.054844e-01, 2.079072e-01, 8.246375e-01, 6.154302e-01, -2.788212e-01, -2.193626e+01, -1.248413e+01, 2.373278e+00, 3.709675e-01, 3.536387e-01, 3.864430e-02, 1.233198e+00, 4.864803e-01, -2.079995e-01, 3.782286e+01, 2.194216e+01, -4.111675e+00, 1.884282e+01, 1.088499e+01, -1.822526e+00, -3.264947e+01, -1.884663e+01, 3.157325e+00, -4.030998e-02, 7.096322e-02, 6.633510e-06
-7.792985e-05, -8.935396e-01, -5.677074e-01, 1.673477e-01, 6.719486e-01, 4.997936e-01, -2.252911e-01, -1.766920e+01, -1.005536e+01, 1.911814e+00, 2.883845e-01, 2.782707e-01, 3.193216e-02, 9.939309e-01, 3.928660e-01, -1.669096e-01, 3.045025e+01, 1.766393e+01, -3.310426e+00, 1.517201e+01, 8.764299e+00, -1.468021e+00, -2.627671e+01, -1.516812e+01, 2.541975e+00, -3.057163e-02, 5.754266e-02, -3.171671e-04
-6.011731e-05, -6.923665e-01, -4.399754e-01, 1.299019e-01, 5.162614e-01, 3.850779e-01, -1.747295e-01, -1.372209e+01, -7.808635e+00, 1.484583e+00, 2.278245e-01, 2.184647e-01, 2.443068e-02, 7.687085e-01, 3.029736e-01, -1.289933e-01, 2.363878e+01, 1.371211e+01, -2.569513e+00, 1.178353e+01, 6.806953e+00, -1.139452e+00, -2.039966e+01, -1.177567e+01, 1.972082e+00, -2.055029e-02, 4.710951e-02, -6.877830e-04
-4.508798e-05, -5.225246e-01, -3.317931e-01, 9.762624e-02, 4.070324e-01, 2.998449e-01, -1.330659e-01, -1.032385e+01, -5.875634e+00, 1.117180e+00, 1.553927e-01, 1.546097e-01, 2.048145e-02, 5.818474e-01, 2.309948e-01, -9.806261e-02, 1.780335e+01, 1.032849e+01, -1.935865e+00, 8.855730e+00, 5.115391e+00, -8.567674e-01, -1.534796e+01, -8.859660e+00, 1.484720e+00, -2.204996e-02, 3.121848e-02, 4.070175e-04
-3.246335e-05, -3.744858e-01, -2.377919e-01, 7.008451e-02, 2.957696e-01, 2.173465e-01, -9.629098e-02, -7.447255e+00, -4.238357e+00, 8.059176e-01, 1.070116e-01, 1.083699e-01, 1.536868e-02, 4.169124e-01, 1.653267e-01, -7.016163e-02, 1.284111e+01, 7.449322e+00, -1.396288e+00, 6.389771e+00, 3.690897e+00, -6.182006e-01, -1.107025e+01, -6.390400e+00, 1.070867e+00, -1.235590e-02, 2.442681e-02, -1.234132e-04
-2.191276e-05, -2.487496e-01, -1.579353e-01, 4.650029e-02, 1.974024e-01, 1.449163e-01, -6.412002e-02, -4.947548e+00, -2.815505e+00, 5.352811e-01, 7.040776e-02, 7.159856e-02, 1.037367e-02, 2.761577e-01, 1.093685e-01, -4.640033e-02, 8.527982e+00, 4.947195e+00, -9.270628e-01, 4.237744e+00, 2.447682e+00, -4.093745e-01, -7.340131e+00, -4.237248e+00, 7.089521e-01, -8.507461e-03, 1.644029e-02, -8.777538e-05
-1.314766e-05, -1.445590e-01, -9.163112e-02, 2.694864e-02, 1.267497e-01, 9.082098e-02, -3.864082e-02, -2.896776e+00, -1.648593e+00, 3.135466e-01, 2.872662e-02, 3.422545e-02, 7.594847e-03, 1.610203e-01, 6.443008e-02, -2.708952e-02, 4.994045e+00, 2.897241e+00, -5.431558e-01, 2.473938e+00, 1.428717e+00, -2.390524e-01, -4.286479e+00, -2.474587e+00, 4.141909e-01, -6.545178e-03, 8.522484e-03, 1.571323e-04
-5.916445e-06, -5.821174e-02, -3.677745e-02, 1.076889e-02, 6.175943e-02, 4.252684e-02, -1.690008e-02, -1.193794e+00, -6.793414e-01, 1.292385e-01, 1.010000e-03, 7.452945e-03, 4.485320e-03, 6.457631e-02, 2.618241e-02, -1.081024e-02, 2.058040e+00, 1.193967e+00, -2.238767e-01, 1.010335e+00, 5.831931e-01, -9.730554e-02, -1.750150e+00, -1.010526e+00, 1.685793e-01, -2.528480e-03, 3.625470e-03, 4.354738e-05
0.000000e+00, 1.308835e-02, 8.545089e-03, -2.575515e-03, 9.562872e-03, 3.426151e-03, 8.797872e-04, 2.140676e-01, 1.219229e-01, -2.309007e-02, -2.334731e-02, -1.557385e-02, 2.091721e-03, -1.499853e-02, -5.252110e-03, 2.577587e-03, -3.690112e-01, -2.140116e-01, 3.998224e-02, -1.996918e-01, -1.158301e-01, 1.982748e-02, 3.463945e-01, 1.996805e-01, -3.434122e-02, 4.429423e-04, -6.149529e-04, -7.170049e-06
5.916445e-06, 8.590507e-02, 5.476667e-02, -1.614572e-02, -4.643667e-02, -3.790906e-02, 1.920909e-02, 1.643353e+00, 9.354156e-01, -1.777979e-01, -4.556650e-02, -3.739648e-02, -5.792359e-04, -9.616535e-02, -3.754173e-02, 1.615801e-02, -2.832707e+00, -1.643164e+00, 3.079287e-01, -1.428872e+00, -8.258909e-01, 1.390562e-01, 2.475686e+00, 1.428798e+00, -2.408517e-01, 3.122179e-03, -4.872085e-03, -2.302776e-05
1.314766e-05, 1.730822e-01, 1.101759e-01, -3.244475e-02, -1.112749e-01, -8.627247e-02, 4.103606e-02, 3.363861e+00, 1.914675e+00, -3.639641e-01, -7.442934e-02, -6.498823e-02, -3.610125e-03, -1.935337e-01, -7.609346e-02, 3.254353e-02, -5.800731e+00, -3.365021e+00, 6.306550e-01, -2.908028e+00, -1.680369e+00, 2.823028e-01, 5.039849e+00, 2.908905e+00, -4.891528e-01, 6.615869e-03, -1.007058e-02, -6.575588e-05
2.191276e-05, 2.765188e-01, 1.759407e-01, -5.185821e-02, -1.874123e-01, -1.432683e-01, 6.703420e-02, 5.413550e+00, 3.081302e+00, -5.857307e-01, -1.093067e-01, -9.817547e-02, -7.279837e-03, -3.094979e-01, -1.219497e-01, 5.220184e-02, -9.337676e+00, -5.417094e+00, 1.015194e+00, -4.671535e+00, -2.699175e+00, 4.529266e-01, 8.097858e+00, 4.674089e+00, -7.850031e-01, 1.145288e-02, -1.610340e-02, -2.273053e-04
3.246335e-05, 4.007137e-01, 2.549987e-01, -7.519780e-02, -2.701443e-01, -2.069617e-01, 9.728796e-02, 7.869842e+00, 4.478899e+00, -8.513312e-01, -1.606087e-01, -1.437563e-01, -1.044785e-02, -4.462779e-01, -1.751197e-01, 7.523097e-02, -1.356750e+01, -7.870722e+00, 1.474686e+00, -6.783780e+00, -3.919452e+00, 6.568892e-01, 1.175379e+01, 6.784421e+00, -1.137852e+00, 1.449451e-02, -2.525689e-02, -8.098856e-06
4.508798e-05, 5.539690e-01, 3.521910e-01, -1.037243e-01, -3.921159e-01, -2.960812e-01, 1.362272e-01, 1.087316e+01, 6.188247e+00, -1.176568e+00, -2.063840e-01, -1.889811e-01, -1.601723e-02, -6.115876e-01, -2.401835e-01, 1.029925e-01, -1.874251e+01, -1.087223e+01, 2.037636e+00, -9.366628e+00, -5.411475e+00, 9.078295e-01, 1.622392e+01, 9.364761e+00, -1.571868e+00, 1.375604e-02, -3.754665e-02, 7.192155e-04
6.011731e-05, 7.273749e-01, 4.623940e-01, -1.360741e-01, -5.182414e-01, -3.907030e-01, 1.792384e-01, 1.428769e+01, 8.131653e+00, -1.545954e+00, -2.652539e-01, -2.447355e-01, -2.193557e-02, -8.071804e-01, -3.178372e-01, 1.358027e-01, -2.462874e+01, -1.428711e+01, 2.677458e+00, -1.230148e+01, -7.106927e+00, 1.191799e+00, 2.131006e+01, 1.230074e+01, -2.063990e+00, 2.382446e-02, -4.617638e-02, 2.238774e-04
7.792985e-05, 9.234873e-01, 5.869513e-01, -1.732731e-01, -6.565474e-01, -4.953791e-01, 2.283520e-01, 1.817531e+01, 1.034286e+01, -1.966647e+00, -3.362893e-01, -3.103621e-01, -2.753367e-02, -1.023221e+00, -4.023157e-01, 1.712924e-01, -3.130334e+01, -1.815691e+01, 3.402852e+00, -1.564463e+01, -9.038374e+00, 1.515301e+00, 2.707413e+01, 1.562804e+01, -2.621304e+00, 1.830492e-02, -6.618778e-02, 1.894598e-03
9.895854e-05, 1.150266e+00, 7.310089e-01, -2.153122e-01, -8.325473e-01, -6.250385e-01, 2.852596e-01, 2.263595e+01, 1.288246e+01, -2.449455e+00, -4.046021e-01, -3.779438e-01, -3.629573e-02, -1.277108e+00, -5.035761e-01, 2.142976e-01, -3.900224e+01, -2.262409e+01, 4.240301e+00, -1.947488e+01, -1.125091e+01, 1.886805e+00, 3.372436e+01, 1.946677e+01, -3.266446e+00, 3.726439e-02, -7.316228e-02, 5.453009e-04
1.236982e-04, 1.380242e+00, 8.778354e-01, -2.586261e-01, -9.700293e-01, -7.348188e-01, 3.401304e-01, 2.720046e+01, 1.547987e+01, -2.942421e+00, -5.153664e-01, -4.724658e-01, -4.118786e-02, -1.534048e+00, -6.028508e-01, 2.582606e-01, -4.689342e+01, -2.720348e+01, 5.096919e+00, -2.340577e+01, -1.352198e+01, 2.264688e+00, 4.054910e+01, 2.340603e+01, -3.922397e+00, 4.425877e-02, -9.115916e-02, 7.033300e-04
1.527138e-04, 1.641996e+00, 1.043637e+00, -3.071779e-01, -1.189500e+00, -8.930962e-01, 4.073521e-01, 3.234493e+01, 1.840845e+01, -3.499798e+00, -5.759669e-01, -5.388994e-01, -5.249506e-02, -1.826783e+00, -7.205871e-01, 3.068652e-01, -5.575537e+01, -3.234339e+01, 6.061405e+00, -2.781542e+01, -1.606916e+01, 2.693847e+00, 4.818071e+01, 2.781161e+01, -4.665014e+00, 5.150699e-02, -1.060660e-01, 7.669238e-04
1.866502e-04, 1.888423e+00, 1.199948e+00, -3.531469e-01, -1.392772e+00, -1.040393e+00, 4.711218e-01, 3.720992e+01, 2.117808e+01, -4.026850e+00, -6.434765e-01, -6.081653e-01, -6.297699e-02, -2.093891e+00, -8.262770e-01, 3.528737e-01, -6.415116e+01, -3.721463e+01, 6.975298e+00, -3.199892e+01, -1.848590e+01, 3.100339e+00, 5.544074e+01, 3.200222e+01, -5.370165e+00, 6.349782e-02, -1.189563e-01, 3.566439e-04
2.262427e-04, 2.103263e+00, 1.336779e+00, -3.939824e-01, -1.554584e+00, -1.161553e+00, 5.265994e-01, 4.161870e+01, 2.368772e+01, -4.504083e+00, -7.093780e-01, -6.737357e-01, -7.143137e-02, -2.338927e+00, -9.231065e-01, 3.940522e-01, -7.176400e+01, -4.163064e+01, 7.803551e+00, -3.579423e+01, -2.067851e+01, 3.468685e+00, 6.201987e+01, 3.579974e+01, -6.008820e+00, 6.933500e-02, -1.334028e-01, 5.858003e-04
2.723291e-04, 2.305291e+00, 1.463574e+00, -4.300356e-01, -1.753983e+00, -1.298347e+00, 5.787462e-01, 4.534483e+01, 2.580877e+01, -4.908486e+00, -7.296332e-01, -7.070388e-01, -8.161249e-02, -2.556145e+00, -1.013056e+00, 4.287298e-01, -7.815227e+01, -4.533405e+01, 8.499565e+00, -3.898132e+01, -2.251890e+01, 3.781194e+00, 6.751584e+01, 3.897289e+01, -6.547380e+00, 7.180431e-02, -1.428389e-01, 1.016637e-03
3.258639e-04, 2.404523e+00, 1.527043e+00, -4.479283e-01, -1.792970e+00, -1.334552e+00, 5.989826e-01, 4.727438e+01, 2.690655e+01, -5.116470e+00, -7.955689e-01, -7.587774e-01, -8.124395e-02, -2.669222e+00, -1.056283e+00, 4.467682e-01, -8.148084e+01, -4.726519e+01, 8.860072e+00, -4.064784e+01, -2.348151e+01, 3.941163e+00, 7.040264e+01, 4.063942e+01, -6.824469e+00, 7.447093e-02, -1.496810e-01, 1.056896e-03
3.879332e-04, 2.378424e+00, 1.509972e+00, -4.434136e-01, -1.792535e+00, -1.330114e+00, 5.951015e-01, 4.674784e+01, 2.660636e+01, -5.059923e+00, -7.663629e-01, -7.375248e-01, -8.252968e-02, -2.640967e+00, -1.046813e+00, 4.418109e-01, -8.056244e+01, -4.673161e+01, 8.760960e+00, -4.018671e+01, -2.321519e+01, 3.897012e+00, 6.959409e+01, 4.017265e+01, -6.747081e+00, 7.165348e-02, -1.494053e-01, 1.404145e-03
4.597727e-04, 2.238445e+00, 1.421449e+00, -4.176379e-01, -1.669864e+00, -1.242826e+00, 5.593368e-01, 4.406269e+01, 2.507816e+01, -4.769086e+00, -7.429616e-01, -7.079211e-01, -7.646745e-02, -2.480584e+00, -9.807502e-01, 4.166187e-01, -7.595397e+01, -4.406020e+01, 8.259417e+00, -3.789262e+01, -2.189041e+01, 3.673244e+00, 6.563312e+01, 3.788611e+01, -6.360506e+00, 6.344569e-02, -1.454276e-01, 1.649838e-03
5.427872e-04, 2.007562e+00, 1.275310e+00, -3.750055e-01, -1.487770e+00, -1.109976e+00, 5.013120e-01, 3.961409e+01, 2.254628e+01, -4.287337e+00, -6.707494e-01, -6.381757e-01, -6.794411e-02, -2.231841e+00, -8.823777e-01, 3.739621e-01, -6.827251e+01, -3.960305e+01, 7.423885e+00, -3.405018e+01, -1.967054e+01, 3.300258e+00, 5.897412e+01, 3.404201e+01, -5.714674e+00, 6.611707e-02, -1.251035e-01, 6.849805e-04
6.385732e-04, 1.748464e+00, 1.109019e+00, -3.251463e-01, -1.351926e+00, -9.953964e-01, 4.396286e-01, 3.429316e+01, 1.951833e+01, -3.713065e+00, -5.326749e-01, -5.223569e-01, -6.330072e-02, -1.932994e+00, -7.678434e-01, 3.226669e-01, -5.907500e+01, -3.426557e+01, 6.425791e+00, -2.947200e+01, -1.702528e+01, 2.861191e+00, 5.101930e+01, 2.945084e+01, -4.951455e+00, 4.534287e-02, -1.105148e-01, 1.797990e-03
7.489439e-04, 1.418138e+00, 9.001138e-01, -2.638123e-01, -1.066350e+00, -7.911886e-01, 3.538267e-01, 2.780289e+01, 1.582396e+01, -3.009429e+00, -4.661574e-01, -4.448883e-01, -4.809448e-02, -1.563860e+00, -6.186275e-01, 2.616942e-01, -4.791570e+01, -2.779408e+01, 5.210727e+00, -2.389979e+01, -1.380644e+01, 2.317738e+00, 4.138782e+01, 2.389069e+01, -4.012297e+00, 3.330680e-02, -9.398040e-02, 1.993395e-03
8.759577e-04, 1.107793e+00, 7.030120e-01, -2.060001e-01, -8.518515e-01, -6.285820e-01, 2.782925e-01, 2.180427e+01, 1.241123e+01, -2.360720e+00, -3.408396e-01, -3.336064e-01, -4.048227e-02, -1.231391e+00, -4.895466e-01, 2.062483e-01, -3.759374e+01, -2.180763e+01, 4.089442e+00, -1.873360e+01, -1.082194e+01, 1.818415e+00, 3.245674e+01, 1.873545e+01, -3.149873e+00, 3.735179e-02, -6.550545e-02, -3.955049e-05
1.021951e-03, 8.322942e-01, 5.282322e-01, -1.547965e-01, -6.357443e-01, -4.700512e-01, 2.087832e-01, 1.640788e+01, 9.339560e+00, -1.776439e+00, -2.595108e-01, -2.528420e-01, -3.026537e-02, -9.260938e-01, -3.680412e-01, 1.551837e-01, -2.828358e+01, -1.640711e+01, 3.076656e+00, -1.409617e+01, -8.143080e+00, 1.368158e+00, 2.442293e+01, 1.409795e+01, -2.370108e+00, 3.489809e-02, -4.556293e-02, -7.839674e-04
1.189572e-03, 6.164793e-01, 3.907804e-01, -1.141920e-01, -4.928197e-01, -3.596153e-01, 1.560672e-01, 1.210587e+01, 6.891320e+00, -1.311244e+00, -1.724350e-01, -1.746949e-01, -2.407882e-02, -6.828962e-01, -2.726915e-01, 1.140666e-01, -2.087371e+01, -1.210809e+01, 2.271545e+00, -1.039724e+01, -6.006049e+00, 1.011031e+00, 1.801264e+01, 1.039774e+01, -1.751179e+00, 1.732973e-02, -3.653811e-02, 3.101294e-04
1.381826e-03, 4.395156e-01, 2.786552e-01, -8.131483e-02, -3.454162e-01, -2.531065e-01, 1.105232e-01, 8.619209e+00, 4.906435e+00, -9.334627e-01, -1.294120e-01, -1.284797e-01, -1.650574e-02, -4.859334e-01, -1.936562e-01, 8.117239e-02, -1.486041e+01, -8.620099e+00, 1.616932e+00, -7.403677e+00, -4.276806e+00, 7.196121e-01, 1.282688e+01, 7.404252e+00, -1.246424e+00, 1.312449e-02, -2.580009e-02, 1.541364e-04
1.602117e-03, 3.088549e-01, 1.956665e-01, -5.705066e-02, -2.480687e-01, -1.806338e-01, 7.805845e-02, 6.050125e+00, 3.444072e+00, -6.554258e-01, -8.593454e-02, -8.708220e-02, -1.202822e-02, -3.407249e-01, -1.361232e-01, 5.681034e-02, -1.043034e+01, -6.050103e+00, 1.135190e+00, -5.195865e+00, -3.001414e+00, 5.055593e-01, 8.999750e+00, 5.195103e+00, -8.754193e-01, 6.989371e-03, -1.891916e-02, 3.419965e-04
1.854303e-03, 2.142777e-01, 1.356923e-01, -3.946484e-02, -1.735122e-01, -1.260079e-01, 5.407917e-02, 4.186140e+00, 2.383083e+00, -4.535384e-01, -5.798526e-02, -5.932503e-02, -8.418627e-03, -2.367119e-01, -9.482968e-02, 3.931011e-02, -7.216809e+00, -4.186001e+00, 7.855134e-01, -3.592813e+00, -2.075361e+00, 3.497514e-01, 6.222706e+00, 3.592085e+00, -6.056090e-01, 4.750990e-03, -1.283305e-02, 2.313026e-04
2.142750e-03, 1.466360e-01, 9.283708e-02, -2.695449e-02, -1.199834e-01, -8.689435e-02, 3.706852e-02, 2.867527e+00, 1.632555e+00, -3.107279e-01, -3.843897e-02, -3.983753e-02, -5.938870e-03, -1.622969e-01, -6.517748e-02, 2.699151e-02, -4.945186e+00, -2.868512e+00, 5.383691e-01, -2.460742e+00, -1.421416e+00, 2.397102e-01, 4.263946e+00, 2.461380e+00, -4.152920e-01, 4.467911e-03, -7.935930e-03, -2.710402e-06
2.472404e-03, 1.001629e-01, 6.334120e-02, -1.838446e-02, -8.470482e-02, -6.079750e-02, 2.557418e-02, 1.957593e+00, 1.114534e+00, -2.122292e-01, -2.372315e-02, -2.560310e-02, -4.283955e-03, -1.102646e-01, -4.438886e-02, 1.827446e-02, -3.374612e+00, -1.957287e+00, 3.675197e-01, -1.680118e+00, -9.704994e-01, 1.639477e-01, 2.909468e+00, 1.679517e+00, -2.838224e-01, 1.701468e-03, -5.943660e-03, 1.489184e-04
2.848860e-03, 6.848590e-02, 4.328310e-02, -1.249722e-02, -5.900657e-02, -4.212384e-02, 1.746278e-02, 1.333597e+00, 7.593722e-01, -1.446127e-01, -1.505437e-02, -1.675479e-02, -3.031665e-03, -7.571760e-02, -3.067153e-02, 1.251762e-02, -2.300073e+00, -1.334113e+00, 2.505706e-01, -1.143634e+00, -6.605745e-01, 1.117220e-01, 1.981653e+00, 1.143935e+00, -1.935597e-01, 1.923615e-03, -3.431107e-03, -6.404684e-07
3.278450e-03, 4.646782e-02, 2.934000e-02, -8.466449e-03, -4.104676e-02, -2.911174e-02, 1.193811e-02, 9.053146e-01, 5.155113e-01, -9.821092e-02, -9.280517e-03, -1.077516e-02, -2.144546e-03, -5.115159e-02, -2.076929e-02, 8.433004e-03, -1.560681e+00, -9.051767e-01, 1.700806e-01, -7.763467e-01, -4.484223e-01, 7.596112e-02, 1.344713e+00, 7.762518e-01, -1.315459e-01, 1.146578e-03, -2.320140e-03, 2.097445e-05
3.768333e-03, 3.163611e-02, 1.995142e-02, -5.742326e-03, -2.866254e-02, -2.018700e-02, 8.165660e-03, 6.150412e-01, 3.502401e-01, -6.675099e-02, -5.614975e-03, -6.881561e-03, -1.519755e-03, -3.476275e-02, -1.417649e-02, 5.707055e-03, -1.060029e+00, -6.147679e-01, 1.155624e-01, -5.273216e-01, -3.045799e-01, 5.168228e-02, 9.130617e-01, 5.270837e-01, -8.946623e-02, 5.889606e-04, -1.598735e-03, 3.157980e-05
4.326605e-03, 2.130624e-02, 1.343114e-02, -3.850813e-03, -1.970218e-02, -1.380649e-02, 5.516952e-03, 4.140546e-01, 2.358327e-01, -4.494919e-02, -3.350603e-03, -4.368410e-03, -1.086000e-03, -2.358134e-02, -9.683681e-03, 3.886442e-03, -7.142049e-01, -4.142611e-01, 7.789201e-02, -3.547040e-01, -2.048722e-01, 3.479629e-02, 6.149574e-01, 3.549940e-01, -6.032745e-02, 9.783010e-04, -7.071893e-04, -5.158767e-05
4.962414e-03, 1.453802e-02, 9.150681e-03, -2.620504e-03, -1.389150e-02, -9.653559e-03, 3.799472e-03, 2.825006e-01, 1.609066e-01, -3.068761e-02, -1.887493e-03, -2.723960e-03, -7.698600e-04, -1.594567e-02, -6.562367e-03, 2.610522e-03, -4.869157e-01, -2.823804e-01, 5.312863e-02, -2.419505e-01, -1.397459e-01, 2.379311e-02, 4.190436e-01, 2.419028e-01, -4.120100e-02, 3.853834e-04, -5.899221e-04, -2.380539e-06
5.686100e-03, 9.893935e-03, 6.222721e-03, -1.776002e-03, -9.516954e-03, -6.597357e-03, 2.579894e-03, 1.917353e-01, 1.092123e-01, -2.083299e-02, -1.229879e-03, -1.813363e-03, -5.248089e-04, -1.083644e-02, -4.472051e-03, 1.766257e-03, -3.305052e-01, -1.916656e-01, 3.607055e-02, -1.641442e-01, -9.480474e-02, 1.615844e-02, 2.842587e-01, 1.640956e-01, -2.797684e-02, 1.854692e-04, -4.258958e-04, 6.484373e-06
6.509340e-03, 6.822666e-03, 4.283457e-03, -1.215389e-03, -6.862081e-03, -4.705495e-03, 1.796096e-03, 1.319496e-01, 7.517361e-02, -1.434809e-02, -5.617148e-04, -1.069158e-03, -3.915039e-04, -7.470644e-03, -3.109540e-03, 1.215056e-03, -2.275845e-01, -1.319813e-01, 2.485667e-02, -1.129462e-01, -6.523242e-02, 1.115214e-02, 1.956772e-01, 1.129613e-01, -1.931762e-02, 1.217141e-04, -2.635878e-04, 2.097064e-06
7.445323e-03, 4.735032e-03, 2.967880e-03, -8.365465e-04, -4.980573e-03, -3.380014e-03, 1.257015e-03, 9.151779e-02, 5.215121e-02, -9.959955e-03, -1.727239e-04, -6.048557e-04, -2.920097e-04, -5.186951e-03, -2.178601e-03, 8.390465e-04, -1.578411e-01, -9.153116e-02, 1.725329e-02, -7.826469e-02, -4.519946e-02, 7.754677e-03, 1.356190e-01, 7.829153e-02, -1.343649e-02, 1.277173e-04, -1.276329e-04, -4.774768e-06
8.508941e-03, 3.261146e-03, 2.040290e-03, -5.728300e-04, -3.550198e-03, -2.389579e-03, 8.727474e-04, 6.290586e-02, 3.585110e-02, -6.851318e-03, -1.072784e-06, -3.407611e-04, -2.117667e-04, -3.569045e-03, -1.510794e-03, 5.742588e-04, -1.085081e-01, -6.291959e-02, 1.186924e-02, -5.375855e-02, -3.104590e-02, 5.341143e-03, 9.314259e-02, 5.377101e-02, -9.253384e-03, 6.346006e-05, -8.810244e-05, -1.293945e-06
9.717000e-03, 2.296822e-03, 1.432923e-03, -3.999013e-04, -2.667463e-03, -1.770821e-03, 6.264300e-04, 4.436226e-02, 2.528889e-02, -4.838325e-03, 1.568342e-04, -1.404184e-04, -1.639602e-04, -2.496307e-03, -1.067732e-03, 3.987794e-04, -7.651473e-02, -4.436219e-02, 8.380051e-03, -3.791772e-02, -2.189676e-02, 3.787628e-03, 6.567477e-02, 3.791452e-02, -6.559429e-03, 1.808643e-05, -5.799421e-05, 1.335978e-06
1.108847e-02, 1.613315e-03, 1.004051e-03, -2.780686e-04, -1.963281e-03, -1.290314e-03, 4.447235e-04, 3.110311e-02, 1.773486e-02, -3.395977e-03, 1.962698e-04, -4.368508e-05, -1.232218e-04, -1.749548e-03, -7.563469e-04, 2.776410e-04, -5.365993e-02, -3.110930e-02, 5.883093e-03, -2.656952e-02, -1.534266e-02, 2.665392e-03, 4.602472e-02, 2.657077e-02, -4.616582e-03, 6.715713e-06, -3.263134e-05, 9.991450e-07
1.264475e-02, 1.130988e-03, 7.021028e-04, -1.934703e-04, -1.444759e-03, -9.405875e-04, 3.167783e-04, 2.191174e-02, 1.249706e-02, -2.395548e-03, 2.066010e-04, 1.279864e-05, -9.350355e-05, -1.227379e-03, -5.365442e-04, 1.937464e-04, -3.779988e-02, -2.191282e-02, 4.149350e-03, -1.871386e-02, -1.080616e-02, 1.886279e-03, 3.241676e-02, 1.871490e-02, -3.267313e-03, 8.818411e-06, -1.246685e-05, -2.014834e-07
1.440997e-02, 8.046061e-04, 4.979001e-04, -1.361522e-04, -1.091125e-03, -7.023597e-04, 2.295611e-04, 1.564028e-02, 8.923095e-03, -1.712643e-03, 2.083005e-04, 4.785517e-05, -7.239686e-05, -8.699114e-04, -3.852223e-04, 1.362114e-04, -2.698081e-02, -1.563900e-02, 2.966080e-03, -1.335457e-02, -7.711146e-03, 1.354189e-03, 2.313000e-02, 1.335368e-02, -2.345324e-03, 1.868136e-06, -3.593423e-06, -1.060670e-08
1.641135e-02, 5.749985e-04, 3.545511e-04, -9.626470e-05, -8.387377e-04, -5.332993e-04, 1.687457e-04, 1.129615e-02, 6.447407e-03, -1.239418e-03, 2.053309e-04, 6.944673e-05, -5.758432e-05, -6.185591e-04, -2.779412e-04, 9.635813e-05, -1.949446e-02, -1.129846e-02, 2.147157e-03, -9.648094e-03, -5.570768e-03, 9.856071e-04, 1.671499e-02, 9.650110e-03, -1.707486e-03, -2.073130e-07, 3.116621e-06, -1.499194e-07
1.867959e-02, 4.178575e-04, 2.564877e-04, -6.904800e-05, -6.618118e-04, -4.153383e-04, 1.267557e-04, 8.325537e-03, 4.754163e-03, -9.157291e-04, 2.002448e-04, 8.233438e-05, -4.704703e-05, -4.474993e-04, -2.047359e-04, 6.912323e-05, -1.436820e-02, -8.325983e-03, 1.586141e-03, -7.119756e-03, -4.110769e-03, 7.339334e-04, 1.233305e-02, 7.120400e-03, -1.271303e-03, -3.031141e-06, 6.693860e-06, -8.799175e-08
2.124926e-02, 2.899151e-04, 1.774494e-04, -4.765633e-05, -4.739984e-04, -2.958405e-04, 8.924922e-05, 5.823157e-03, 3.325905e-03, -6.414074e-04, 1.537925e-04, 6.658543e-05, -3.440345e-05, -3.109514e-04, -1.438788e-04, 4.805292e-05, -1.005195e-02, -5.824812e-03, 1.111222e-03, -4.974508e-03, -2.872207e-03, 5.148511e-04, 8.620253e-03, 4.976818e-03, -8.922011e-04, 4.007554e-07, 7.459332e-06, -4.520003e-07
2.415937e-02, 1.945060e-04, 1.186623e-04, -3.204132e-05, -3.271608e-04, -2.031166e-04, 6.107205e-05, 3.920293e-03, 2.239056e-03, -4.323852e-04, 1.122886e-04, 5.060037e-05, -2.423765e-05, -2.084339e-04, -9.758865e-05, 3.234793e-05, -6.766067e-03, -3.920764e-03, 7.489951e-04, -3.338316e-03, -1.927598e-03, 3.463780e-04, 5.785399e-03, 3.340069e-03, -6.003290e-04, 2.115445e-06, 5.940481e-06, -4.962952e-07
2.745383e-02, 1.323111e-04, 8.050159e-05, -2.182719e-05, -2.232183e-04, -1.383311e-04, 4.180964e-05, 2.684070e-03, 1.532858e-03, -2.963281e-04, 7.773317e-05, 3.548135e-05, -1.676145e-05, -1.423901e-04, -6.724164e-05, 2.202450e-05, -4.630011e-03, -2.682872e-03, 5.130785e-04, -2.284506e-03, -1.319204e-03, 2.374736e-04, 3.958020e-03, 2.285000e-03, -4.115112e-04, 2.482745e-06, 4.575165e-06, -4.222969e-07
3.118213e-02, 9.005799e-05, 5.461653e-05, -1.481231e-05, -1.527600e-04, -9.436644e-05, 2.854136e-05, 1.816943e-03, 1.037643e-03, -2.008144e-04, 5.376273e-05, 2.490813e-05, -1.158286e-05, -9.708416e-05, -4.634910e-05, 1.504652e-05, -3.135670e-03, -1.817071e-03, 3.478750e-04, -1.541664e-03, -8.903030e-04, 1.604965e-04, 2.671908e-03, 1.542487e-03, -2.782135e-04, 1.684380e-06, 2.951923e-06, -2.958596e-07
3.540000e-02, 6.131336e-05, 3.701844e-05, -1.007684e-05, -1.067956e-04, -6.560843e-05, 1.977393e-05, 1.243615e-03, 7.102293e-04, -1.376859e-04, 3.924944e-05, 1.873268e-05, -8.241172e-06, -6.574701e-05, -3.179517e-05, 1.023237e-05, -2.145501e-03, -1.243265e-03, 2.384177e-04, -1.052242e-03, -6.077222e-04, 1.099313e-04, 1.823329e-03, 1.052586e-03, -1.905117e-04, 1.214032e-06, 2.062288e-06, -2.138658e-07
3.600000e-02, 5.831327e-05, 3.522442e-05, -9.576032e-06, -9.981142e-05, -6.143252e-05, 1.864053e-05, 1.181451e-03, 6.747052e-04, -1.307768e-04, 3.503614e-05, 1.641937e-05, -7.602331e-06, -6.174860e-05, -2.971454e-05, 9.625334e-06, -2.039614e-03, -1.181919e-03, 2.266076e-04, -1.000131e-03, -5.776388e-04, 1.044098e-04, 1.733355e-03, 1.000617e-03, -1.809439e-04, -1.003125e-08, 1.211991e-06, -6.027772e-08
3.700000e-02, 5.398222e-05, 3.255290e-05, -8.873985e-06, -9.461352e-05, -5.805028e-05, 1.752457e-05, 1.102182e-03, 6.294493e-04, -1.220933e-04, 3.461326e-05, 1.656064e-05, -7.280707e-06, -5.702294e-05, -2.761023e-05, 8.878307e-06, -1.902546e-03, -1.102408e-03, 2.115429e-04, -9.335527e-04, -5.391857e-04, 9.769745e-05, 1.617698e-03, 9.338296e-04, -1.692792e-04, -4.398716e-07, 1.007685e-06, 1.968176e-09
3.800000e-02, 5.013113e-05, 3.019701e-05, -8.210024e-06, -8.766300e-05, -5.373150e-05, 1.618927e-05, 1.014046e-03, 5.791198e-04, -1.123645e-04, 3.178233e-05, 1.522741e-05, -6.701920e-06, -5.268822e-05, -2.556986e-05, 8.201695e-06, -1.750155e-03, -1.014123e-03, 1.946391e-04, -8.574303e-04, -4.952290e-04, 8.975128e-05, 1.485511e-03, 8.575427e-04, -1.554755e-04, -3.710777e-07, 9.306738e-07, -1.157528e-08
3.900000e-02, 4.631187e-05, 2.786527e-05, -7.588357e-06, -8.068714e-05, -4.944074e-05, 1.493553e-05, 9.351949e-04, 5.340401e-04, -1.036535e-04, 2.935712e-05, 1.410593e-05, -6.191734e-06, -4.904231e-05, -2.387953e-05, 7.607944e-06, -1.613578e-03, -9.349669e-04, 1.794893e-04, -7.900611e-04, -4.563339e-04, 8.270449e-05, 1.368124e-03, 7.897919e-04, -1.432050e-04, -5.190626e-07, 6.987059e-07, 4.853771e-09
4.000000e-02, 4.278439e-05, 2.572387e-05, -7.009728e-06, -7.537217e-05, -4.612083e-05, 1.391587e-05, 8.694156e-04, 4.965151e-04, -9.640156e-05, 2.782380e-05, 1.346149e-05, -5.840708e-06, -4.517686e-05, -2.206503e-05, 7.041143e-06, -1.500470e-03, -8.694547e-04, 1.669883e-04, -7.344735e-04, -4.242361e-04, 7.697629e-05, 1.272666e-03, 7.346563e-04, -1.333698e-04, -3.803685e-08, 9.279748e-07, -4.018627e-08
4.100000e-02, 3.952689e-05, 2.372044e-05, -6.487379e-06, -7.086445e-05, -4.325858e-05, 1.302894e-05, 8.080758e-04, 4.614943e-04, -8.966282e-05, 2.701591e-05, 1.326388e-05, -5.568227e-06, -4.184231e-05, -2.054740e-05, 6.540494e-06, -1.394815e-03, -8.082408e-04, 1.553304e-04, -6.832892e-04, -3.946940e-04, 7.173008e-05, 1.183702e-03, 6.833078e-04, -1.242534e-04, -3.488922e-07, 7.021292e-07, -1.283170e-08
4.200000e-02, 3.703290e-05, 2.221354e-05, -6.067615e-06, -6.607588e-05, -4.032699e-05, 1.215557e-05, 7.540082e-04, 4.306078e-04, -8.367711e-05, 2.478839e-05, 1.213680e-05, -5.145411e-06, -3.884424e-05, -1.908033e-05, 6.060647e-06, -1.301392e-03, -7.540783e-04, 1.449500e-04, -6.365761e-04, -3.677106e-04, 6.683717e-05, 1.102740e-03, 6.365594e-04, -1.157653e-04, -4.688222e-07, 5.631735e-07, 1.316983e-08
