-5.823899e-02, -1.343908e-07, -5.492916e-08, -2.183441e-08, 9.535018e-07, 4.938964e-07, -4.070632e-08, 3.399444e-06, 1.890508e-06, -3.350852e-07, -7.608132e-07, -4.957347e-07, 6.622195e-08, 9.040647e-08, 1.402776e-07, 2.053928e-08, -5.781260e-06, -3.377644e-06, 5.763108e-07, -3.483831e-06, -2.011994e-06, 2.383350e-07, 6.017578e-06, 3.473914e-06, -4.111088e-07, 4.706649e-08, -6.398395e-08, -5.963158e-10
-5.723932e-02, -1.452026e-07, -6.278258e-08, -1.724084e-08, 8.969179e-07, 4.648813e-07, -3.844661e-08, 2.900301e-06, 1.605937e-06, -2.801612e-07, -6.923015e-07, -4.525189e-07, 5.828999e-08, 9.892918e-08, 1.392628e-07, 1.705916e-08, -4.941454e-06, -2.891771e-06, 4.837580e-07, -3.008907e-06, -1.735344e-06, 1.929551e-07, 5.203746e-06, 3.005408e-06, -3.337347e-07, 4.223144e-08, -6.041613e-08, -5.075194e-10
-5.623966e-02, -1.423798e-07, -6.111351e-08, -1.778493e-08, 8.733368e-07, 4.511501e-07, -3.428775e-08, 2.864680e-06, 1.583612e-06, -2.751168e-07, -6.737762e-07, -4.420471e-07, 5.489126e-08, 9.807494e-08, 1.390677e-07, 1.765325e-08, -4.889473e-06, -2.863405e-06, 4.762630e-07, -2.968676e-06, -1.710717e-06, 1.863726e-07, 5.137571e-06, 2.968112e-06, -3.227102e-07, 3.773066e-08, -6.346684e-08, -1.146856e-10
-5.523999e-02, -1.590675e-07, -7.282925e-08, -1.113867e-08, 8.099163e-07, 4.193045e-07, -3.306981e-08, 2.174694e-06, 1.190319e-06, -1.991243e-07, -5.930896e-07, -3.907723e-07, 4.571536e-08, 1.153261e-07, 1.412669e-07, 1.186596e-08, -3.717245e-06, -2.184562e-06, 3.468411e-07, -2.308995e-06, -1.326719e-06, 1.234533e-07, 4.000660e-06, 2.313390e-06, -2.146611e-07, 2.962573e-08, -5.958601e-08, 3.234748e-10
-5.424032e-02, -1.648805e-07, -7.612493e-08, -1.074036e-08, 8.060238e-07, 4.165857e-07, -3.091769e-08, 2.090864e-06, 1.139449e-06, -1.881915e-07, -5.823464e-07, -3.849445e-07, 4.332747e-08, 1.241892e-07, 1.470377e-07, 1.046821e-08, -3.543596e-06, -2.084458e-06, 3.247887e-07, -2.224052e-06, -1.276097e-06, 1.111406e-07, 3.839376e-06, 2.221217e-06, -1.920427e-07, 3.605066e-08, -5.647821e-08, -1.864109e-10
-5.324065e-02, -1.746767e-07, -8.278223e-08, -7.144345e-09, 7.638353e-07, 3.944799e-07, -2.809238e-08, 1.673983e-06, 9.003957e-07, -1.412964e-07, -5.320311e-07, -3.538166e-07, 3.636664e-08, 1.368160e-07, 1.507755e-07, 7.331519e-09, -2.844388e-06, -1.680969e-06, 2.459837e-07, -1.826963e-06, -1.044192e-06, 7.085259e-08, 3.158666e-06, 1.829778e-06, -1.231141e-07, 2.678128e-08, -5.768471e-08, 4.808879e-10
-5.224098e-02, -1.855501e-07, -9.037415e-08, -3.045816e-09, 7.106334e-07, 3.665693e-07, -2.441630e-08, 1.183306e-06, 6.186499e-07, -8.624753e-08, -4.672488e-07, -3.135522e-07, 2.788865e-08, 1.488141e-07, 1.531326e-07, 3.335310e-09, -1.993836e-06, -1.188853e-06, 1.504081e-07, -1.348968e-06, -7.650577e-07, 2.281015e-08, 2.326754e-06, 1.351284e-06, -3.986661e-08, 2.635240e-08, -5.263111e-08, 2.861955e-10
-5.124131e-02, -1.971991e-07, -9.820533e-08, 1.061127e-09, 6.619277e-07, 3.408789e-07, -2.065939e-08, 6.998104e-07, 3.409790e-07, -3.161977e-08, -4.073502e-07, -2.766508e-07, 1.933189e-08, 1.619230e-07, 1.568085e-07, -2.532935e-10, -1.175158e-06, -7.162087e-07, 5.779231e-08, -8.876745e-07, -4.955412e-07, -2.438366e-08, 1.532523e-06, 8.945902e-07, 4.113962e-08, 1.898040e-08, -5.221490e-08, 7.512671e-10
-5.024164e-02, -2.068691e-07, -1.055860e-07, 5.815667e-09, 5.795206e-07, 2.972350e-07, -1.416432e-08, 7.683151e-08, -1.680020e-08, 3.807217e-08, -3.158488e-07, -2.198230e-07, 7.412984e-09, 1.762493e-07, 1.587038e-07, -5.517173e-09, -8.246860e-08, -8.346768e-08, -6.472490e-08, -2.765023e-07, -1.386137e-07, -8.514832e-08, 4.625262e-07, 2.791434e-07, 1.470933e-07, 1.973673e-08, -4.455124e-08, 4.534073e-10
-4.924197e-02, -2.123757e-07, -1.102621e-07, 9.277669e-09, 4.994156e-07, 2.540916e-07, -6.376866e-09, -4.556525e-07, -3.239671e-07, 9.822441e-08, -2.318909e-07, -1.681080e-07, -4.079771e-09, 1.885845e-07, 1.608601e-07, -1.011023e-08, 8.653626e-07, 4.651451e-07, -1.720046e-07, 2.549086e-07, 1.722681e-07, -1.393017e-07, -4.741330e-07, -2.591817e-07, 2.420904e-07, 2.436004e-08, -3.617575e-08, -2.058010e-10
-4.824230e-02, -2.249157e-07, -1.191867e-07, 1.450132e-08, 4.160083e-07, 2.096166e-07, 9.991530e-10, -1.127399e-06, -7.101618e-07, 1.739455e-07, -1.353651e-07, -1.086707e-07, -1.762963e-08, 2.019591e-07, 1.626069e-07, -1.494751e-08, 2.021984e-06, 1.133666e-06, -3.024898e-07, 9.065816e-07, 5.531568e-07, -2.054116e-07, -1.604811e-06, -9.093278e-07, 3.562693e-07, 2.124823e-08, -3.095779e-08, -2.287549e-10
-4.724263e-02, -2.372543e-07, -1.280616e-07, 1.999365e-08, 3.227762e-07, 1.597041e-07, 9.571902e-09, -1.848469e-06, -1.124767e-06, 2.553159e-07, -3.059044e-08, -4.436104e-08, -3.267316e-08, 2.160257e-07, 1.644410e-07, -1.977382e-08, 3.250445e-06, 1.842965e-06, -4.412234e-07, 1.607886e-06, 9.632059e-07, -2.767673e-07, -2.815825e-06, -1.605542e-06, 4.790077e-07, 1.290376e-08, -2.841663e-08, 2.139441e-10
-4.624297e-02, -2.479806e-07, -1.362540e-07, 2.550117e-08, 2.131823e-07, 1.007780e-07, 2.034996e-08, -2.637541e-06, -1.579163e-06, 3.445537e-07, 8.783001e-08, 2.838571e-08, -4.962731e-08, 2.334735e-07, 1.675557e-07, -2.589262e-08, 4.628275e-06, 2.639692e-06, -5.972824e-07, 2.382708e-06, 1.416304e-06, -3.557928e-07, -4.169525e-06, -2.383731e-06, 6.165066e-07, 1.188807e-08, -2.072277e-08, -4.059405e-12
-4.524330e-02, -2.595650e-07, -1.447130e-07, 3.085205e-08, 1.059604e-07, 4.273514e-08, 3.177311e-08, -3.415921e-06, -2.028236e-06, 4.329434e-07, 2.059339e-07, 1.004332e-07, -6.722048e-08, 2.484358e-07, 1.699836e-07, -3.123357e-08, 5.976433e-06, 3.418286e-06, -7.504260e-07, 3.149775e-06, 1.865349e-06, -4.351599e-07, -5.504659e-06, -3.150995e-06, 7.540239e-07, 8.590863e-09, -1.514499e-08, -2.665416e-12
-4.424363e-02, -2.737928e-07, -1.551306e-07, 3.757849e-08, -2.266704e-08, -2.664502e-08, 4.504857e-08, -4.375198e-06, -2.580920e-06, 5.416636e-07, 3.494165e-07, 1.882372e-07, -8.839506e-08, 2.652323e-07, 1.717031e-07, -3.794328e-08, 7.644359e-06, 4.382325e-06, -9.395228e-07, 4.092049e-06, 2.416571e-06, -5.317728e-07, -7.146833e-06, -4.095059e-06, 9.215615e-07, 7.813177e-09, -5.887749e-09, -2.722941e-10
-4.324396e-02, -2.863713e-07, -1.648330e-07, 4.445436e-08, -1.730134e-07, -1.080283e-07, 6.118105e-08, -5.413429e-06, -3.179391e-06, 6.592944e-07, 5.092835e-07, 2.858845e-07, -1.122887e-07, 2.856205e-07, 1.748682e-07, -4.516065e-08, 9.441995e-06, 5.420693e-06, -1.143398e-06, 5.113131e-06, 3.014087e-06, -6.366632e-07, -8.924137e-06, -5.116492e-06, 1.103408e-06, 1.307364e-09, 7.496013e-10, -7.488830e-11
-4.224429e-02, -2.988131e-07, -1.744542e-07, 5.135250e-08, -3.368477e-07, -1.972241e-07, 7.975860e-08, -6.482152e-06, -3.796137e-06, 7.809581e-07, 6.842832e-07, 3.922835e-07, -1.389793e-07, 3.000884e-07, 1.745906e-07, -5.132343e-08, 1.127410e-05, 6.477736e-06, -1.351927e-06, 6.165460e-06, 3.630395e-06, -7.458458e-07, -1.074666e-05, -6.163635e-06, 1.291611e-06, -6.729713e-09, 6.293420e-09, 1.581700e-10
-4.124462e-02, -3.132547e-07, -1.855183e-07, 5.923779e-08, -5.194946e-07, -2.965921e-07, 1.006476e-07, -7.715090e-06, -4.507647e-06, 9.212333e-07, 8.785797e-07, 5.104653e-07, -1.688824e-07, 3.215719e-07, 1.772953e-07, -5.927423e-08, 1.340460e-05, 7.707693e-06, -1.594421e-06, 7.379319e-06, 4.341126e-06, -8.716772e-07, -1.285729e-05, -7.376445e-06, 1.509480e-06, -1.472093e-08, 1.346891e-08, 4.326514e-10
-4.024495e-02, -3.319457e-07, -1.989683e-07, 6.765531e-08, -7.015781e-07, -3.959281e-07, 1.225988e-07, -9.022811e-06, -5.263491e-06, 1.070690e-06, 1.078493e-06, 6.317097e-07, -2.004640e-07, 3.470486e-07, 1.826388e-07, -6.815760e-08, 1.568361e-05, 9.023642e-06, -1.854811e-06, 8.671816e-06, 5.098200e-06, -1.007169e-06, -1.511299e-05, -8.672541e-06, 1.744761e-06, -1.683606e-08, 2.398479e-08, 2.183973e-10
-3.924528e-02, -3.445320e-07, -2.096966e-07, 7.679929e-08, -9.507388e-07, -5.320261e-07, 1.520794e-07, -1.056206e-05, -6.152250e-06, 1.245942e-06, 1.339125e-06, 7.900336e-07, -2.407618e-07, 3.617418e-07, 1.786667e-07, -7.659486e-08, 1.834004e-05, 1.055689e-05, -2.157131e-06, 1.019679e-05, 5.991440e-06, -1.165102e-06, -1.776180e-05, -1.019446e-05, 2.017648e-06, -2.226730e-08, 3.577346e-08, 1.446129e-11
-3.823899e-02, -3.603819e-07, -2.218849e-07, 8.584489e-08, -1.197585e-06, -6.676488e-07, 1.839571e-07, -1.215898e-05, -7.076464e-06, 1.428915e-06, 1.600901e-06, 9.480880e-07, -2.831518e-07, 3.834208e-07, 1.799915e-07, -8.588041e-08, 2.112272e-05, 1.216296e-05, -2.475612e-06, 1.177722e-05, 6.917929e-06, -1.331784e-06, -2.051985e-05, -1.177891e-05, 2.306941e-06, -2.536623e-08, 4.805801e-08, -9.953240e-11
-3.723270e-02, -3.776072e-07, -2.352061e-07, 9.570036e-08, -1.471666e-06, -8.184081e-07, 2.198610e-07, -1.391400e-05, -8.092707e-06, 1.630315e-06, 1.887493e-06, 1.120917e-06, -3.301204e-07, 4.128135e-07, 1.850571e-07, -9.644029e-08, 2.417053e-05, 1.392102e-05, -2.825165e-06, 1.351787e-05, 7.938512e-06, -1.516112e-06, -2.355358e-05, -1.352133e-05, 2.626675e-06, -3.420469e-08, 5.778255e-08, 1.885943e-10
-3.622642e-02, -3.991948e-07, -2.515483e-07, 1.073273e-07, -1.785205e-06, -9.908675e-07, 2.612361e-07, -1.594694e-05, -9.269244e-06, 1.863576e-06, 2.219424e-06, 1.321066e-06, -3.848830e-07, 4.421007e-07, 1.883552e-07, -1.077461e-07, 2.767916e-05, 1.594431e-05, -3.227492e-06, 1.552525e-05, 9.115303e-06, -1.728652e-06, -2.704134e-05, -1.552455e-05, 2.994179e-06, -4.545025e-08, 6.846013e-08, 4.138926e-10
-3.522013e-02, -4.150365e-07, -2.649514e-07, 1.189956e-07, -2.161781e-06, -1.198515e-06, 3.117320e-07, -1.820543e-05, -1.057776e-05, 2.122790e-06, 2.610353e-06, 1.556625e-06, -4.490022e-07, 4.654631e-07, 1.859598e-07, -1.198392e-07, 3.162305e-05, 1.822010e-05, -3.679481e-06, 1.777191e-05, 1.043300e-05, -1.966234e-06, -3.096565e-05, -1.777870e-05, 3.406813e-06, -4.710611e-08, 8.707709e-08, 4.590848e-11
-3.421384e-02, -4.413477e-07, -2.844059e-07, 1.322952e-07, -2.544115e-06, -1.409943e-06, 3.656652e-07, -2.067105e-05, -1.200717e-05, 2.407036e-06, 3.013797e-06, 1.798714e-06, -5.180334e-07, 5.031871e-07, 1.930923e-07, -1.329642e-07, 3.587489e-05, 2.067020e-05, -4.169174e-06, 2.020912e-05, 1.186278e-05, -2.227693e-06, -3.519916e-05, -2.020950e-05, 3.858804e-06, -6.335486e-08, 9.665239e-08, 5.795873e-10
-3.320755e-02, -4.604694e-07, -3.003992e-07, 1.460241e-07, -3.018372e-06, -1.672531e-06, 4.324277e-07, -2.347505e-05, -1.363398e-05, 2.730223e-06, 3.504905e-06, 2.093565e-06, -6.007881e-07, 5.307435e-07, 1.908436e-07, -1.469045e-07, 4.075751e-05, 2.348555e-05, -4.730931e-06, 2.300308e-05, 1.350243e-05, -2.526298e-06, -4.007300e-05, -2.300830e-05, 4.376727e-06, -6.795251e-08, 1.165006e-07, 2.644748e-10
-3.220126e-02, -4.820503e-07, -3.180081e-07, 1.605751e-07, -3.543750e-06, -1.964134e-06, 5.088220e-07, -2.656646e-05, -1.542984e-05, 3.087577e-06, 4.046045e-06, 2.417589e-06, -6.936257e-07, 5.710643e-07, 1.951827e-07, -1.632182e-07, 4.616769e-05, 2.660488e-05, -5.355010e-06, 2.608454e-05, 1.531158e-05, -2.858200e-06, -4.546215e-05, -2.610266e-05, 4.953841e-06, -7.406108e-08, 1.363968e-07, 3.622439e-10
-3.119497e-02, -5.085331e-07, -3.394136e-07, 1.777897e-07, -4.152139e-06, -2.302076e-06, 5.979426e-07, -3.014150e-05, -1.750493e-05, 3.500933e-06, 4.675858e-06, 2.794548e-06, -8.028351e-07, 6.022571e-07, 1.922633e-07, -1.783129e-07, 5.230186e-05, 3.013670e-05, -6.063207e-06, 2.962301e-05, 1.738886e-05, -3.239988e-06, -5.159293e-05, -2.962187e-05, 5.611977e-06, -9.641211e-08, 1.497399e-07, 7.026064e-10
-3.018868e-02, -5.499765e-07, -3.692544e-07, 1.973832e-07, -4.796323e-06, -2.660833e-06, 6.969425e-07, -3.418891e-05, -1.985694e-05, 3.970229e-06, 5.365219e-06, 3.206000e-06, -9.250744e-07, 6.455724e-07, 1.958057e-07, -1.969945e-07, 5.933535e-05, 3.418926e-05, -6.876620e-06, 3.363812e-05, 1.974658e-05, -3.676633e-06, -5.858825e-05, -3.363805e-05, 6.368022e-06, -9.911516e-08, 1.765637e-07, -1.984639e-10
-2.950000e-02, -5.687252e-07, -3.852616e-07, 2.113977e-07, -5.350971e-06, -2.969464e-06, 7.797905e-07, -3.734843e-05, -2.169386e-05, 4.336257e-06, 5.930524e-06, 3.543802e-06, -1.023689e-06, 6.816911e-07, 1.982503e-07, -2.118547e-07, 6.482401e-05, 3.735083e-05, -7.511085e-06, 3.679585e-05, 2.160125e-05, -4.018697e-06, -6.409187e-05, -3.679722e-05, 6.960863e-06, -1.130420e-07, 1.909845e-07, 2.633040e-10
-2.598511e-02, -6.869218e-07, -4.825787e-07, 2.944645e-07, -9.045361e-06, -5.037027e-06, 1.370705e-06, -5.822930e-05, -3.385350e-05, 6.767822e-06, 9.722622e-06, 5.798700e-06, -1.710930e-06, 8.505944e-07, 1.910480e-07, -2.939643e-07, 1.010845e-04, 5.822538e-05, -1.172133e-05, 5.758195e-05, 3.381878e-05, -6.301139e-06, -1.003054e-04, -5.758012e-05, 1.091344e-05, -1.692356e-07, 2.921846e-07, 2.019926e-11
-2.287819e-02, -8.703042e-07, -6.266389e-07, 4.079018e-07, -1.458881e-05, -8.151957e-06, 2.302026e-06, -8.934790e-05, -5.200661e-05, 1.040614e-05, 1.542211e-05, 9.174938e-06, -2.772877e-06, 1.117633e-06, 2.079916e-07, -4.094189e-07, 1.552287e-04, 8.938038e-05, -1.803002e-05, 8.860569e-05, 5.206552e-05, -9.745385e-06, -1.544027e-04, -8.861994e-05, 1.688199e-05, -2.339861e-07, 4.312583e-07, -6.798798e-10
-2.013281e-02, -1.043170e-06, -7.736584e-07, 5.409777e-07, -2.287374e-05, -1.282888e-05, 3.758126e-06, -1.336415e-04, -7.789645e-05, 1.561291e-05, 2.384185e-05, 1.414258e-05, -4.383396e-06, 1.369203e-06, 1.833655e-07, -5.393634e-07, 2.321883e-04, 1.336266e-04, -2.703942e-05, 1.327719e-04, 7.806508e-05, -1.471216e-05, -2.313645e-04, -1.327648e-04, 2.548078e-05, -3.387124e-07, 5.883386e-07, -2.798647e-10
-1.770772e-02, -1.270376e-06, -9.657905e-07, 7.136192e-07, -3.516679e-05, -1.978867e-05, 5.988931e-06, -1.984372e-04, -1.158237e-04, 2.325500e-05, 3.629797e-05, 2.147112e-05, -6.812516e-06, 1.734844e-06, 1.752666e-07, -7.132845e-07, 3.449161e-04, 1.984101e-04, -4.027438e-05, 1.974453e-04, 1.161574e-04, -2.204788e-05, -3.441309e-04, -1.974352e-04, 3.818698e-05, -4.797032e-07, 7.880501e-07, 1.530098e-09
-1.556632e-02, -1.549922e-06, -1.201894e-06, 9.267811e-07, -5.311604e-05, -2.998292e-05, 9.353223e-06, -2.915506e-04, -1.704068e-04, 3.427690e-05, 5.445240e-05, 3.212080e-05, -1.042219e-05, 2.175001e-06, 1.604409e-07, -9.268022e-07, 5.069807e-04, 2.915003e-04, -5.936144e-05, 2.904256e-04, 1.709555e-04, -3.269373e-05, -5.062811e-04, -2.904079e-04, 5.662580e-05, -6.514291e-07, 1.036466e-06, 3.398120e-09
-1.367613e-02, -1.911576e-06, -1.504333e-06, 1.195401e-06, -7.936796e-05, -4.492805e-05, 1.439419e-05, -4.260175e-04, -2.493250e-04, 5.024004e-05, 8.100082e-05, 4.766102e-05, -1.577425e-05, 2.712283e-06, 1.314536e-07, -1.197323e-06, 7.413091e-04, 4.260558e-04, -8.702562e-05, 4.247125e-04, 2.501349e-04, -4.818198e-05, -7.405794e-04, -4.247294e-04, 8.345673e-05, -7.882837e-07, 1.396500e-06, -8.767824e-10
-1.200831e-02, -2.337076e-06, -1.876519e-06, 1.547868e-06, -1.185101e-04, -6.724057e-05, 2.200552e-05, -6.236433e-04, -3.653954e-04, 7.373832e-05, 1.204381e-04, 7.071521e-05, -2.379274e-05, 3.379297e-06, 6.141545e-08, -1.542642e-06, 1.085297e-03, 6.235058e-04, -1.276945e-04, 6.221133e-04, 3.665649e-04, -7.104738e-05, -1.084826e-03, -6.220579e-04, 1.230500e-04, -1.120744e-06, 1.786248e-06, 5.036184e-09
-1.053729e-02, -2.864156e-06, -2.329026e-06, 1.968819e-06, -1.744283e-04, -9.918975e-05, 3.312868e-05, -9.034897e-04, -5.299428e-04, 1.071166e-04, 1.767498e-04, 1.035617e-04, -3.540296e-05, 4.180844e-06, -1.035787e-08, -1.957680e-06, 1.572807e-03, 9.032426e-04, -1.854871e-04, 9.016996e-04, 5.315442e-04, -1.036774e-04, -1.572564e-03, -9.015973e-04, 1.795590e-04, -1.459793e-06, 2.283723e-06, 7.567852e-09
-9.240391e-03, -3.441863e-06, -2.860880e-06, 2.509754e-06, -2.569846e-04, -1.464035e-04, 4.969365e-05, -1.311893e-03, -7.702324e-04, 1.558870e-04, 2.596682e-04, 1.518837e-04, -5.259200e-05, 5.158907e-06, -1.622016e-07, -2.494784e-06, 2.284486e-03, 1.311524e-03, -2.699385e-04, 1.310039e-03, 7.725604e-04, -1.514849e-04, -2.285009e-03, -1.309889e-03, 2.623571e-04, -1.922815e-06, 2.931760e-06, 1.281079e-08
-8.097500e-03, -4.489177e-06, -3.716385e-06, 3.247072e-06, -3.766481e-04, -2.149253e-04, 7.403774e-05, -1.905712e-03, -1.119785e-03, 2.269110e-04, 3.801612e-04, 2.220146e-04, -7.778792e-05, 6.687462e-06, -1.814789e-07, -3.221417e-06, 3.319314e-03, 1.905089e-03, -3.929108e-04, 1.903139e-03, 1.122694e-03, -2.212047e-04, -3.319820e-03, -1.902885e-03, 3.831001e-04, -2.549996e-06, 3.748110e-06, 2.148391e-08
-7.090784e-03, -5.697571e-06, -4.731808e-06, 4.157033e-06, -5.504510e-04, -3.145519e-04, 1.097321e-04, -2.760488e-03, -1.623296e-03, 3.292974e-04, 5.549967e-04, 3.236835e-04, -1.145348e-04, 8.549407e-06, -2.668437e-07, -4.171391e-06, 4.811605e-03, 2.760971e-03, -5.704465e-04, 2.757794e-03, 1.627366e-03, -3.220173e-04, -4.812121e-03, -2.757990e-03, 5.577798e-04, -2.649957e-06, 5.196979e-06, -2.068094e-08
-6.204436e-03, -7.076275e-06, -5.957491e-06, 5.353272e-06, -8.061297e-04, -4.611950e-04, 1.624909e-04, -4.008483e-03, -2.358659e-03, 4.788494e-04, 8.116346e-04, 4.728221e-04, -1.686846e-04, 1.056747e-05, -6.460141e-07, -5.301979e-06, 6.985964e-03, 4.007679e-03, -8.292365e-04, 4.004863e-03, 2.363879e-03, -4.693971e-04, -6.987683e-03, -4.004505e-03, 8.129522e-04, -3.991544e-06, 6.406611e-06, 1.209003e-08
-5.424450e-03, -9.027051e-06, -7.626654e-06, 6.900700e-06, -1.175103e-03, -6.729924e-04, 2.392654e-04, -5.806331e-03, -3.418487e-03, 6.945785e-04, 1.182022e-03, 6.878916e-04, -2.472420e-04, 1.366292e-05, -8.179776e-07, -6.851332e-06, 1.012160e-02, 5.805420e-03, -1.202877e-03, 5.801948e-03, 3.425396e-03, -6.823951e-04, -1.012425e-02, -5.801559e-03, 1.181878e-03, -5.202970e-06, 8.253207e-06, 2.178826e-08
-4.738416e-03, -1.135008e-05, -9.707742e-06, 8.942611e-06, -1.716050e-03, -9.836306e-04, 3.522202e-04, -8.427871e-03, -4.964317e-03, 1.009324e-03, 1.724653e-03, 1.002863e-03, -3.625621e-04, 1.734829e-05, -1.373265e-06, -8.888259e-06, 1.469483e-02, 8.427154e-03, -1.748064e-03, 8.422658e-03, 4.973602e-03, -9.934677e-04, -1.469869e-02, -8.422335e-03, 1.720677e-03, -6.501135e-06, 1.094497e-05, 4.632547e-09
-4.135345e-03, -1.474364e-05, -1.264941e-05, 1.171433e-05, -2.506030e-03, -1.437502e-03, 5.179783e-04, -1.225204e-02, -7.219836e-03, 1.468747e-03, 2.517189e-03, 1.462658e-03, -5.315368e-04, 2.238390e-05, -2.012944e-06, -1.159101e-05, 2.136440e-02, 1.225025e-02, -2.543614e-03, 1.224543e-02, 7.232157e-03, -1.447963e-03, -2.137062e-02, -1.224465e-02, 2.507812e-03, -8.795235e-06, 1.419614e-05, 2.262386e-08
-3.605504e-03, -1.929082e-05, -1.656350e-05, 1.538477e-05, -3.652494e-03, -2.096492e-03, 7.596185e-04, -1.779159e-02, -1.048790e-02, 2.134665e-03, 3.666556e-03, 2.129133e-03, -7.773861e-04, 2.988572e-05, -2.302356e-06, -1.521324e-05, 3.102501e-02, 1.778731e-02, -3.696585e-03, 1.778228e-02, 1.050375e-02, -2.107319e-03, -3.103401e-02, -1.778054e-02, 3.649725e-03, -1.299800e-05, 1.777680e-05, 1.545663e-07
-3.140278e-03, -2.569260e-05, -2.197649e-05, 2.030575e-05, -5.320999e-03, -3.055922e-03, 1.112572e-03, -2.583736e-02, -1.523556e-02, 3.102416e-03, 5.340330e-03, 3.099388e-03, -1.136065e-03, 3.895706e-05, -3.280462e-06, -2.004371e-05, 4.506246e-02, 2.583267e-02, -5.372705e-03, 2.582511e-02, 1.525646e-02, -3.066359e-03, -4.507338e-02, -2.582314e-02, 5.310790e-03, -1.613914e-05, 2.402970e-05, 1.127022e-07
-2.732042e-03, -3.283368e-05, -2.844243e-05, 2.675398e-05, -7.752456e-03, -4.454407e-03, 1.627899e-03, -3.751730e-02, -2.212901e-02, 4.507810e-03, 7.776844e-03, 4.511441e-03, -1.658864e-03, 5.035611e-05, -5.195292e-06, -2.645035e-05, 6.544278e-02, 3.751265e-02, -7.806912e-03, 3.750330e-02, 2.215796e-02, -4.460203e-03, -6.545963e-02, -3.750131e-02, 7.724979e-03, -2.050443e-05, 3.241406e-05, 7.647326e-08
-2.374050e-03, -4.259579e-05, -3.727649e-05, 3.558383e-05, -1.128797e-02, -6.488375e-03, 2.378947e-03, -5.447906e-02, -3.214095e-02, 6.549436e-03, 1.131843e-02, 6.563389e-03, -2.420096e-03, 6.646795e-05, -7.411743e-06, -3.509009e-05, 9.503181e-02, 5.446899e-02, -1.134213e-02, 5.446021e-02, 3.217955e-02, -6.485839e-03, -9.505766e-02, -5.445602e-02, 1.123314e-02, -2.970197e-05, 4.191240e-05, 2.924316e-07
-2.060336e-03, -5.928928e-05, -5.121061e-05, 4.803871e-05, -1.641617e-02, -9.439437e-03, 3.471430e-03, -7.910854e-02, -4.668050e-02, 9.514935e-03, 1.646022e-02, 9.541719e-03, -3.527072e-03, 8.957257e-05, -9.563986e-06, -4.710837e-05, 1.380008e-01, 7.909209e-02, -1.647737e-02, 7.908128e-02, 4.673129e-02, -9.429388e-03, -1.380346e-01, -7.907433e-02, 1.633108e-02, -4.011984e-05, 5.604933e-05, 3.821313e-07
-1.785625e-03, -7.423824e-05, -6.531085e-05, 6.285203e-05, -2.362005e-02, -1.358616e-02, 5.009535e-03, -1.135415e-01, -6.701224e-02, 1.366264e-02, 2.367329e-02, 1.371864e-02, -5.082242e-03, 1.163563e-04, -1.396360e-05, -6.216911e-05, 1.980998e-01, 1.135297e-01, -2.366228e-02, 1.135123e-01, 6.708295e-02, -1.355039e-02, -1.981472e-01, -1.135074e-01, 2.346922e-02, -4.944290e-05, 7.621319e-05, 2.644766e-07
-1.545252e-03, -1.025232e-04, -8.918685e-05, 8.455759e-05, -3.398732e-02, -1.955462e-02, 7.226785e-03, -1.631966e-01, -9.633307e-02, 1.964504e-02, 3.406206e-02, 1.973370e-02, -7.324489e-03, 1.611024e-04, -1.544042e-05, -8.423256e-05, 2.847682e-01, 1.631915e-01, -3.402544e-02, 1.631584e-01, 9.642818e-02, -1.949477e-02, -2.848239e-01, -1.631564e-01, 3.376579e-02, -6.264138e-05, 1.042231e-04, 1.192952e-07
-1.335098e-03, -1.394145e-04, -1.206241e-04, 1.134670e-04, -4.850927e-02, -2.791593e-02, 1.033574e-02, -2.326605e-01, -1.373539e-01, 2.801491e-02, 4.861409e-02, 2.815840e-02, -1.046704e-02, 2.148562e-04, -2.118003e-05, -1.129402e-04, 4.060063e-01, 2.326600e-01, -4.852355e-02, 2.326103e-01, 1.374818e-01, -2.781371e-02, -4.060770e-01, -2.326103e-01, 4.817514e-02, -7.871056e-05, 1.426283e-04, -3.000219e-07
-1.151522e-03, -1.802360e-04, -1.573218e-04, 1.499184e-04, -6.820590e-02, -3.925801e-02, 1.455651e-02, -3.266749e-01, -1.928769e-01, 3.934564e-02, 6.833898e-02, 3.957622e-02, -1.473026e-02, 2.739641e-04, -3.430049e-05, -1.471757e-04, 5.700198e-01, 3.266320e-01, -6.814073e-02, 3.265975e-01, 1.930407e-01, -3.907800e-02, -5.701313e-01, -3.265789e-01, 6.768195e-02, -1.203319e-04, 1.793935e-04, 7.308539e-07
-9.913102e-04, -2.230037e-04, -1.985317e-04, 1.937936e-04, -9.436848e-02, -5.432536e-02, 2.016906e-02, -4.513226e-01, -2.665022e-01, 5.437130e-02, 9.453180e-02, 5.473690e-02, -2.039323e-02, 3.583540e-04, -4.648362e-05, -1.953199e-04, 7.877385e-01, 4.513812e-01, -9.418512e-02, 4.512770e-01, 2.667459e-01, -5.402664e-02, -7.878768e-01, -4.513014e-01, 9.358136e-02, -1.087103e-04, 2.638031e-04, -2.622168e-06
-8.516256e-04, -3.079928e-04, -2.671011e-04, 2.522206e-04, -1.274286e-01, -7.336872e-02, 2.727655e-02, -6.093038e-01, -3.598142e-01, 7.341896e-02, 1.276651e-01, 7.391023e-02, -2.756918e-02, 4.617693e-04, -5.662364e-05, -2.488985e-04, 1.063339e+00, 6.092799e-01, -1.271612e-01, 6.091940e-01, 3.601003e-01, -7.297137e-02, -1.063517e+00, -6.091828e-01, 1.263884e-01, -1.754744e-04, 3.171420e-04, -9.193586e-07
-7.299648e-04, -3.829445e-04, -3.347278e-04, 3.194439e-04, -1.682981e-01, -9.690922e-02, 3.605854e-02, -8.041116e-01, -4.748848e-01, 9.690836e-02, 1.685728e-01, 9.758327e-02, -3.642717e-02, 6.146783e-04, -5.637206e-05, -3.203896e-04, 1.403416e+00, 8.041260e-01, -1.678528e-01, 8.039915e-01, 4.752584e-01, -9.634107e-02, -1.403638e+00, -8.039977e-01, 1.668686e-01, -2.262061e-04, 4.014201e-04, -2.381040e-07
-6.241199e-04, -4.561618e-04, -4.014907e-04, 3.865514e-04, -2.130550e-01, -1.226940e-01, 4.569158e-02, -1.017133e+00, -6.007289e-01, 1.225993e-01, 2.133843e-01, 1.235113e-01, -4.613797e-02, 7.345870e-04, -7.650517e-05, -3.888666e-04, 1.775310e+00, 1.017194e+00, -2.123590e-01, 1.017019e+00, 6.012004e-01, -1.219133e-01, -1.775595e+00, -1.017044e+00, 2.111637e-01, -2.495650e-04, 5.026702e-04, -2.337537e-06
-5.321443e-04, -5.394609e-04, -4.737989e-04, 4.551324e-04, -2.590492e-01, -1.491939e-01, 5.560075e-02, -1.236128e+00, -7.301044e-01, 1.490131e-01, 2.594334e-01, 1.501522e-01, -5.612612e-02, 8.675316e-04, -8.673137e-05, -4.557770e-04, 2.157477e+00, 1.236137e+00, -2.581000e-01, 1.235960e+00, 7.306400e-01, -1.482033e-01, -2.157811e+00, -1.235965e+00, 2.566965e-01, -3.267427e-04, 5.708841e-04, -1.010625e-07
-4.523227e-04, -5.917552e-04, -5.256703e-04, 5.124000e-04, -3.011990e-01, -1.734796e-01, 6.468382e-02, -1.436288e+00, -8.483614e-01, 1.731599e-01, 3.016085e-01, 1.745512e-01, -6.527514e-02, 9.652842e-04, -1.087412e-04, -5.125646e-04, 2.506830e+00, 1.436279e+00, -2.999210e-01, 1.436099e+00, 8.489668e-01, -1.722437e-01, -2.507228e+00, -1.436097e+00, 2.983355e-01, -3.818839e-04, 6.384025e-04, 8.890578e-07
-3.831439e-04, -6.447238e-04, -5.683967e-04, 5.489936e-04, -3.325705e-01, -1.915646e-01, 7.147830e-02, -1.585408e+00, -9.364838e-01, 1.911579e-01, 3.330247e-01, 1.927169e-01, -7.211197e-02, 1.041109e-03, -1.088867e-04, -5.491786e-04, 2.767149e+00, 1.585404e+00, -3.310953e-01, 1.585214e+00, 9.371358e-01, -1.901805e-01, -2.767583e+00, -1.585214e+00, 3.294032e-01, -4.036973e-04, 6.843578e-04, 5.853891e-07
-3.232777e-04, -6.573177e-04, -5.818190e-04, 5.645830e-04, -3.508155e-01, -2.020842e-01, 7.543694e-02, -1.671642e+00, -9.874539e-01, 2.015731e-01, 3.512780e-01, 2.032698e-01, -7.608864e-02, 1.067269e-03, -1.165529e-04, -5.661084e-04, 2.917748e+00, 1.671672e+00, -3.491410e-01, 1.671443e+00, 9.881254e-01, -2.005656e-01, -2.918164e+00, -1.671456e+00, 3.473926e-01, -3.983258e-04, 7.159874e-04, -7.761239e-07
-2.715533e-04, -6.461576e-04, -5.703665e-04, 5.517798e-04, -3.522647e-01, -2.029324e-01, 7.579591e-02, -1.677972e+00, -9.912305e-01, 2.023519e-01, 3.527286e-01, 2.040962e-01, -7.643356e-02, 1.033455e-03, -1.181600e-04, -5.519764e-04, 2.928829e+00, 1.677999e+00, -3.504885e-01, 1.677780e+00, 9.918885e-01, -2.013688e-01, -2.929239e+00, -1.677791e+00, 3.487824e-01, -3.799975e-04, 7.045204e-04, -1.710068e-06
-2.269409e-04, -6.051156e-04, -5.381230e-04, 5.256283e-04, -3.412955e-01, -1.966185e-01, 7.345617e-02, -1.625117e+00, -9.600272e-01, 1.959875e-01, 3.417149e-01, 1.977177e-01, -7.406271e-02, 9.904485e-04, -1.117799e-04, -5.269840e-04, 2.836581e+00, 1.625136e+00, -3.394641e-01, 1.624943e+00, 9.606600e-01, -1.950488e-01, -2.836997e+00, -1.624951e+00, 3.378364e-01, -3.789130e-04, 6.635698e-04, -9.494205e-08
-1.885355e-04, -5.516287e-04, -4.913033e-04, 4.807500e-04, -3.179062e-01, -1.831509e-01, 6.844748e-02, -1.513255e+00, -8.939676e-01, 1.825046e-01, 3.182966e-01, 1.841615e-01, -6.900310e-02, 8.903292e-04, -1.123971e-04, -4.810090e-04, 2.641370e+00, 1.513284e+00, -3.161121e-01, 1.513116e+00, 8.945583e-01, -1.816471e-01, -2.641771e+00, -1.513126e+00, 3.146234e-01, -3.294608e-04, 6.178445e-04, -1.735405e-06
-1.555418e-04, -4.910625e-04, -4.359944e-04, 4.252734e-04, -2.864833e-01, -1.650550e-01, 6.171080e-02, -1.363361e+00, -8.054370e-01, 1.644350e-01, 2.868279e-01, 1.659465e-01, -6.220176e-02, 7.992956e-04, -9.100375e-05, -4.265601e-04, 2.379757e+00, 1.363390e+00, -2.848154e-01, 1.363228e+00, 8.059538e-01, -1.636768e-01, -2.380095e+00, -1.363240e+00, 2.834989e-01, -2.967491e-04, 5.427323e-04, -9.087274e-07
-1.272615e-04, -4.324725e-04, -3.831851e-04, 3.726015e-04, -2.530583e-01, -1.458001e-01, 5.452418e-02, -1.204069e+00, -7.113417e-01, 1.452270e-01, 2.533648e-01, 1.465837e-01, -5.495427e-02, 7.049879e-04, -7.703069e-05, -3.751473e-04, 2.101772e+00, 1.204126e+00, -2.515505e-01, 1.203973e+00, 7.118056e-01, -1.445648e-01, -2.102073e+00, -1.203996e+00, 2.503966e-01, -2.440343e-04, 4.846562e-04, -1.998514e-06
-1.030818e-04, -3.530100e-04, -3.184022e-04, 3.167839e-04, -2.182681e-01, -1.257568e-01, 4.703406e-02, -1.037985e+00, -6.132308e-01, 1.251986e-01, 2.185073e-01, 1.264157e-01, -4.739968e-02, 5.862806e-04, -7.691473e-05, -3.178233e-04, 1.811823e+00, 1.038004e+00, -2.168539e-01, 1.037901e+00, 6.136265e-01, -1.246313e-01, -1.812105e+00, -1.037909e+00, 2.158692e-01, -2.247120e-04, 4.055694e-04, -4.791980e-07
-8.246545e-05, -3.129610e-04, -2.757265e-04, 2.663553e-04, -1.845329e-01, -1.063244e-01, 3.978496e-02, -8.776182e-01, -5.184977e-01, 1.058585e-01, 1.847580e-01, 1.068861e-01, -4.009263e-02, 5.023690e-04, -5.447161e-05, -2.671766e-04, 1.531926e+00, 8.776445e-01, -1.833571e-01, 8.775372e-01, 5.188218e-01, -1.053851e-01, -1.532132e+00, -8.775478e-01, 1.825339e-01, -1.788189e-04, 3.428497e-04, -1.136210e-06
-6.494154e-05, -2.526038e-04, -2.247296e-04, 2.198949e-04, -1.540684e-01, -8.877220e-02, 3.322338e-02, -7.324134e-01, -4.327173e-01, 8.834545e-02, 1.542465e-01, 8.923372e-02, -3.347723e-02, 4.132712e-04, -4.759367e-05, -2.214460e-04, 1.278495e+00, 7.324507e-01, -1.530256e-01, 7.323619e-01, 4.329946e-01, -8.795429e-02, -1.278679e+00, -7.323773e-01, 1.523437e-01, -1.428627e-04, 2.876596e-04, -1.308697e-06
-5.009776e-05, -2.135847e-04, -1.875685e-04, 1.807175e-04, -1.267602e-01, -7.303907e-02, 2.734504e-02, -6.025310e-01, -3.559853e-01, 7.267936e-02, 1.269095e-01, 7.341704e-02, -2.755338e-02, 3.480868e-04, -3.167027e-05, -1.814096e-04, 1.051733e+00, 6.025342e-01, -1.258851e-01, 6.024664e-01, 3.561997e-01, -7.235777e-02, -1.051871e+00, -6.024683e-01, 1.253278e-01, -1.337175e-04, 2.248092e-04, 3.438540e-07
-3.757332e-05, -1.648847e-04, -1.472512e-04, 1.449585e-04, -1.030590e-01, -5.938283e-02, 2.223681e-02, -4.895394e-01, -2.892337e-01, 5.905050e-02, 1.031732e-01, 5.968552e-02, -2.240398e-02, 2.739988e-04, -3.071408e-05, -1.464533e-04, 8.545525e-01, 4.895689e-01, -1.022839e-01, 4.895077e-01, 2.894182e-01, -5.879234e-02, -8.546741e-01, -4.895201e-01, 1.018334e-01, -9.425867e-05, 1.902287e-04, -8.204494e-07
-2.705279e-05, -1.310971e-04, -1.175874e-04, 1.165201e-04, -8.289975e-02, -4.776690e-02, 1.789126e-02, -3.935758e-01, -2.325377e-01, 4.747476e-02, 8.298897e-02, 4.800896e-02, -1.802574e-02, 2.161136e-04, -2.712747e-05, -1.166350e-04, 6.870001e-01, 3.935759e-01, -8.222870e-02, 3.935421e-01, 2.326819e-01, -4.726618e-02, -6.871054e-01, -3.935422e-01, 8.186742e-02, -8.589050e-05, 1.470887e-04, 7.738355e-08
-1.826063e-05, -1.023945e-04, -9.200611e-05, 9.149772e-05, -6.557158e-02, -3.778293e-02, 1.415803e-02, -3.111058e-01, -1.838158e-01, 3.752654e-02, 6.564084e-02, 3.797256e-02, -1.426361e-02, 1.695706e-04, -2.137296e-05, -9.166143e-05, 5.430518e-01, 3.111070e-01, -6.499822e-02, 3.110805e-01, 1.839299e-01, -3.736272e-02, -5.431361e-01, -3.110813e-01, 6.471437e-02, -6.745357e-05, 1.157583e-04, 6.192109e-08
-1.095638e-05, -7.945957e-05, -7.157452e-05, 7.147741e-05, -5.129801e-02, -2.955840e-02, 1.108127e-02, -2.431891e-01, -1.436904e-01, 2.933388e-02, 5.135141e-02, 2.970625e-02, -1.116372e-02, 1.325992e-04, -1.670794e-05, -7.177301e-05, 4.245073e-01, 2.431931e-01, -5.080853e-02, 2.431716e-01, 1.437810e-01, -2.920589e-02, -4.245744e-01, -2.431734e-01, 5.058640e-02, -5.166683e-05, 9.129548e-05, -3.028925e-08
-4.930371e-06, -6.009841e-05, -5.437847e-05, 5.469532e-05, -3.940428e-02, -2.270522e-02, 8.517592e-03, -1.865900e-01, -1.102516e-01, 2.250631e-02, 3.944505e-02, 2.281850e-02, -8.580744e-03, 9.988313e-05, -1.385507e-05, -5.491835e-05, 3.257160e-01, 1.865956e-01, -3.898307e-02, 1.865798e-01, 1.103229e-01, -2.240839e-02, -3.257705e-01, -1.865820e-01, 3.881281e-02, -3.759495e-05, 7.133772e-05, -2.062783e-07
0.000000e+00, -4.374599e-05, -4.007845e-05, 4.105658e-05, -2.968311e-02, -1.710372e-02, 6.421611e-03, -1.403256e-01, -8.291815e-02, 1.692511e-02, 2.971182e-02, 1.718796e-02, -6.469024e-03, 7.342319e-05, -1.149960e-05, -4.106508e-05, 2.449529e-01, 1.403261e-01, -2.931522e-02, 1.403191e-01, 8.297282e-02, -1.685134e-02, -2.449997e-01, -1.403193e-01, 2.918739e-02, -3.011375e-05, 5.284985e-05, -2.504057e-08
4.930371e-06, -2.895631e-05, -2.680043e-05, 2.790816e-05, -2.003957e-02, -1.154679e-02, 4.342010e-03, -9.445397e-02, -5.581620e-02, 1.139090e-02, 2.005841e-02, 1.160382e-02, -4.374265e-03, 4.875668e-05, -8.589870e-06, -2.788696e-05, 1.648833e-01, 9.445466e-02, -1.972972e-02, 9.445143e-02, 5.585474e-02, -1.134061e-02, -1.649182e-01, -9.445165e-02, 1.964252e-02, -2.008031e-05, 3.649886e-05, -6.776253e-08
1.095638e-05, -9.621617e-06, -9.612686e-06, 1.115454e-05, -8.107173e-03, -4.671288e-03, 1.769774e-03, -3.768487e-02, -2.227670e-02, 4.542725e-03, 8.112241e-03, 4.693000e-03, -1.782657e-03, 1.779646e-05, -4.631324e-06, -1.116565e-05, 6.579207e-02, 3.768526e-02, -7.868297e-03, 3.768766e-02, 2.229496e-02, -4.522358e-03, -6.581317e-02, -3.768781e-02, 7.832970e-03, -8.404993e-06, 1.513972e-05, -2.110242e-08
1.826063e-05, 1.255306e-05, 1.033053e-05, -8.582056e-06, 6.225422e-03, 3.587424e-03, -1.320379e-03, 3.048584e-02, 1.799963e-02, -3.681053e-03, -6.235609e-03, -3.606960e-03, 1.330293e-03, -1.857233e-05, 2.469656e-07, 8.584508e-06, -5.320208e-02, -3.048611e-02, 6.375814e-03, -3.047755e-02, -1.800583e-02, 3.666107e-03, 5.319844e-02, 3.047765e-02, -6.349894e-03, 5.568222e-06, -1.006508e-05, 1.470282e-08
2.705279e-05, 3.932512e-05, 3.406296e-05, -3.167991e-05, 2.323312e-02, 1.338804e-02, -4.989109e-03, 1.113792e-01, 6.579375e-02, -1.344014e-02, -2.326219e-02, -1.345605e-02, 5.025700e-03, -6.182353e-05, 5.251774e-06, 3.169522e-05, -1.944049e-01, -1.113801e-01, 2.327918e-02, -1.113626e-01, -6.582735e-02, 1.338394e-02, 1.944184e-01, 1.113630e-01, -2.318173e-02, 2.196705e-05, -3.933913e-05, 4.576505e-08
3.757332e-05, 6.931475e-05, 6.108370e-05, -5.847034e-05, 4.333106e-02, 2.496954e-02, -9.324711e-03, 2.069401e-01, 1.222549e-01, -2.496924e-02, -4.338157e-02, -2.509414e-02, 9.392232e-03, -1.120146e-04, 1.160088e-05, 5.906576e-05, -3.612341e-01, -2.069559e-01, 4.325094e-02, -2.069217e-01, -1.223249e-01, 2.486552e-02, 3.612686e-01, 2.069283e-01, -4.306946e-02, 3.462121e-05, -7.751315e-05, 5.743510e-07
5.009776e-05, 1.059766e-04, 9.334809e-05, -8.964759e-05, 6.664024e-02, 3.840193e-02, -1.435478e-02, 3.177911e-01, 1.877498e-01, -3.834365e-02, -6.671644e-02, -3.859162e-02, 1.445840e-02, -1.682425e-04, 1.914343e-05, 8.934621e-05, -5.546989e-01, -3.177883e-01, 6.641270e-02, -3.177559e-01, -1.878537e-01, 3.818408e-02, 5.547645e-01, 3.177547e-01, -6.613663e-02, 6.465438e-05, -1.119370e-04, 3.721601e-08
6.494154e-05, 1.455243e-04, 1.291334e-04, -1.252677e-04, 9.362215e-02, 5.395051e-02, -2.017612e-02, 4.460554e-01, 2.635343e-01, -5.381783e-02, -9.372554e-02, -5.421486e-02, 2.032079e-02, -2.360172e-04, 2.711054e-05, 1.258210e-04, -7.786202e-01, -4.460713e-01, 9.321836e-02, -4.460180e-01, -2.636866e-01, 5.359494e-02, 7.787155e-01, 4.460249e-01, -9.283052e-02, 8.313038e-05, -1.617386e-04, 5.892457e-07
8.246545e-05, 1.896572e-04, 1.684406e-04, -1.637203e-04, 1.234435e-01, 7.113648e-02, -2.661425e-02, 5.877946e-01, 3.472825e-01, -7.091951e-02, -1.235787e-01, -7.148199e-02, 2.680345e-02, -3.055315e-04, 3.708009e-05, 1.639832e-04, -1.026032e+00, -5.878086e-01, 1.228389e-01, -5.877415e-01, -3.474796e-01, 7.062761e-02, 1.026155e+00, 5.877473e-01, -1.223317e-01, 1.102784e-04, -2.106725e-04, 6.993266e-07
1.030818e-04, 2.332233e-04, 2.078252e-04, -2.031119e-04, 1.555154e-01, 8.962092e-02, -3.354317e-02, 7.401409e-01, 4.373022e-01, -8.930440e-02, -1.556810e-01, -9.004861e-02, 3.377800e-02, -3.749449e-04, 4.856155e-05, 2.029103e-04, -1.291955e+00, -7.401484e-01, 1.546809e-01, -7.400756e-01, -4.375478e-01, 8.894193e-02, 1.292117e+00, 7.400781e-01, -1.540521e-01, 1.400167e-04, -2.600655e-04, 6.833369e-07
1.272615e-04, 2.798701e-04, 2.504123e-04, -2.460679e-04, 1.896968e-01, 1.093199e-01, -4.092421e-02, 9.025152e-01, 5.332452e-01, -1.088946e-01, -1.898877e-01, -1.098332e-01, 4.120809e-02, -4.621270e-04, 5.471912e-05, 2.466741e-04, -1.575387e+00, -9.025196e-01, 1.886119e-01, -9.024348e-01, -5.335423e-01, 1.084546e-01, 1.575588e+00, 9.024370e-01, -1.878493e-01, 1.801803e-04, -3.094049e-04, -1.785698e-07
1.555418e-04, 3.228129e-04, 2.888261e-04, -2.837061e-04, 2.224011e-01, 1.281708e-01, -4.799751e-02, 1.057764e+00, 6.249872e-01, -1.276326e-01, -2.226257e-01, -1.287658e-01, 4.832492e-02, -5.330555e-04, 6.363347e-05, 2.859470e-04, -1.846471e+00, -1.057816e+00, 2.210760e-01, -1.057686e+00, -6.253379e-01, 1.271261e-01, 1.846686e+00, 1.057708e+00, -2.201930e-01, 1.848888e-04, -3.709678e-04, 1.604148e-06
1.885355e-04, 3.542779e-04, 3.180755e-04, -3.141341e-04, 2.511610e-01, 1.447502e-01, -5.422426e-02, 1.194129e+00, 7.055748e-01, -1.440919e-01, -2.514056e-01, -1.454070e-01, 5.458709e-02, -5.804858e-04, 7.616551e-05, 3.145152e-04, -2.084459e+00, -1.194143e+00, 2.495773e-01, -1.194042e+00, -7.059639e-01, 1.435308e-01, 2.084735e+00, 1.194048e+00, -2.486037e-01, 2.211222e-04, -4.014119e-04, 6.384880e-07
2.269409e-04, 3.800135e-04, 3.395559e-04, -3.338839e-04, 2.723763e-01, 1.569838e-01, -5.883190e-02, 1.294685e+00, 7.650082e-01, -1.562370e-01, -2.726354e-01, -1.576784e-01, 5.921753e-02, -6.160147e-04, 7.879294e-05, 3.313627e-04, -2.259884e+00, -1.294624e+00, 2.705993e-01, -1.294564e+00, -7.654057e-01, 1.556399e-01, 2.260197e+00, 1.294539e+00, -2.695721e-01, 2.708184e-04, -4.035602e-04, -2.125050e-06
2.715533e-04, 3.864378e-04, 3.457920e-04, -3.405908e-04, 2.835803e-01, 1.634467e-01, -6.127371e-02, 1.347523e+00, 7.962464e-01, -1.626196e-01, -2.838416e-01, -1.641540e-01, 6.166706e-02, -6.271761e-04, 8.134923e-05, 3.374639e-04, -2.352106e+00, -1.347445e+00, 2.816509e-01, -1.347388e+00, -7.966456e-01, 1.620089e-01, 2.352420e+00, 1.347356e+00, -2.806022e-01, 2.841119e-04, -4.072008e-04, -2.771000e-06
3.232777e-04, 3.747272e-04, 3.347574e-04, -3.288476e-04, 2.812683e-01, 1.621215e-01, -6.080198e-02, 1.336151e+00, 7.895500e-01, -1.612563e-01, -2.815235e-01, -1.628061e-01, 6.118151e-02, -6.135654e-04, 7.414948e-05, 3.280497e-04, -2.332358e+00, -1.336122e+00, 2.792988e-01, -1.336033e+00, -7.899415e-01, 1.606677e-01, 2.332640e+00, 1.336021e+00, -2.782828e-01, 2.555549e-04, -4.044301e-04, -1.326611e-06
3.831439e-04, 3.343194e-04, 2.998977e-04, -2.960076e-04, 2.638563e-01, 1.520948e-01, -5.707167e-02, 1.252900e+00, 7.403858e-01, -1.512233e-01, -2.640855e-01, -1.527127e-01, 5.741301e-02, -5.585386e-04, 6.504643e-05, 2.989979e-04, -2.187202e+00, -1.252957e+00, 2.619371e-01, -1.252827e+00, -7.407572e-01, 1.506952e-01, 2.187439e+00, 1.252851e+00, -2.610158e-01, 1.942733e-04, -3.871814e-04, 1.510418e-06
4.523227e-04, 2.831122e-04, 2.553769e-04, -2.538658e-04, 2.351474e-01, 1.355536e-01, -5.088861e-02, 1.116079e+00, 6.595560e-01, -1.347198e-01, -2.353402e-01, -1.360826e-01, 5.118169e-02, -4.687899e-04, 6.248896e-05, 2.546122e-04, -1.948321e+00, -1.116097e+00, 2.333449e-01, -1.116013e+00, -6.598732e-01, 1.342656e-01, 1.948546e+00, 1.116020e+00, -2.325562e-01, 1.781441e-04, -3.258130e-04, 5.486315e-07
5.321443e-04, 2.278676e-04, 2.056806e-04, -2.047817e-04, 1.983193e-01, 1.143313e-01, -4.294625e-02, 9.408932e-01, 5.560502e-01, -1.135841e-01, -1.984698e-01, -1.147547e-01, 4.318242e-02, -3.804685e-04, 4.858756e-05, 2.047027e-04, -1.642477e+00, -9.408785e-01, 1.967309e-01, -9.408307e-01, -5.563013e-01, 1.132171e-01, 1.642670e+00, 9.408252e-01, -1.960970e-01, 1.603928e-04, -2.526147e-04, -9.330347e-07
6.241199e-04, 1.683906e-04, 1.528035e-04, -1.531906e-04, 1.580739e-01, 9.113771e-02, -3.425865e-02, 7.495396e-01, 4.429870e-01, -9.049612e-02, -1.581839e-01, -9.145365e-02, 3.443527e-02, -2.840089e-04, 3.727355e-05, 1.534749e-04, -1.308475e+00, -7.495356e-01, 1.567434e-01, -7.494975e-01, -4.431780e-01, 9.022143e-02, 1.308622e+00, 7.494966e-01, -1.562683e-01, 1.178078e-04, -1.909401e-04, -5.288689e-07
7.299648e-04, 1.214814e-04, 1.092156e-04, -1.082929e-04, 1.198433e-01, 6.910282e-02, -2.599784e-02, 5.679881e-01, 3.357069e-01, -6.858631e-02, -1.199252e-01, -6.932752e-02, 2.612288e-02, -1.991415e-04, 2.644090e-05, 1.077754e-04, -9.915411e-01, -5.679744e-01, 1.187924e-01, -5.679509e-01, -3.358373e-01, 6.839219e-02, 9.916409e-01, 5.679452e-01, -1.184578e-01, 8.553546e-05, -1.329078e-04, -5.036016e-07
8.516256e-04, 7.603652e-05, 7.025800e-05, -7.206054e-05, 8.722371e-02, 5.029869e-02, -1.893738e-02, 4.130556e-01, 2.441495e-01, -4.988445e-02, -8.727062e-02, -5.044548e-02, 1.902049e-02, -1.297413e-04, 2.044105e-05, 7.158830e-05, -7.210790e-01, -4.130393e-01, 8.639957e-02, -4.130371e-01, -2.442408e-01, 4.975463e-02, 7.211643e-01, 4.130308e-01, -8.617669e-02, 6.232716e-05, -8.638074e-05, -7.474925e-07
9.913102e-04, 4.740260e-05, 4.386519e-05, -4.503652e-05, 6.075897e-02, 3.504169e-02, -1.320627e-02, 2.875319e-01, 1.699670e-01, -3.473070e-02, -6.078873e-02, -3.513385e-02, 1.325824e-02, -8.091935e-05, 1.303089e-05, 4.492386e-05, -5.019725e-01, -2.875270e-01, 6.015439e-02, -2.875222e-01, -1.700251e-01, 3.464961e-02, 5.020237e-01, 2.875201e-01, -6.001451e-02, 3.596454e-05, -5.587467e-05, -2.253035e-07
1.151522e-03, 2.788295e-05, 2.561757e-05, -2.608844e-05, 4.053613e-02, 2.338190e-02, -8.822579e-03, 1.916911e-01, 1.133227e-01, -2.315927e-02, -4.055409e-02, -2.343554e-02, 8.852692e-03, -4.706659e-05, 7.310448e-06, 2.603413e-05, -3.346650e-01, -1.916889e-01, 4.011252e-02, -1.916845e-01, -1.133557e-01, 2.311232e-02, 3.346922e-01, 1.916835e-01, -4.003144e-02, 2.025100e-05, -3.262235e-05, -8.416400e-08
1.335098e-03, 1.531594e-05, 1.392029e-05, -1.399898e-05, 2.604492e-02, 1.502550e-02, -5.676841e-03, 1.230671e-01, 7.276068e-02, -1.487162e-02, -2.605497e-02, -1.505437e-02, 5.692991e-03, -2.569760e-05, 3.553591e-06, 1.399712e-05, -2.148652e-01, -1.230664e-01, 2.575825e-02, -1.230639e-01, -7.277850e-02, 1.484656e-02, 2.148800e-01, 1.230636e-01, -2.571493e-02, 1.076918e-05, -1.746468e-05, -4.416283e-08
1.545252e-03, 7.492846e-06, 6.760425e-06, -6.731290e-06, 1.600246e-02, 9.233491e-03, -3.493379e-03, 7.554495e-02, 4.466870e-02, -9.131223e-03, -1.600756e-02, -9.247499e-03, 3.501154e-03, -1.230967e-05, 1.714988e-06, 6.722014e-06, -1.319004e-01, -7.554489e-02, 1.581575e-02, -7.554328e-02, -4.467717e-02, 9.119184e-03, 1.319071e-01, 7.554329e-02, -1.579491e-02, 4.937439e-06, -8.508646e-06, -5.630219e-10
1.785625e-03, 2.894561e-06, 2.595335e-06, -2.567106e-06, 9.027925e-03, 5.210176e-03, -1.974357e-03, 4.257365e-02, 2.517612e-02, -5.147380e-03, -9.029910e-03, -5.215519e-03, 1.977323e-03, -4.694320e-06, 6.359577e-07, 2.552045e-06, -7.433550e-02, -4.257337e-02, 8.915483e-03, -4.257293e-02, -2.517930e-02, 5.142796e-03, 7.433811e-02, 4.257283e-02, -8.907577e-03, 1.987947e-06, -3.169827e-06, -8.360860e-09
2.060336e-03, 6.133437e-07, 5.603597e-07, -5.656178e-07, 4.237730e-03, 2.446186e-03, -9.285491e-04, 1.995950e-02, 1.180464e-02, -2.413959e-03, -4.238177e-03, -2.447384e-03, 9.292049e-04, -9.897141e-07, 1.796513e-07, 5.691005e-07, -3.485222e-02, -1.995971e-02, 4.181136e-03, -1.995947e-02, -1.180542e-02, 2.412950e-03, 3.485275e-02, 1.995954e-02, -4.179362e-03, 2.796829e-07, -8.030263e-07, 1.149626e-08
2.374050e-03, 0.000000e+00, 0.000000e+00, 0.000000e+00, 0.000000e+00, 0.000000e+00, 0.000000e+00, 0.000000e+00, 0.000000e+00, 0.000000e+00, 0.000000e+00, 0.000000e+00, 0.000000e+00, 0.000000e+00, 0.000000e+00, 0.000000e+00, 0.000000e+00, 0.000000e+00, 0.000000e+00, 0.000000e+00, 0.000000e+00, 0.000000e+00, 0.000000e+00, 0.000000e+00, 0.000000e+00, 0.000000e+00, 0.000000e+00, 0.000000e+00
2.732042e-03, 0.000000e+00, 0.000000e+00, 0.000000e+00, 0.000000e+00, 0.000000e+00, 0.000000e+00, 0.000000e+00, 0.000000e+00, 0.000000e+00, 0.000000e+00, 0.000000e+00, 0.000000e+00, 0.000000e+00, 0.000000e+00, 0.000000e+00, 0.000000e+00, 0.000000e+00, 0.000000e+00, 0.000000e+00, 0.000000e+00, 0.000000e+00, 0.000000e+00, 0.000000e+00, 0.000000e+00, 0.000000e+00, 0.000000e+00, 0.000000e+00
3.140278e-03, 0.000000e+00, 0.000000e+00, 0.000000e+00, 0.000000e+00, 0.000000e+00, 0.000000e+00, 0.000000e+00, 0.000000e+00, 0.000000e+00, 0.000000e+00, 0.000000e+00, 0.000000e+00, 0.000000e+00, 0.000000e+00, 0.000000e+00, 0.000000e+00, 0.000000e+00, 0.000000e+00, 0.000000e+00, 0.000000e+00, 0.000000e+00, 0.000000e+00, 0.000000e+00, 0.000000e+00, 0.000000e+00, 0.000000e+00, 0.000000e+00
3.605504e-03, 0.000000e+00, 0.000000e+00, 0.000000e+00, 0.000000e+00, 0.000000e+00, 0.000000e+00, 0.000000e+00, 0.000000e+00, 0.000000e+00, 0.000000e+00, 0.000000e+00, 0.000000e+00, 0.000000e+00, 0.000000e+00, 0.000000e+00, 0.000000e+00, 0.000000e+00, 0.000000e+00, 0.000000e+00, 0.000000e+00, 0.000000e+00, 0.000000e+00, 0.000000e+00, 0.000000e+00, 0.000000e+00, 0.000000e+00, 0.000000e+00
4.135345e-03, 0.000000e+00, 0.000000e+00, 0.000000e+00, 0.000000e+00, 0.000000e+00, 0.000000e+00, 0.000000e+00, 0.000000e+00, 0.000000e+00, 0.000000e+00, 0.000000e+00, 0.000000e+00, 0.000000e+00, 0.000000e+00, 0.000000e+00, 0.000000e+00, 0.000000e+00, 0.000000e+00, 0.000000e+00, 0.000000e+00, 0.000000e+00, 0.000000e+00, 0.000000e+00, 0.000000e+00, 0.000000e+00, 0.000000e+00, 0.000000e+00
4.738416e-03, 0.000000e+00, 0.000000e+00, 0.000000e+00, 0.000000e+00, 0.000000e+00, 0.000000e+00, 0.000000e+00, 0.000000e+00, 0.000000e+00, 0.000000e+00, 0.000000e+00, 0.000000e+00, 0.000000e+00, 0.000000e+00, 0.000000e+00, 0.000000e+00, 0.000000e+00, 0.000000e+00, 0.000000e+00, 0.000000e+00, 0.000000e+00, 0.000000e+00, 0.000000e+00, 0.000000e+00, 0.000000e+00, 0.000000e+00, 0.000000e+00
5.424450e-03, 0.000000e+00, 0.000000e+00, 0.000000e+00, 0.000000e+00, 0.000000e+00, 0.000000e+00, 0.000000e+00, 0.000000e+00, 0.000000e+00, 0.000000e+00, 0.000000e+00, 0.000000e+00, 0.000000e+00, 0.000000e+00, 0.000000e+00, 0.000000e+00, 0.000000e+00, 0.000000e+00, 0.000000e+00, 0.000000e+00, 0.000000e+00, 0.000000e+00, 0.000000e+00, 0.000000e+00, 0.000000e+00, 0.000000e+00, 0.000000e+00
6.204436e-03, 0.000000e+00, 0.000000e+00, 0.000000e+00, 0.000000e+00, 0.000000e+00, 0.000000e+00, 0.000000e+00, 0.000000e+00, 0.000000e+00, 0.000000e+00, 0.000000e+00, 0.000000e+00, 0.000000e+00, 0.000000e+00, 0.000000e+00, 0.000000e+00, 0.000000e+00, 0.000000e+00, 0.000000e+00, 0.000000e+00, 0.000000e+00, 0.000000e+00, 0.000000e+00, 0.000000e+00, 0.000000e+00, 0.000000e+00, 0.000000e+00
7.090784e-03, 0.000000e+00, 0.000000e+00, 0.000000e+00, 0.000000e+00, 0.000000e+00, 0.000000e+00, 0.000000e+00, 0.000000e+00, 0.000000e+00, 0.000000e+00, 0.000000e+00, 0.000000e+00, 0.000000e+00, 0.000000e+00, 0.000000e+00, 0.000000e+00, 0.000000e+00, 0.000000e+00, 0.000000e+00, 0.000000e+00, 0.000000e+00, 0.000000e+00, 0.000000e+00, 0.000000e+00, 0.000000e+00, 0.000000e+00, 0.000000e+00
8.097500e-03, 0.000000e+00, 0.000000e+00, 0.000000e+00, 0.000000e+00, 0.000000e+00, 0.000000e+00, 0.000000e+00, 0.000000e+00, 0.000000e+00, 0.000000e+00, 0.000000e+00, 0.000000e+00, 0.000000e+00, 0.000000e+00, 0.000000e+00, 0.000000e+00, 0.000000e+00, 0.000000e+00, 0.000000e+00, 0.000000e+00, 0.000000e+00, 0.000000e+00, 0.000000e+00, 0.000000e+00, 0.000000e+00, 0.000000e+00, 0.000000e+00
9.240391e-03, 0.000000e+00, 0.000000e+00, 0.000000e+00, 0.000000e+00, 0.000000e+00, 0.000000e+00, 0.000000e+00, 0.000000e+00, 0.000000e+00, 0.000000e+00, 0.000000e+00, 0.000000e+00, 0.000000e+00, 0.000000e+00, 0.000000e+00, 0.000000e+00, 0.000000e+00, 0.000000e+00, 0.000000e+00, 0.000000e+00, 0.000000e+00, 0.000000e+00, 0.000000e+00, 0.000000e+00, 0.000000e+00, 0.000000e+00, 0.000000e+00
1.053729e-02, 0.000000e+00, 0.000000e+00, 0.000000e+00, 0.000000e+00, 0.000000e+00, 0.000000e+00, 0.000000e+00, 0.000000e+00, 0.000000e+00, 0.000000e+00, 0.000000e+00, 0.000000e+00, 0.000000e+00, 0.000000e+00, 0.000000e+00, 0.000000e+00, 0.000000e+00, 0.000000e+00, 0.000000e+00, 0.000000e+00, 0.000000e+00, 0.000000e+00, 0.000000e+00, 0.000000e+00, 0.000000e+00, 0.000000e+00, 0.000000e+00
1.200831e-02, 0.000000e+00, 0.000000e+00, 0.000000e+00, 0.000000e+00, 0.000000e+00, 0.000000e+00, 0.000000e+00, 0.000000e+00, 0.000000e+00, 0.000000e+00, 0.000000e+00, 0.000000e+00, 0.000000e+00, 0.000000e+00, 0.000000e+00, 0.000000e+00, 0.000000e+00, 0.000000e+00, 0.000000e+00, 0.000000e+00, 0.000000e+00, 0.000000e+00, 0.000000e+00, 0.000000e+00, 0.000000e+00, 0.000000e+00, 0.000000e+00
1.367613e-02, 0.000000e+00, 0.000000e+00, 0.000000e+00, 0.000000e+00, 0.000000e+00, 0.000000e+00, 0.000000e+00, 0.000000e+00, 0.000000e+00, 0.000000e+00, 0.000000e+00, 0.000000e+00, 0.000000e+00, 0.000000e+00, 0.000000e+00, 0.000000e+00, 0.000000e+00, 0.000000e+00, 0.000000e+00, 0.000000e+00, 0.000000e+00, 0.000000e+00, 0.000000e+00, 0.000000e+00, 0.000000e+00, 0.000000e+00, 0.000000e+00
1.556632e-02, 0.000000e+00, 0.000000e+00, 0.000000e+00, 0.000000e+00, 0.000000e+00, 0.000000e+00, 0.000000e+00, 0.000000e+00, 0.000000e+00, 0.000000e+00, 0.000000e+00, 0.000000e+00, 0.000000e+00, 0.000000e+00, 0.000000e+00, 0.000000e+00, 0.000000e+00, 0.000000e+00, 0.000000e+00, 0.000000e+00, 0.000000e+00, 0.000000e+00, 0.000000e+00, 0.000000e+00, 0.000000e+00, 0.000000e+00, 0.000000e+00
1.770772e-02, 0.000000e+00, 0.000000e+00, 0.000000e+00, 0.000000e+00, 0.000000e+00, 0.000000e+00, 0.000000e+00, 0.000000e+00, 0.000000e+00, 0.000000e+00, 0.000000e+00, 0.000000e+00, 0.000000e+00, 0.000000e+00, 0.000000e+00, 0.000000e+00, 0.000000e+00, 0.000000e+00, 0.000000e+00, 0.000000e+00, 0.000000e+00, 0.000000e+00, 0.000000e+00, 0.000000e+00, 0.000000e+00, 0.000000e+00, 0.000000e+00
2.013281e-02, 0.000000e+00, 0.000000e+00, 0.000000e+00, 0.000000e+00, 0.000000e+00, 0.000000e+00, 0.000000e+00, 0.000000e+00, 0.000000e+00, 0.000000e+00, 0.000000e+00, 0.000000e+00, 0.000000e+00, 0.000000e+00, 0.000000e+00, 0.000000e+00, 0.000000e+00, 0.000000e+00, 0.000000e+00, 0.000000e+00, 0.000000e+00, 0.000000e+00, 0.000000e+00, 0.000000e+00, 0.000000e+00, 0.000000e+00, 0.000000e+00
2.287819e-02, 0.000000e+00, 0.000000e+00, 0.000000e+00, 0.000000e+00, 0.000000e+00, 0.000000e+00, 0.000000e+00, 0.000000e+00, 0.000000e+00, 0.000000e+00, 0.000000e+00, 0.000000e+00, 0.000000e+00, 0.000000e+00, 0.000000e+00, 0.000000e+00, 0.000000e+00, 0.000000e+00, 0.000000e+00, 0.000000e+00, 0.000000e+00, 0.000000e+00, 0.000000e+00, 0.000000e+00, 0.000000e+00, 0.000000e+00, 0.000000e+00
2.598511e-02, 0.000000e+00, 0.000000e+00, 0.000000e+00, 0.000000e+00, 0.000000e+00, 0.000000e+00, 0.000000e+00, 0.000000e+00, 0.000000e+00, 0.000000e+00, 0.000000e+00, 0.000000e+00, 0.000000e+00, 0.000000e+00, 0.000000e+00, 0.000000e+00, 0.000000e+00, 0.000000e+00, 0.000000e+00, 0.000000e+00, 0.000000e+00, 0.000000e+00, 0.000000e+00, 0.000000e+00, 0.000000e+00, 0.000000e+00, 0.000000e+00
2.950000e-02, 0.000000e+00, 0.000000e+00, 0.000000e+00, 0.000000e+00, 0.000000e+00, 0.000000e+00, 0.000000e+00, 0.000000e+00, 0.000000e+00, 0.000000e+00, 0.000000e+00, 0.000000e+00, 0.000000e+00, 0.000000e+00, 0.000000e+00, 0.000000e+00, 0.000000e+00, 0.000000e+00, 0.000000e+00, 0.000000e+00, 0.000000e+00, 0.000000e+00, 0.000000e+00, 0.000000e+00, 0.000000e+00, 0.000000e+00, 0.000000e+00
3.018868e-02, 0.000000e+00, 0.000000e+00, 0.000000e+00, 0.000000e+00, 0.000000e+00, 0.000000e+00, 0.000000e+00, 0.000000e+00, 0.000000e+00, 0.000000e+00, 0.000000e+00, 0.000000e+00, 0.000000e+00, 0.000000e+00, 0.000000e+00, 0.000000e+00, 0.000000e+00, 0.000000e+00, 0.000000e+00, 0.000000e+00, 0.000000e+00, 0.000000e+00, 0.000000e+00, 0.000000e+00, 0.000000e+00, 0.000000e+00, 0.000000e+00
3.119497e-02, 0.000000e+00, 0.000000e+00, 0.000000e+00, 0.000000e+00, 0.000000e+00, 0.000000e+00, 0.000000e+00, 0.000000e+00, 0.000000e+00, 0.000000e+00, 0.000000e+00, 0.000000e+00, 0.000000e+00, 0.000000e+00, 0.000000e+00, 0.000000e+00, 0.000000e+00, 0.000000e+00, 0.000000e+00, 0.000000e+00, 0.000000e+00, 0.000000e+00, 0.000000e+00, 0.000000e+00, 0.000000e+00, 0.000000e+00, 0.000000e+00
3.220126e-02, 0.000000e+00, 0.000000e+00, 0.000000e+00, 0.000000e+00, 0.000000e+00, 0.000000e+00, 0.000000e+00, 0.000000e+00, 0.000000e+00, 0.000000e+00, 0.000000e+00, 0.000000e+00, 0.000000e+00, 0.000000e+00, 0.000000e+00, 0.000000e+00, 0.000000e+00, 0.000000e+00, 0.000000e+00, 0.000000e+00, 0.000000e+00, 0.000000e+00, 0.000000e+00, 0.000000e+00, 0.000000e+00, 0.000000e+00, 0.000000e+00
3.320755e-02, 0.000000e+00, 0.000000e+00, 0.000000e+00, 0.000000e+00, 0.000000e+00, 0.000000e+00, 0.000000e+00, 0.000000e+00, 0.000000e+00, 0.000000e+00, 0.000000e+00, 0.000000e+00, 0.000000e+00, 0.000000e+00, 0.000000e+00, 0.000000e+00, 0.000000e+00, 0.000000e+00, 0.000000e+00, 0.000000e+00, 0.000000e+00, 0.000000e+00, 0.000000e+00, 0.000000e+00, 0.000000e+00, 0.000000e+00, 0.000000e+00
3.421384e-02, 0.000000e+00, 0.000000e+00, 0.000000e+00, 0.000000e+00, 0.000000e+00, 0.000000e+00, 0.000000e+00, 0.000000e+00, 0.000000e+00, 0.000000e+00, 0.000000e+00, 0.000000e+00, 0.000000e+00, 0.000000e+00, 0.000000e+00, 0.000000e+00, 0.000000e+00, 0.000000e+00, 0.000000e+00, 0.000000e+00, 0.000000e+00, 0.000000e+00, 0.000000e+00, 0.000000e+00, 0.000000e+00, 0.000000e+00, 0.000000e+00
3.522013e-02, 0.000000e+00, 0.000000e+00, 0.000000e+00, 0.000000e+00, 0.000000e+00, 0.000000e+00, 0.000000e+00, 0.000000e+00, 0.000000e+00, 0.000000e+00, 0.000000e+00, 0.000000e+00, 0.000000e+00, 0.000000e+00, 0.000000e+00, 0.000000e+00, 0.000000e+00, 0.000000e+00, 0.000000e+00, 0.000000e+00, 0.000000e+00, 0.000000e+00, 0.000000e+00, 0.000000e+00, 0.000000e+00, 0.000000e+00, 0.000000e+00
3.622642e-02, 0.000000e+00, 0.000000e+00, 0.000000e+00, 0.000000e+00, 0.000000e+00, 0.000000e+00, 0.000000e+00, 0.000000e+00, 0.000000e+00, 0.000000e+00, 0.000000e+00, 0.000000e+00, 0.000000e+00, 0.000000e+00, 0.000000e+00, 0.000000e+00, 0.000000e+00, 0.000000e+00, 0.000000e+00, 0.000000e+00, 0.000000e+00, 0.000000e+00, 0.000000e+00, 0.000000e+00, 0.000000e+00, 0.000000e+00, 0.000000e+00
3.723270e-02, 0.000000e+00, 0.000000e+00, 0.000000e+00, 0.000000e+00, 0.000000e+00, 0.000000e+00, 0.000000e+00, 0.000000e+00, 0.000000e+00, 0.000000e+00, 0.000000e+00, 0.000000e+00, 0.000000e+00, 0.000000e+00, 0.000000e+00, 0.000000e+00, 0.000000e+00, 0.000000e+00, 0.000000e+00, 0.000000e+00, 0.000000e+00, 0.000000e+00, 0.000000e+00, 0.000000e+00, 0.000000e+00, 0.000000e+00, 0.000000e+00
3.823899e-02, 0.000000e+00, 0.000000e+00, 0.000000e+00, 0.000000e+00, 0.000000e+00, 0.000000e+00, 0.000000e+00, 0.000000e+00, 0.000000e+00, 0.000000e+00, 0.000000e+00, 0.000000e+00, 0.000000e+00, 0.000000e+00, 0.000000e+00, 0.000000e+00, 0.000000e+00, 0.000000e+00, 0.000000e+00, 0.000000e+00, 0.000000e+00, 0.000000e+00, 0.000000e+00, 0.000000e+00, 0.000000e+00, 0.000000e+00, 0.000000e+00
3.924528e-02, 0.000000e+00, 0.000000e+00, 0.000000e+00, 0.000000e+00, 0.000000e+00, 0.000000e+00, 0.000000e+00, 0.000000e+00, 0.000000e+00, 0.000000e+00, 0.000000e+00, 0.000000e+00, 0.000000e+00, 0.000000e+00, 0.000000e+00, 0.000000e+00, 0.000000e+00, 0.000000e+00, 0.000000e+00, 0.000000e+00, 0.000000e+00, 0.000000e+00, 0.000000e+00, 0.000000e+00, 0.000000e+00, 0.000000e+00, 0.000000e+00
4.025157e-02, 0.000000e+00, 0.000000e+00, 0.000000e+00, 0.000000e+00, 0.000000e+00, 0.000000e+00, 0.000000e+00, 0.000000e+00, 0.000000e+00, 0.000000e+00, 0.000000e+00, 0.000000e+00, 0.000000e+00, 0.000000e+00, 0.000000e+00, 0.000000e+00, 0.000000e+00, 0.000000e+00, 0.000000e+00, 0.000000e+00, 0.000000e+00, 0.000000e+00, 0.000000e+00, 0.000000e+00, 0.000000e+00, 0.000000e+00, 0.000000e+00
4.125786e-02, 0.000000e+00, 0.000000e+00, 0.000000e+00, 0.000000e+00, 0.000000e+00, 0.000000e+00, 0.000000e+00, 0.000000e+00, 0.000000e+00, 0.000000e+00, 0.000000e+00, 0.000000e+00, 0.000000e+00, 0.000000e+00, 0.000000e+00, 0.000000e+00, 0.000000e+00, 0.000000e+00, 0.000000e+00, 0.000000e+00, 0.000000e+00, 0.000000e+00, 0.000000e+00, 0.000000e+00, 0.000000e+00, 0.000000e+00, 0.000000e+00
4.226415e-02, 0.000000e+00, 0.000000e+00, 0.000000e+00, 0.000000e+00, 0.000000e+00, 0.000000e+00, 0.000000e+00, 0.000000e+00, 0.000000e+00, 0.000000e+00, 0.000000e+00, 0.000000e+00, 0.000000e+00, 0.000000e+00, 0.000000e+00, 0.000000e+00, 0.000000e+00, 0.000000e+00, 0.000000e+00, 0.000000e+00, 0.000000e+00, 0.000000e+00, 0.000000e+00, 0.000000e+00, 0.000000e+00, 0.000000e+00, 0.000000e+00
4.327044e-02, 0.000000e+00, 0.000000e+00, 0.000000e+00, 0.000000e+00, 0.000000e+00, 0.000000e+00, 0.000000e+00, 0.000000e+00, 0.000000e+00, 0.000000e+00, 0.000000e+00, 0.000000e+00, 0.000000e+00, 0.000000e+00, 0.000000e+00, 0.000000e+00, 0.000000e+00, 0.000000e+00, 0.000000e+00, 0.000000e+00, 0.000000e+00, 0.000000e+00, 0.000000e+00, 0.000000e+00, 0.000000e+00, 0.000000e+00, 0.000000e+00
4.427673e-02, 0.000000e+00, 0.000000e+00, 0.000000e+00, 0.000000e+00, 0.000000e+00, 0.000000e+00, 0.000000e+00, 0.000000e+00, 0.000000e+00, 0.000000e+00, 0.000000e+00, 0.000000e+00, 0.000000e+00, 0.000000e+00, 0.000000e+00, 0.000000e+00, 0.000000e+00, 0.000000e+00, 0.000000e+00, 0.000000e+00, 0.000000e+00, 0.000000e+00, 0.000000e+00, 0.000000e+00, 0.000000e+00, 0.000000e+00, 0.000000e+00
4.528302e-02, 0.000000e+00, 0.000000e+00, 0.000000e+00, 0.000000e+00, 0.000000e+00, 0.000000e+00, 0.000000e+00, 0.000000e+00, 0.000000e+00, 0.000000e+00, 0.000000e+00, 0.000000e+00, 0.000000e+00, 0.000000e+00, 0.000000e+00, 0.000000e+00, 0.000000e+00, 0.000000e+00, 0.000000e+00, 0.000000e+00, 0.000000e+00, 0.000000e+00, 0.000000e+00, 0.000000e+00, 0.000000e+00, 0.000000e+00, 0.000000e+00
4.628931e-02, 0.000000e+00, 0.000000e+00, 0.000000e+00, 0.000000e+00, 0.000000e+00, 0.000000e+00, 0.000000e+00, 0.000000e+00, 0.000000e+00, 0.000000e+00, 0.000000e+00, 0.000000e+00, 0.000000e+00, 0.000000e+00, 0.000000e+00, 0.000000e+00, 0.000000e+00, 0.000000e+00, 0.000000e+00, 0.000000e+00, 0.000000e+00, 0.000000e+00, 0.000000e+00, 0.000000e+00, 0.000000e+00, 0.000000e+00, 0.000000e+00
4.729560e-02, 0.000000e+00, 0.000000e+00, 0.000000e+00, 0.000000e+00, 0.000000e+00, 0.000000e+00, 0.000000e+00, 0.000000e+00, 0.000000e+00, 0.000000e+00, 0.000000e+00, 0.000000e+00, 0.000000e+00, 0.000000e+00, 0.000000e+00, 0.000000e+00, 0.000000e+00, 0.000000e+00, 0.000000e+00, 0.000000e+00, 0.000000e+00, 0.000000e+00, 0.000000e+00, 0.000000e+00, 0.000000e+00, 0.000000e+00, 0.000000e+00
4.830189e-02, 0.000000e+00, 0.000000e+00, 0.000000e+00, 0.000000e+00, 0.000000e+00, 0.000000e+00, 0.000000e+00, 0.000000e+00, 0.000000e+00, 0.000000e+00, 0.000000e+00, 0.000000e+00, 0.000000e+00, 0.000000e+00, 0.000000e+00, 0.000000e+00, 0.000000e+00, 0.000000e+00, 0.000000e+00, 0.000000e+00, 0.000000e+00, 0.000000e+00, 0.000000e+00, 0.000000e+00, 0.000000e+00, 0.000000e+00, 0.000000e+00
4.930818e-02, 0.000000e+00, 0.000000e+00, 0.000000e+00, 0.000000e+00, 0.000000e+00, 0.000000e+00, 0.000000e+00, 0.000000e+00, 0.000000e+00, 0.000000e+00, 0.000000e+00, 0.000000e+00, 0.000000e+00, 0.000000e+00, 0.000000e+00, 0.000000e+00, 0.000000e+00, 0.000000e+00, 0.000000e+00, 0.000000e+00, 0.000000e+00, 0.000000e+00, 0.000000e+00, 0.000000e+00, 0.000000e+00, 0.000000e+00, 0.000000e+00
5.031447e-02, 0.000000e+00, 0.000000e+00, 0.000000e+00, 0.000000e+00, 0.000000e+00, 0.000000e+00, 0.000000e+00, 0.000000e+00, 0.000000e+00, 0.000000e+00, 0.000000e+00, 0.000000e+00, 0.000000e+00, 0.000000e+00, 0.000000e+00, 0.000000e+00, 0.000000e+00, 0.000000e+00, 0.000000e+00, 0.000000e+00, 0.000000e+00, 0.000000e+00, 0.000000e+00, 0.000000e+00, 0.000000e+00, 0.000000e+00, 0.000000e+00
5.132075e-02, 0.000000e+00, 0.000000e+00, 0.000000e+00, 0.000000e+00, 0.000000e+00, 0.000000e+00, 0.000000e+00, 0.000000e+00, 0.000000e+00, 0.000000e+00, 0.000000e+00, 0.000000e+00, 0.000000e+00, 0.000000e+00, 0.000000e+00, 0.000000e+00, 0.000000e+00, 0.000000e+00, 0.000000e+00, 0.000000e+00, 0.000000e+00, 0.000000e+00, 0.000000e+00, 0.000000e+00, 0.000000e+00, 0.000000e+00, 0.000000e+00
5.232704e-02, 0.000000e+00, 0.000000e+00, 0.000000e+00, 0.000000e+00, 0.000000e+00, 0.000000e+00, 0.000000e+00, 0.000000e+00, 0.000000e+00, 0.000000e+00, 0.000000e+00, 0.000000e+00, 0.000000e+00, 0.000000e+00, 0.000000e+00, 0.000000e+00, 0.000000e+00, 0.000000e+00, 0.000000e+00, 0.000000e+00, 0.000000e+00, 0.000000e+00, 0.000000e+00, 0.000000e+00, 0.000000e+00, 0.000000e+00, 0.000000e+00
5.333333e-02, 0.000000e+00, 0.000000e+00, 0.000000e+00, 0.000000e+00, 0.000000e+00, 0.000000e+00, 0.000000e+00, 0.000000e+00, 0.000000e+00, 0.000000e+00, 0.000000e+00, 0.000000e+00, 0.000000e+00, 0.000000e+00, 0.000000e+00, 0.000000e+00, 0.000000e+00, 0.000000e+00, 0.000000e+00, 0.000000e+00, 0.000000e+00, 0.000000e+00, 0.000000e+00, 0.000000e+00, 0.000000e+00, 0.000000e+00, 0.000000e+00
5.433962e-02, 0.000000e+00, 0.000000e+00, 0.000000e+00, 0.000000e+00, 0.000000e+00, 0.000000e+00, 0.000000e+00, 0.000000e+00, 0.000000e+00, 0.000000e+00, 0.000000e+00, 0.000000e+00, 0.000000e+00, 0.000000e+00, 0.000000e+00, 0.000000e+00, 0.000000e+00, 0.000000e+00, 0.000000e+00, 0.000000e+00, 0.000000e+00, 0.000000e+00, 0.000000e+00, 0.000000e+00, 0.000000e+00, 0.000000e+00, 0.000000e+00
5.534591e-02, 0.000000e+00, 0.000000e+00, 0.000000e+00, 0.000000e+00, 0.000000e+00, 0.000000e+00, 0.000000e+00, 0.000000e+00, 0.000000e+00, 0.000000e+00, 0.000000e+00, 0.000000e+00, 0.000000e+00, 0.000000e+00, 0.000000e+00, 0.000000e+00, 0.000000e+00, 0.000000e+00, 0.000000e+00, 0.000000e+00, 0.000000e+00, 0.000000e+00, 0.000000e+00, 0.000000e+00, 0.000000e+00, 0.000000e+00, 0.000000e+00
5.635220e-02, 0.000000e+00, 0.000000e+00, 0.000000e+00, 0.000000e+00, 0.000000e+00, 0.000000e+00, 0.000000e+00, 0.000000e+00, 0.000000e+00, 0.000000e+00, 0.000000e+00, 0.000000e+00, 0.000000e+00, 0.000000e+00, 0.000000e+00, 0.000000e+00, 0.000000e+00, 0.000000e+00, 0.000000e+00, 0.000000e+00, 0.000000e+00, 0.000000e+00, 0.000000e+00, 0.000000e+00, 0.000000e+00, 0.000000e+00, 0.000000e+00
5.735849e-02, 0.000000e+00, 0.000000e+00, 0.000000e+00, 0.000000e+00, 0.000000e+00, 0.000000e+00, 0.000000e+00, 0.000000e+00, 0.000000e+00, 0.000000e+00, 0.000000e+00, 0.000000e+00, 0.000000e+00, 0.000000e+00, 0.000000e+00, 0.000000e+00, 0.000000e+00, 0.000000e+00, 0.000000e+00, 0.000000e+00, 0.000000e+00, 0.000000e+00, 0.000000e+00, 0.000000e+00, 0.000000e+00, 0.000000e+00, 0.000000e+00
5.836478e-02, 0.000000e+00, 0.000000e+00, 0.000000e+00, 0.000000e+00, 0.000000e+00, 0.000000e+00, 0.000000e+00, 0.000000e+00, 0.000000e+00, 0.000000e+00, 0.000000e+00, 0.000000e+00, 0.000000e+00, 0.000000e+00, 0.000000e+00, 0.000000e+00, 0.000000e+00, 0.000000e+00, 0.000000e+00, 0.000000e+00, 0.000000e+00, 0.000000e+00, 0.000000e+00, 0.000000e+00, 0.000000e+00, 0.000000e+00, 0.000000e+00
5.937107e-02, 0.000000e+00, 0.000000e+00, 0.000000e+00, 0.000000e+00, 0.000000e+00, 0.000000e+00, 0.000000e+00, 0.000000e+00, 0.000000e+00, 0.000000e+00, 0.000000e+00, 0.000000e+00, 0.000000e+00, 0.000000e+00, 0.000000e+00, 0.000000e+00, 0.000000e+00, 0.000000e+00, 0.000000e+00, 0.000000e+00, 0.000000e+00, 0.000000e+00, 0.000000e+00, 0.000000e+00, 0.000000e+00, 0.000000e+00, 0.000000e+00
6.037736e-02, 0.000000e+00, 0.000000e+00, 0.000000e+00, 0.000000e+00, 0.000000e+00, 0.000000e+00, 0.000000e+00, 0.000000e+00, 0.000000e+00, 0.000000e+00, 0.000000e+00, 0.000000e+00, 0.000000e+00, 0.000000e+00, 0.000000e+00, 0.000000e+00, 0.000000e+00, 0.000000e+00, 0.000000e+00, 0.000000e+00, 0.000000e+00, 0.000000e+00, 0.000000e+00, 0.000000e+00, 0.000000e+00, 0.000000e+00, 0.000000e+00
6.138365e-02, 0.000000e+00, 0.000000e+00, 0.000000e+00, 0.000000e+00, 0.000000e+00, 0.000000e+00, 0.000000e+00, 0.000000e+00, 0.000000e+00, 0.000000e+00, 0.000000e+00, 0.000000e+00, 0.000000e+00, 0.000000e+00, 0.000000e+00, 0.000000e+00, 0.000000e+00, 0.000000e+00, 0.000000e+00, 0.000000e+00, 0.000000e+00, 0.000000e+00, 0.000000e+00, 0.000000e+00, 0.000000e+00, 0.000000e+00, 0.000000e+00
6.238994e-02, 0.000000e+00, 0.000000e+00, 0.000000e+00, 0.000000e+00, 0.000000e+00, 0.000000e+00, 0.000000e+00, 0.000000e+00, 0.000000e+00, 0.000000e+00, 0.000000e+00, 0.000000e+00, 0.000000e+00, 0.000000e+00, 0.000000e+00, 0.000000e+00, 0.000000e+00, 0.000000e+00, 0.000000e+00, 0.000000e+00, 0.000000e+00, 0.000000e+00, 0.000000e+00, 0.000000e+00, 0.000000e+00, 0.000000e+00, 0.000000e+00
6.339623e-02, 0.000000e+00, 0.000000e+00, 0.000000e+00, 0.000000e+00, 0.000000e+00, 0.000000e+00, 0.000000e+00, 0.000000e+00, 0.000000e+00, 0.000000e+00, 0.000000e+00, 0.000000e+00, 0.000000e+00, 0.000000e+00, 0.000000e+00, 0.000000e+00, 0.000000e+00, 0.000000e+00, 0.000000e+00, 0.000000e+00, 0.000000e+00, 0.000000e+00, 0.000000e+00, 0.000000e+00, 0.000000e+00, 0.000000e+00, 0.000000e+00
6.440252e-02, 0.000000e+00, 0.000000e+00, 0.000000e+00, 0.000000e+00, 0.000000e+00, 0.000000e+00, 0.000000e+00, 0.000000e+00, 0.000000e+00, 0.000000e+00, 0.000000e+00, 0.000000e+00, 0.000000e+00, 0.000000e+00, 0.000000e+00, 0.000000e+00, 0.000000e+00, 0.000000e+00, 0.000000e+00, 0.000000e+00, 0.000000e+00, 0.000000e+00, 0.000000e+00, 0.000000e+00, 0.000000e+00, 0.000000e+00, 0.000000e+00
6.540881e-02, 0.000000e+00, 0.000000e+00, 0.000000e+00, 0.000000e+00, 0.000000e+00, 0.000000e+00, 0.000000e+00, 0.000000e+00, 0.000000e+00, 0.000000e+00, 0.000000e+00, 0.000000e+00, 0.000000e+00, 0.000000e+00, 0.000000e+00, 0.000000e+00, 0.000000e+00, 0.000000e+00, 0.000000e+00, 0.000000e+00, 0.000000e+00, 0.000000e+00, 0.000000e+00, 0.000000e+00, 0.000000e+00, 0.000000e+00, 0.000000e+00
6.641509e-02, 0.000000e+00, 0.000000e+00, 0.000000e+00, 0.000000e+00, 0.000000e+00, 0.000000e+00, 0.000000e+00, 0.000000e+00, 0.000000e+00, 0.000000e+00, 0.000000e+00, 0.000000e+00, 0.000000e+00, 0.000000e+00, 0.000000e+00, 0.000000e+00, 0.000000e+00, 0.000000e+00, 0.000000e+00, 0.000000e+00, 0.000000e+00, 0.000000e+00, 0.000000e+00, 0.000000e+00, 0.000000e+00, 0.000000e+00, 0.000000e+00
6.742138e-02, 0.000000e+00, 0.000000e+00, 0.000000e+00, 0.000000e+00, 0.000000e+00, 0.000000e+00, 0.000000e+00, 0.000000e+00, 0.000000e+00, 0.000000e+00, 0.000000e+00, 0.000000e+00, 0.000000e+00, 0.000000e+00, 0.000000e+00, 0.000000e+00, 0.000000e+00, 0.000000e+00, 0.000000e+00, 0.000000e+00, 0.000000e+00, 0.000000e+00, 0.000000e+00, 0.000000e+00, 0.000000e+00, 0.000000e+00, 0.000000e+00
6.842767e-02, 0.000000e+00, 0.000000e+00, 0.000000e+00, 0.000000e+00, 0.000000e+00, 0.000000e+00, 0.000000e+00, 0.000000e+00, 0.000000e+00, 0.000000e+00, 0.000000e+00, 0.000000e+00, 0.000000e+00, 0.000000e+00, 0.000000e+00, 0.000000e+00, 0.000000e+00, 0.000000e+00, 0.000000e+00, 0.000000e+00, 0.000000e+00, 0.000000e+00, 0.000000e+00, 0.000000e+00, 0.000000e+00, 0.000000e+00, 0.000000e+00
6.943396e-02, 0.000000e+00, 0.000000e+00, 0.000000e+00, 0.000000e+00, 0.000000e+00, 0.000000e+00, 0.000000e+00, 0.000000e+00, 0.000000e+00, 0.000000e+00, 0.000000e+00, 0.000000e+00, 0.000000e+00, 0.000000e+00, 0.000000e+00, 0.000000e+00, 0.000000e+00, 0.000000e+00, 0.000000e+00, 0.000000e+00, 0.000000e+00, 0.000000e+00, 0.000000e+00, 0.000000e+00, 0.000000e+00, 0.000000e+00, 0.000000e+00
7.044025e-02, 0.000000e+00, 0.000000e+00, 0.000000e+00, 0.000000e+00, 0.000000e+00, 0.000000e+00, 0.000000e+00, 0.000000e+00, 0.000000e+00, 0.000000e+00, 0.000000e+00, 0.000000e+00, 0.000000e+00, 0.000000e+00, 0.000000e+00, 0.000000e+00, 0.000000e+00, 0.000000e+00, 0.000000e+00, 0.000000e+00, 0.000000e+00, 0.000000e+00, 0.000000e+00, 0.000000e+00, 0.000000e+00, 0.000000e+00, 0.000000e+00
7.144654e-02, 0.000000e+00, 0.000000e+00, 0.000000e+00, 0.000000e+00, 0.000000e+00, 0.000000e+00, 0.000000e+00, 0.000000e+00, 0.000000e+00, 0.000000e+00, 0.000000e+00, 0.000000e+00, 0.000000e+00, 0.000000e+00, 0.000000e+00, 0.000000e+00, 0.000000e+00, 0.000000e+00, 0.000000e+00, 0.000000e+00, 0.000000e+00, 0.000000e+00, 0.000000e+00, 0.000000e+00, 0.000000e+00, 0.000000e+00, 0.000000e+00
7.245283e-02, 0.000000e+00, 0.000000e+00, 0.000000e+00, 0.000000e+00, 0.000000e+00, 0.000000e+00, 0.000000e+00, 0.000000e+00, 0.000000e+00, 0.000000e+00, 0.000000e+00, 0.000000e+00, 0.000000e+00, 0.000000e+00, 0.000000e+00, 0.000000e+00, 0.000000e+00, 0.000000e+00, 0.000000e+00, 0.000000e+00, 0.000000e+00, 0.000000e+00, 0.000000e+00, 0.000000e+00, 0.000000e+00, 0.000000e+00, 0.000000e+00
7.345912e-02, 0.000000e+00, 0.000000e+00, 0.000000e+00, 0.000000e+00, 0.000000e+00, 0.000000e+00, 0.000000e+00, 0.000000e+00, 0.000000e+00, 0.000000e+00, 0.000000e+00, 0.000000e+00, 0.000000e+00, 0.000000e+00, 0.000000e+00, 0.000000e+00, 0.000000e+00, 0.000000e+00, 0.000000e+00, 0.000000e+00, 0.000000e+00, 0.000000e+00, 0.000000e+00, 0.000000e+00, 0.000000e+00, 0.000000e+00, 0.000000e+00
7.446541e-02, 0.000000e+00, 0.000000e+00, 0.000000e+00, 0.000000e+00, 0.000000e+00, 0.000000e+00, 0.000000e+00, 0.000000e+00, 0.000000e+00, 0.000000e+00, 0.000000e+00, 0.000000e+00, 0.000000e+00, 0.000000e+00, 0.000000e+00, 0.000000e+00, 0.000000e+00, 0.000000e+00, 0.000000e+00, 0.000000e+00, 0.000000e+00, 0.000000e+00, 0.000000e+00, 0.000000e+00, 0.000000e+00, 0.000000e+00, 0.000000e+00
7.547170e-02, 0.000000e+00, 0.000000e+00, 0.000000e+00, 0.000000e+00, 0.000000e+00, 0.000000e+00, 0.000000e+00, 0.000000e+00, 0.000000e+00, 0.000000e+00, 0.000000e+00, 0.000000e+00, 0.000000e+00, 0.000000e+00, 0.000000e+00, 0.000000e+00, 0.000000e+00, 0.000000e+00, 0.000000e+00, 0.000000e+00, 0.000000e+00, 0.000000e+00, 0.000000e+00, 0.000000e+00, 0.000000e+00, 0.000000e+00, 0.000000e+00
7.647799e-02, 0.000000e+00, 0.000000e+00, 0.000000e+00, 0.000000e+00, 0.000000e+00, 0.000000e+00, 0.000000e+00, 0.000000e+00, 0.000000e+00, 0.000000e+00, 0.000000e+00, 0.000000e+00, 0.000000e+00, 0.000000e+00, 0.000000e+00, 0.000000e+00, 0.000000e+00, 0.000000e+00, 0.000000e+00, 0.000000e+00, 0.000000e+00, 0.000000e+00, 0.000000e+00, 0.000000e+00, 0.000000e+00, 0.000000e+00, 0.000000e+00
7.748428e-02, 0.000000e+00, 0.000000e+00, 0.000000e+00, 0.000000e+00, 0.000000e+00, 0.000000e+00, 0.000000e+00, 0.000000e+00, 0.000000e+00, 0.000000e+00, 0.000000e+00, 0.000000e+00, 0.000000e+00, 0.000000e+00, 0.000000e+00, 0.000000e+00, 0.000000e+00, 0.000000e+00, 0.000000e+00, 0.000000e+00, 0.000000e+00, 0.000000e+00, 0.000000e+00, 0.000000e+00, 0.000000e+00, 0.000000e+00, 0.000000e+00
7.849057e-02, 0.000000e+00, 0.000000e+00, 0.000000e+00, 0.000000e+00, 0.000000e+00, 0.000000e+00, 0.000000e+00, 0.000000e+00, 0.000000e+00, 0.000000e+00, 0.000000e+00, 0.000000e+00, 0.000000e+00, 0.000000e+00, 0.000000e+00, 0.000000e+00, 0.000000e+00, 0.000000e+00, 0.000000e+00, 0.000000e+00, 0.000000e+00, 0.000000e+00, 0.000000e+00, 0.000000e+00, 0.000000e+00, 0.000000e+00, 0.000000e+00
7.949686e-02, 0.000000e+00, 0.000000e+00, 0.000000e+00, 0.000000e+00, 0.000000e+00, 0.000000e+00, 0.000000e+00, 0.000000e+00, 0.000000e+00, 0.000000e+00, 0.000000e+00, 0.000000e+00, 0.000000e+00, 0.000000e+00, 0.000000e+00, 0.000000e+00, 0.000000e+00, 0.000000e+00, 0.000000e+00, 0.000000e+00, 0.000000e+00, 0.000000e+00, 0.000000e+00, 0.000000e+00, 0.000000e+00, 0.000000e+00, 0.000000e+00
8.050314e-02, 0.000000e+00, 0.000000e+00, 0.000000e+00, 0.000000e+00, 0.000000e+00, 0.000000e+00, 0.000000e+00, 0.000000e+00, 0.000000e+00, 0.000000e+00, 0.000000e+00, 0.000000e+00, 0.000000e+00, 0.000000e+00, 0.000000e+00, 0.000000e+00, 0.000000e+00, 0.000000e+00, 0.000000e+00, 0.000000e+00, 0.000000e+00, 0.000000e+00, 0.000000e+00, 0.000000e+00, 0.000000e+00, 0.000000e+00, 0.000000e+00
8.150943e-02, 0.000000e+00, 0.000000e+00, 0.000000e+00, 0.000000e+00, 0.000000e+00, 0.000000e+00, 0.000000e+00, 0.000000e+00, 0.000000e+00, 0.000000e+00, 0.000000e+00, 0.000000e+00, 0.000000e+00, 0.000000e+00, 0.000000e+00, 0.000000e+00, 0.000000e+00, 0.000000e+00, 0.000000e+00, 0.000000e+00, 0.000000e+00, 0.000000e+00, 0.000000e+00, 0.000000e+00, 0.000000e+00, 0.000000e+00, 0.000000e+00
8.251572e-02, 0.000000e+00, 0.000000e+00, 0.000000e+00, 0.000000e+00, 0.000000e+00, 0.000000e+00, 0.000000e+00, 0.000000e+00, 0.000000e+00, 0.000000e+00, 0.000000e+00, 0.000000e+00, 0.000000e+00, 0.000000e+00, 0.000000e+00, 0.000000e+00, 0.000000e+00, 0.000000e+00, 0.000000e+00, 0.000000e+00, 0.000000e+00, 0.000000e+00, 0.000000e+00, 0.000000e+00, 0.000000e+00, 0.000000e+00, 0.000000e+00
8.352201e-02, 0.000000e+00, 0.000000e+00, 0.000000e+00, 0.000000e+00, 0.000000e+00, 0.000000e+00, 0.000000e+00, 0.000000e+00, 0.000000e+00, 0.000000e+00, 0.000000e+00, 0.000000e+00, 0.000000e+00, 0.000000e+00, 0.000000e+00, 0.000000e+00, 0.000000e+00, 0.000000e+00, 0.000000e+00, 0.000000e+00, 0.000000e+00, 0.000000e+00, 0.000000e+00, 0.000000e+00, 0.000000e+00, 0.000000e+00, 0.000000e+00
8.452830e-02, 0.000000e+00, 0.000000e+00, 0.000000e+00, 0.000000e+00, 0.000000e+00, 0.000000e+00, 0.000000e+00, 0.000000e+00, 0.000000e+00, 0.000000e+00, 0.000000e+00, 0.000000e+00, 0.000000e+00, 0.000000e+00, 0.000000e+00, 0.000000e+00, 0.000000e+00, 0.000000e+00, 0.000000e+00, 0.000000e+00, 0.000000e+00, 0.000000e+00, 0.000000e+00, 0.000000e+00, 0.000000e+00, 0.000000e+00, 0.000000e+00
8.553459e-02, 0.000000e+00, 0.000000e+00, 0.000000e+00, 0.000000e+00, 0.000000e+00, 0.000000e+00, 0.000000e+00, 0.000000e+00, 0.000000e+00, 0.000000e+00, 0.000000e+00, 0.000000e+00, 0.000000e+00, 0.000000e+00, 0.000000e+00, 0.000000e+00, 0.000000e+00, 0.000000e+00, 0.000000e+00, 0.000000e+00, 0.000000e+00, 0.000000e+00, 0.000000e+00, 0.000000e+00, 0.000000e+00, 0.000000e+00, 0.000000e+00
8.654088e-02, 0.000000e+00, 0.000000e+00, 0.000000e+00, 0.000000e+00, 0.000000e+00, 0.000000e+00, 0.000000e+00, 0.000000e+00, 0.000000e+00, 0.000000e+00, 0.000000e+00, 0.000000e+00, 0.000000e+00, 0.000000e+00, 0.000000e+00, 0.000000e+00, 0.000000e+00, 0.000000e+00, 0.000000e+00, 0.000000e+00, 0.000000e+00, 0.000000e+00, 0.000000e+00, 0.000000e+00, 0.000000e+00, 0.000000e+00, 0.000000e+00
8.754717e-02, 0.000000e+00, 0.000000e+00, 0.000000e+00, 0.000000e+00, 0.000000e+00, 0.000000e+00, 0.000000e+00, 0.000000e+00, 0.000000e+00, 0.000000e+00, 0.000000e+00, 0.000000e+00, 0.000000e+00, 0.000000e+00, 0.000000e+00, 0.000000e+00, 0.000000e+00, 0.000000e+00, 0.000000e+00, 0.000000e+00, 0.000000e+00, 0.000000e+00, 0.000000e+00, 0.000000e+00, 0.000000e+00, 0.000000e+00, 0.000000e+00
8.855346e-02, 0.000000e+00, 0.000000e+00, 0.000000e+00, 0.000000e+00, 0.000000e+00, 0.000000e+00, 0.000000e+00, 0.000000e+00, 0.000000e+00, 0.000000e+00, 0.000000e+00, 0.000000e+00, 0.000000e+00, 0.000000e+00, 0.000000e+00, 0.000000e+00, 0.000000e+00, 0.000000e+00, 0.000000e+00, 0.000000e+00, 0.000000e+00, 0.000000e+00, 0.000000e+00, 0.000000e+00, 0.000000e+00, 0.000000e+00, 0.000000e+00
8.955975e-02, 0.000000e+00, 0.000000e+00, 0.000000e+00, 0.000000e+00, 0.000000e+00, 0.000000e+00, 0.000000e+00, 0.000000e+00, 0.000000e+00, 0.000000e+00, 0.000000e+00, 0.000000e+00, 0.000000e+00, 0.000000e+00, 0.000000e+00, 0.000000e+00, 0.000000e+00, 0.000000e+00, 0.000000e+00, 0.000000e+00, 0.000000e+00, 0.000000e+00, 0.000000e+00, 0.000000e+00, 0.000000e+00, 0.000000e+00, 0.000000e+00
9.056604e-02, 0.000000e+00, 0.000000e+00, 0.000000e+00, 0.000000e+00, 0.000000e+00, 0.000000e+00, 0.000000e+00, 0.000000e+00, 0.000000e+00, 0.000000e+00, 0.000000e+00, 0.000000e+00, 0.000000e+00, 0.000000e+00, 0.000000e+00, 0.000000e+00, 0.000000e+00, 0.000000e+00, 0.000000e+00, 0.000000e+00, 0.000000e+00, 0.000000e+00, 0.000000e+00, 0.000000e+00, 0.000000e+00, 0.000000e+00, 0.000000e+00
9.157233e-02, 0.000000e+00, 0.000000e+00, 0.000000e+00, 0.000000e+00, 0.000000e+00, 0.000000e+00, 0.000000e+00, 0.000000e+00, 0.000000e+00, 0.000000e+00, 0.000000e+00, 0.000000e+00, 0.000000e+00, 0.000000e+00, 0.000000e+00, 0.000000e+00, 0.000000e+00, 0.000000e+00, 0.000000e+00, 0.000000e+00, 0.000000e+00, 0.000000e+00, 0.000000e+00, 0.000000e+00, 0.000000e+00, 0.000000e+00, 0.000000e+00
9.257862e-02, 0.000000e+00, 0.000000e+00, 0.000000e+00, 0.000000e+00, 0.000000e+00, 0.000000e+00, 0.000000e+00, 0.000000e+00, 0.000000e+00, 0.000000e+00, 0.000000e+00, 0.000000e+00, 0.000000e+00, 0.000000e+00, 0.000000e+00, 0.000000e+00, 0.000000e+00, 0.000000e+00, 0.000000e+00, 0.000000e+00, 0.000000e+00, 0.000000e+00, 0.000000e+00, 0.000000e+00, 0.000000e+00, 0.000000e+00, 0.000000e+00
9.358491e-02, 0.000000e+00, 0.000000e+00, 0.000000e+00, 0.000000e+00, 0.000000e+00, 0.000000e+00, 0.000000e+00, 0.000000e+00, 0.000000e+00, 0.000000e+00, 0.000000e+00, 0.000000e+00, 0.000000e+00, 0.000000e+00, 0.000000e+00, 0.000000e+00, 0.000000e+00, 0.000000e+00, 0.000000e+00, 0.000000e+00, 0.000000e+00, 0.000000e+00, 0.000000e+00, 0.000000e+00, 0.000000e+00, 0.000000e+00, 0.000000e+00
9.459119e-02, 0.000000e+00, 0.000000e+00, 0.000000e+00, 0.000000e+00, 0.000000e+00, 0.000000e+00, 0.000000e+00, 0.000000e+00, 0.000000e+00, 0.000000e+00, 0.000000e+00, 0.000000e+00, 0.000000e+00, 0.000000e+00, 0.000000e+00, 0.000000e+00, 0.000000e+00, 0.000000e+00, 0.000000e+00, 0.000000e+00, 0.000000e+00, 0.000000e+00, 0.000000e+00, 0.000000e+00, 0.000000e+00, 0.000000e+00, 0.000000e+00
9.559748e-02, 0.000000e+00, 0.000000e+00, 0.000000e+00, 0.000000e+00, 0.000000e+00, 0.000000e+00, 0.000000e+00, 0.000000e+00, 0.000000e+00, 0.000000e+00, 0.000000e+00, 0.000000e+00, 0.000000e+00, 0.000000e+00, 0.000000e+00, 0.000000e+00, 0.000000e+00, 0.000000e+00, 0.000000e+00, 0.000000e+00, 0.000000e+00, 0.000000e+00, 0.000000e+00, 0.000000e+00, 0.000000e+00, 0.000000e+00, 0.000000e+00
9.660377e-02, 0.000000e+00, 0.000000e+00, 0.000000e+00, 0.000000e+00, 0.000000e+00, 0.000000e+00, 0.000000e+00, 0.000000e+00, 0.000000e+00, 0.000000e+00, 0.000000e+00, 0.000000e+00, 0.000000e+00, 0.000000e+00, 0.000000e+00, 0.000000e+00, 0.000000e+00, 0.000000e+00, 0.000000e+00, 0.000000e+00, 0.000000e+00, 0.000000e+00, 0.000000e+00, 0.000000e+00, 0.000000e+00, 0.000000e+00, 0.000000e+00
9.761006e-02, 0.000000e+00, 0.000000e+00, 0.000000e+00, 0.000000e+00, 0.000000e+00, 0.000000e+00, 0.000000e+00, 0.000000e+00, 0.000000e+00, 0.000000e+00, 0.000000e+00, 0.000000e+00, 0.000000e+00, 0.000000e+00, 0.000000e+00, 0.000000e+00, 0.000000e+00, 0.000000e+00, 0.000000e+00, 0.000000e+00, 0.000000e+00, 0.000000e+00, 0.000000e+00, 0.000000e+00, 0.000000e+00, 0.000000e+00, 0.000000e+00
9.861635e-02, 0.000000e+00, 0.000000e+00, 0.000000e+00, 0.000000e+00, 0.000000e+00, 0.000000e+00, 0.000000e+00, 0.000000e+00, 0.000000e+00, 0.000000e+00, 0.000000e+00, 0.000000e+00, 0.000000e+00, 0.000000e+00, 0.000000e+00, 0.000000e+00, 0.000000e+00, 0.000000e+00, 0.000000e+00, 0.000000e+00, 0.000000e+00, 0.000000e+00, 0.000000e+00, 0.000000e+00, 0.000000e+00, 0.000000e+00, 0.000000e+00
9.962264e-02, 0.000000e+00, 0.000000e+00, 0.000000e+00, 0.000000e+00, 0.000000e+00, 0.000000e+00, 0.000000e+00, 0.000000e+00, 0.000000e+00, 0.000000e+00, 0.000000e+00, 0.000000e+00, 0.000000e+00, 0.000000e+00, 0.000000e+00, 0.000000e+00, 0.000000e+00, 0.000000e+00, 0.000000e+00, 0.000000e+00, 0.000000e+00, 0.000000e+00, 0.000000e+00, 0.000000e+00, 0.000000e+00, 0.000000e+00, 0.000000e+00
1.006289e-01, 0.000000e+00, 0.000000e+00, 0.000000e+00, 0.000000e+00, 0.000000e+00, 0.000000e+00, 0.000000e+00, 0.000000e+00, 0.000000e+00, 0.000000e+00, 0.000000e+00, 0.000000e+00, 0.000000e+00, 0.000000e+00, 0.000000e+00, 0.000000e+00, 0.000000e+00, 0.000000e+00, 0.000000e+00, 0.000000e+00, 0.000000e+00, 0.000000e+00, 0.000000e+00, 0.000000e+00, 0.000000e+00, 0.000000e+00, 0.000000e+00
1.016352e-01, 0.000000e+00, 0.000000e+00, 0.000000e+00, 0.000000e+00, 0.000000e+00, 0.000000e+00, 0.000000e+00, 0.000000e+00, 0.000000e+00, 0.000000e+00, 0.000000e+00, 0.000000e+00, 0.000000e+00, 0.000000e+00, 0.000000e+00, 0.000000e+00, 0.000000e+00, 0.000000e+00, 0.000000e+00, 0.000000e+00, 0.000000e+00, 0.000000e+00, 0.000000e+00, 0.000000e+00, 0.000000e+00, 0.000000e+00, 0.000000e+00
1.026415e-01, 0.000000e+00, 0.000000e+00, 0.000000e+00, 0.000000e+00, 0.000000e+00, 0.000000e+00, 0.000000e+00, 0.000000e+00, 0.000000e+00, 0.000000e+00, 0.000000e+00, 0.000000e+00, 0.000000e+00, 0.000000e+00, 0.000000e+00, 0.000000e+00, 0.000000e+00, 0.000000e+00, 0.000000e+00, 0.000000e+00, 0.000000e+00, 0.000000e+00, 0.000000e+00, 0.000000e+00, 0.000000e+00, 0.000000e+00, 0.000000e+00
1.036478e-01, 0.000000e+00, 0.000000e+00, 0.000000e+00, 0.000000e+00, 0.000000e+00, 0.000000e+00, 0.000000e+00, 0.000000e+00, 0.000000e+00, 0.000000e+00, 0.000000e+00, 0.000000e+00, 0.000000e+00, 0.000000e+00, 0.000000e+00, 0.000000e+00, 0.000000e+00, 0.000000e+00, 0.000000e+00, 0.000000e+00, 0.000000e+00, 0.000000e+00, 0.000000e+00, 0.000000e+00, 0.000000e+00, 0.000000e+00, 0.000000e+00
1.046541e-01, 0.000000e+00, 0.000000e+00, 0.000000e+00, 0.000000e+00, 0.000000e+00, 0.000000e+00, 0.000000e+00, 0.000000e+00, 0.000000e+00, 0.000000e+00, 0.000000e+00, 0.000000e+00, 0.000000e+00, 0.000000e+00, 0.000000e+00, 0.000000e+00, 0.000000e+00, 0.000000e+00, 0.000000e+00, 0.000000e+00, 0.000000e+00, 0.000000e+00, 0.000000e+00, 0.000000e+00, 0.000000e+00, 0.000000e+00, 0.000000e+00
1.056604e-01, 0.000000e+00, 0.000000e+00, 0.000000e+00, 0.000000e+00, 0.000000e+00, 0.000000e+00, 0.000000e+00, 0.000000e+00, 0.000000e+00, 0.000000e+00, 0.000000e+00, 0.000000e+00, 0.000000e+00, 0.000000e+00, 0.000000e+00, 0.000000e+00, 0.000000e+00, 0.000000e+00, 0.000000e+00, 0.000000e+00, 0.000000e+00, 0.000000e+00, 0.000000e+00, 0.000000e+00, 0.000000e+00, 0.000000e+00, 0.000000e+00
1.066667e-01, 0.000000e+00, 0.000000e+00, 0.000000e+00, 0.000000e+00, 0.000000e+00, 0.000000e+00, 0.000000e+00, 0.000000e+00, 0.000000e+00, 0.000000e+00, 0.000000e+00, 0.000000e+00, 0.000000e+00, 0.000000e+00, 0.000000e+00, 0.000000e+00, 0.000000e+00, 0.000000e+00, 0.000000e+00, 0.000000e+00, 0.000000e+00, 0.000000e+00, 0.000000e+00, 0.000000e+00, 0.000000e+00, 0.000000e+00, 0.000000e+00
1.076730e-01, 0.000000e+00, 0.000000e+00, 0.000000e+00, 0.000000e+00, 0.000000e+00, 0.000000e+00, 0.000000e+00, 0.000000e+00, 0.000000e+00, 0.000000e+00, 0.000000e+00, 0.000000e+00, 0.000000e+00, 0.000000e+00, 0.000000e+00, 0.000000e+00, 0.000000e+00, 0.000000e+00, 0.000000e+00, 0.000000e+00, 0.000000e+00, 0.000000e+00, 0.000000e+00, 0.000000e+00, 0.000000e+00, 0.000000e+00, 0.000000e+00
1.086792e-01, 0.000000e+00, 0.000000e+00, 0.000000e+00, 0.000000e+00, 0.000000e+00, 0.000000e+00, 0.000000e+00, 0.000000e+00, 0.000000e+00, 0.000000e+00, 0.000000e+00, 0.000000e+00, 0.000000e+00, 0.000000e+00, 0.000000e+00, 0.000000e+00, 0.000000e+00, 0.000000e+00, 0.000000e+00, 0.000000e+00, 0.000000e+00, 0.000000e+00, 0.000000e+00, 0.000000e+00, 0.000000e+00, 0.000000e+00, 0.000000e+00
1.096855e-01, 0.000000e+00, 0.000000e+00, 0.000000e+00, 0.000000e+00, 0.000000e+00, 0.000000e+00, 0.000000e+00, 0.000000e+00, 0.000000e+00, 0.000000e+00, 0.000000e+00, 0.000000e+00, 0.000000e+00, 0.000000e+00, 0.000000e+00, 0.000000e+00, 0.000000e+00, 0.000000e+00, 0.000000e+00, 0.000000e+00, 0.000000e+00, 0.000000e+00, 0.000000e+00, 0.000000e+00, 0.000000e+00, 0.000000e+00, 0.000000e+00
1.106918e-01, 0.000000e+00, 0.000000e+00, 0.000000e+00, 0.000000e+00, 0.000000e+00, 0.000000e+00, 0.000000e+00, 0.000000e+00, 0.000000e+00, 0.000000e+00, 0.000000e+00, 0.000000e+00, 0.000000e+00, 0.000000e+00, 0.000000e+00, 0.000000e+00, 0.000000e+00, 0.000000e+00, 0.000000e+00, 0.000000e+00, 0.000000e+00, 0.000000e+00, 0.000000e+00, 0.000000e+00, 0.000000e+00, 0.000000e+00, 0.000000e+00
1.116981e-01, 0.000000e+00, 0.000000e+00, 0.000000e+00, 0.000000e+00, 0.000000e+00, 0.000000e+00, 0.000000e+00, 0.000000e+00, 0.000000e+00, 0.000000e+00, 0.000000e+00, 0.000000e+00, 0.000000e+00, 0.000000e+00, 0.000000e+00, 0.000000e+00, 0.000000e+00, 0.000000e+00, 0.000000e+00, 0.000000e+00, 0.000000e+00, 0.000000e+00, 0.000000e+00, 0.000000e+00, 0.000000e+00, 0.000000e+00, 0.000000e+00
1.127044e-01, 0.000000e+00, 0.000000e+00, 0.000000e+00, 0.000000e+00, 0.000000e+00, 0.000000e+00, 0.000000e+00, 0.000000e+00, 0.000000e+00, 0.000000e+00, 0.000000e+00, 0.000000e+00, 0.000000e+00, 0.000000e+00, 0.000000e+00, 0.000000e+00, 0.000000e+00, 0.000000e+00, 0.000000e+00, 0.000000e+00, 0.000000e+00, 0.000000e+00, 0.000000e+00, 0.000000e+00, 0.000000e+00, 0.000000e+00, 0.000000e+00
1.137107e-01, 0.000000e+00, 0.000000e+00, 0.000000e+00, 0.000000e+00, 0.000000e+00, 0.000000e+00, 0.000000e+00, 0.000000e+00, 0.000000e+00, 0.000000e+00, 0.000000e+00, 0.000000e+00, 0.000000e+00, 0.000000e+00, 0.000000e+00, 0.000000e+00, 0.000000e+00, 0.000000e+00, 0.000000e+00, 0.000000e+00, 0.000000e+00, 0.000000e+00, 0.000000e+00, 0.000000e+00, 0.000000e+00, 0.000000e+00, 0.000000e+00
1.147170e-01, 0.000000e+00, 0.000000e+00, 0.000000e+00, 0.000000e+00, 0.000000e+00, 0.000000e+00, 0.000000e+00, 0.000000e+00, 0.000000e+00, 0.000000e+00, 0.000000e+00, 0.000000e+00, 0.000000e+00, 0.000000e+00, 0.000000e+00, 0.000000e+00, 0.000000e+00, 0.000000e+00, 0.000000e+00, 0.000000e+00, 0.000000e+00, 0.000000e+00, 0.000000e+00, 0.000000e+00, 0.000000e+00, 0.000000e+00, 0.000000e+00
1.157233e-01, 0.000000e+00, 0.000000e+00, 0.000000e+00, 0.000000e+00, 0.000000e+00, 0.000000e+00, 0.000000e+00, 0.000000e+00, 0.000000e+00, 0.000000e+00, 0.000000e+00, 0.000000e+00, 0.000000e+00, 0.000000e+00, 0.000000e+00, 0.000000e+00, 0.000000e+00, 0.000000e+00, 0.000000e+00, 0.000000e+00, 0.000000e+00, 0.000000e+00, 0.000000e+00, 0.000000e+00, 0.000000e+00, 0.000000e+00, 0.000000e+00
1.167296e-01, 0.000000e+00, 0.000000e+00, 0.000000e+00, 0.000000e+00, 0.000000e+00, 0.000000e+00, 0.000000e+00, 0.000000e+00, 0.000000e+00, 0.000000e+00, 0.000000e+00, 0.000000e+00, 0.000000e+00, 0.000000e+00, 0.000000e+00, 0.000000e+00, 0.000000e+00, 0.000000e+00, 0.000000e+00, 0.000000e+00, 0.000000e+00, 0.000000e+00, 0.000000e+00, 0.000000e+00, 0.000000e+00, 0.000000e+00, 0.000000e+00
1.177358e-01, 0.000000e+00, 0.000000e+00, 0.000000e+00, 0.000000e+00, 0.000000e+00, 0.000000e+00, 0.000000e+00, 0.000000e+00, 0.000000e+00, 0.000000e+00, 0.000000e+00, 0.000000e+00, 0.000000e+00, 0.000000e+00, 0.000000e+00, 0.000000e+00, 0.000000e+00, 0.000000e+00, 0.000000e+00, 0.000000e+00, 0.000000e+00, 0.000000e+00, 0.000000e+00, 0.000000e+00, 0.000000e+00, 0.000000e+00, 0.000000e+00
1.187421e-01, 0.000000e+00, 0.000000e+00, 0.000000e+00, 0.000000e+00, 0.000000e+00, 0.000000e+00, 0.000000e+00, 0.000000e+00, 0.000000e+00, 0.000000e+00, 0.000000e+00, 0.000000e+00, 0.000000e+00, 0.000000e+00, 0.000000e+00, 0.000000e+00, 0.000000e+00, 0.000000e+00, 0.000000e+00, 0.000000e+00, 0.000000e+00, 0.000000e+00, 0.000000e+00, 0.000000e+00, 0.000000e+00, 0.000000e+00, 0.000000e+00
1.197484e-01, 0.000000e+00, 0.000000e+00, 0.000000e+00, 0.000000e+00, 0.000000e+00, 0.000000e+00, 0.000000e+00, 0.000000e+00, 0.000000e+00, 0.000000e+00, 0.000000e+00, 0.000000e+00, 0.000000e+00, 0.000000e+00, 0.000000e+00, 0.000000e+00, 0.000000e+00, 0.000000e+00, 0.000000e+00, 0.000000e+00, 0.000000e+00, 0.000000e+00, 0.000000e+00, 0.000000e+00, 0.000000e+00, 0.000000e+00, 0.000000e+00
1.207547e-01, 0.000000e+00, 0.000000e+00, 0.000000e+00, 0.000000e+00, 0.000000e+00, 0.000000e+00, 0.000000e+00, 0.000000e+00, 0.000000e+00, 0.000000e+00, 0.000000e+00, 0.000000e+00, 0.000000e+00, 0.000000e+00, 0.000000e+00, 0.000000e+00, 0.000000e+00, 0.000000e+00, 0.000000e+00, 0.000000e+00, 0.000000e+00, 0.000000e+00, 0.000000e+00, 0.000000e+00, 0.000000e+00, 0.000000e+00, 0.000000e+00
1.217610e-01, 0.000000e+00, 0.000000e+00, 0.000000e+00, 0.000000e+00, 0.000000e+00, 0.000000e+00, 0.000000e+00, 0.000000e+00, 0.000000e+00, 0.000000e+00, 0.000000e+00, 0.000000e+00, 0.000000e+00, 0.000000e+00, 0.000000e+00, 0.000000e+00, 0.000000e+00, 0.000000e+00, 0.000000e+00, 0.000000e+00, 0.000000e+00, 0.000000e+00, 0.000000e+00, 0.000000e+00, 0.000000e+00, 0.000000e+00, 0.000000e+00
