-6.054408e-02, -8.950454e-08, -6.574725e-09, -7.245500e-08, 1.793320e-06, 9.269345e-07, -7.215065e-08, 9.385012e-06, 5.294827e-06, -9.839246e-07, -1.613552e-06, -1.039565e-06, 1.557309e-07, -5.581563e-09, 1.668728e-07, 7.108597e-08, -1.607125e-05, -9.346968e-06, 1.697307e-06, -9.372505e-06, -5.438894e-06, 7.760881e-07, 1.623392e-05, 9.356520e-06, -1.341790e-06, 9.998436e-08, -1.257627e-07, -1.775673e-09
-5.954408e-02, -8.245801e-08, -5.181166e-09, -6.984391e-08, 1.674584e-06, 8.643280e-07, -6.428610e-08, 8.900496e-06, 5.018298e-06, -9.324382e-07, -1.510015e-06, -9.737104e-07, 1.456967e-07, 5.608945e-09, 1.640138e-07, 6.553700e-08, -1.517561e-05, -8.825172e-06, 1.600936e-06, -8.879577e-06, -5.151898e-06, 7.328523e-07, 1.534840e-05, 8.846812e-06, -1.263838e-06, 1.072059e-07, -1.128344e-07, -2.616413e-09
-5.854408e-02, -9.445885e-08, -1.229335e-08, -6.719092e-08, 1.685310e-06, 8.710091e-07, -6.728580e-08, 8.707894e-06, 4.908635e-06, -9.105192e-07, -1.507434e-06, -9.719440e-07, 1.453032e-07, 1.308773e-08, 1.675361e-07, 6.455517e-08, -1.488717e-05, -8.659863e-06, 1.568121e-06, -8.707411e-06, -5.051624e-06, 7.146693e-07, 1.506976e-05, 8.686392e-06, -1.234331e-06, 9.503743e-08, -1.188041e-07, -1.609283e-09
-5.754408e-02, -1.147619e-07, -2.589073e-08, -6.099279e-08, 1.649636e-06, 8.543879e-07, -6.898970e-08, 8.129535e-06, 4.579315e-06, -8.470483e-07, -1.445406e-06, -9.318667e-07, 1.392959e-07, 2.808111e-08, 1.694815e-07, 5.914603e-08, -1.388537e-05, -8.078529e-06, 1.457952e-06, -8.158337e-06, -4.732447e-06, 6.625153e-07, 1.411697e-05, 8.137407e-06, -1.144456e-06, 1.013180e-07, -1.078987e-07, -2.596415e-09
-5.654408e-02, -1.201834e-07, -2.838812e-08, -6.108925e-08, 1.676624e-06, 8.684831e-07, -7.031922e-08, 8.179648e-06, 4.607015e-06, -8.512669e-07, -1.470760e-06, -9.483987e-07, 1.410479e-07, 3.732218e-08, 1.774486e-07, 5.973262e-08, -1.401039e-05, -8.153481e-06, 1.469604e-06, -8.230681e-06, -4.774107e-06, 6.661373e-07, 1.425881e-05, 8.219555e-06, -1.152006e-06, 8.567401e-08, -1.196225e-07, -1.091377e-09
-5.554408e-02, -1.267033e-07, -3.317679e-08, -5.805498e-08, 1.636651e-06, 8.478613e-07, -6.877881e-08, 7.855957e-06, 4.422563e-06, -8.155259e-07, -1.427923e-06, -9.215478e-07, 1.359732e-07, 4.594462e-08, 1.786766e-07, 5.788949e-08, -1.349663e-05, -7.857733e-06, 1.412773e-06, -7.926107e-06, -4.596528e-06, 6.366271e-07, 1.374959e-05, 7.926622e-06, -1.102650e-06, 6.919892e-08, -1.255390e-07, 2.222242e-10
-5.454408e-02, -1.286518e-07, -3.547609e-08, -5.608643e-08, 1.581400e-06, 8.185368e-07, -6.465594e-08, 7.552419e-06, 4.248001e-06, -7.819128e-07, -1.369892e-06, -8.852776e-07, 1.295612e-07, 5.004380e-08, 1.767536e-07, 5.516744e-08, -1.294033e-05, -7.534552e-06, 1.350987e-06, -7.620094e-06, -4.417736e-06, 6.069169e-07, 1.320314e-05, 7.612233e-06, -1.049881e-06, 7.694181e-08, -1.169279e-07, -5.468631e-10
-5.354408e-02, -1.422724e-07, -4.398677e-08, -5.282873e-08, 1.572452e-06, 8.146061e-07, -6.530417e-08, 7.238948e-06, 4.068128e-06, -7.463265e-07, -1.345568e-06, -8.699745e-07, 1.263958e-07, 6.425254e-08, 1.828560e-07, 5.199081e-08, -1.240105e-05, -7.222738e-06, 1.289692e-06, -7.326289e-06, -4.246376e-06, 5.763067e-07, 1.269430e-05, 7.319458e-06, -9.971036e-07, 7.616784e-08, -1.147771e-07, -6.056617e-10
-5.254408e-02, -1.543468e-07, -5.292145e-08, -4.734227e-08, 1.501141e-06, 7.778411e-07, -6.209108e-08, 6.633462e-06, 3.722707e-06, -6.795929e-07, -1.263950e-06, -8.185646e-07, 1.167532e-07, 7.851155e-08, 1.841081e-07, 4.731657e-08, -1.138113e-05, -6.632698e-06, 1.176946e-06, -6.749817e-06, -3.910565e-06, 5.210783e-07, 1.170416e-05, 6.749579e-06, -9.025036e-07, 6.625066e-08, -1.129684e-07, -8.225905e-11
-5.154408e-02, -1.639937e-07, -5.932378e-08, -4.476862e-08, 1.474231e-06, 7.637847e-07, -5.997177e-08, 6.318672e-06, 3.540724e-06, -6.438072e-07, -1.226117e-06, -7.950402e-07, 1.119042e-07, 9.294065e-08, 1.899045e-07, 4.336695e-08, -1.079423e-05, -6.291905e-06, 1.110104e-06, -6.442541e-06, -3.730983e-06, 4.890343e-07, 1.115027e-05, 6.431032e-06, -8.451072e-07, 7.630278e-08, -1.042649e-07, -1.036481e-09
-5.054408e-02, -1.698172e-07, -6.402264e-08, -4.130887e-08, 1.406627e-06, 7.278410e-07, -5.476268e-08, 5.861001e-06, 3.278222e-06, -5.926306e-07, -1.155235e-06, -7.511926e-07, 1.027138e-07, 1.019386e-07, 1.902334e-07, 4.032850e-08, -1.002076e-05, -5.845212e-06, 1.023451e-06, -5.997887e-06, -3.471184e-06, 4.447949e-07, 1.038454e-05, 5.990729e-06, -7.691069e-07, 6.713027e-08, -1.044037e-07, -3.861807e-10
-4.954408e-02, -1.822499e-07, -7.291577e-08, -3.604162e-08, 1.331095e-06, 6.881322e-07, -4.964147e-08, 5.253518e-06, 2.930817e-06, -5.246849e-07, -1.068157e-06, -6.971891e-07, 9.120401e-08, 1.130215e-07, 1.904460e-07, 3.670193e-08, -9.017654e-06, -5.266436e-06, 9.111108e-07, -5.421563e-06, -3.134859e-06, 3.875933e-07, 9.404502e-06, 5.427021e-06, -6.721536e-07, 5.328997e-08, -1.056098e-07, 4.570605e-10
-4.854408e-02, -1.932124e-07, -8.103459e-08, -3.126230e-08, 1.252624e-06, 6.466233e-07, -4.353287e-08, 4.626847e-06, 2.570486e-06, -4.545938e-07, -9.773639e-07, -6.407361e-07, 7.962368e-08, 1.281478e-07, 1.928890e-07, 3.092301e-08, -7.897879e-06, -4.617280e-06, 7.856503e-07, -4.802375e-06, -2.773238e-06, 3.258730e-07, 8.311889e-06, 4.798499e-06, -5.638554e-07, 6.161587e-08, -9.362950e-08, -5.139434e-10
-4.754408e-02, -2.086500e-07, -9.197053e-08, -2.508105e-08, 1.169412e-06, 6.029545e-07, -3.755269e-08, 3.872060e-06, 2.137271e-06, -3.699937e-07, -8.803025e-07, -5.803326e-07, 6.675483e-08, 1.517244e-07, 1.994683e-07, 2.389492e-08, -6.576760e-06, -3.852297e-06, 6.371280e-07, -4.069054e-06, -2.345260e-06, 2.526018e-07, 7.028906e-06, 4.060446e-06, -4.360418e-07, 6.001882e-08, -8.626052e-08, -6.103450e-10
-4.654408e-02, -2.185065e-07, -9.871746e-08, -2.135489e-08, 1.102762e-06, 5.667682e-07, -3.038815e-08, 3.362957e-06, 1.843547e-06, -3.115651e-07, -8.034707e-07, -5.337529e-07, 5.506992e-08, 1.598338e-07, 2.004663e-07, 2.123094e-08, -5.721526e-06, -3.359663e-06, 5.390352e-07, -3.573437e-06, -2.054939e-06, 2.001377e-07, 6.178835e-06, 3.572090e-06, -3.464344e-07, 5.255279e-08, -8.627803e-08, -2.060781e-10
-4.554408e-02, -2.264226e-07, -1.052529e-07, -1.662362e-08, 9.901149e-07, 5.060121e-07, -1.910917e-08, 2.640639e-06, 1.427284e-06, -2.300661e-07, -6.853779e-07, -4.612506e-07, 3.857422e-08, 1.753012e-07, 2.025649e-07, 1.565261e-08, -4.452525e-06, -2.625678e-06, 3.955770e-07, -2.861566e-06, -1.638502e-06, 1.277072e-07, 4.931158e-06, 2.854931e-06, -2.199599e-07, 5.290143e-08, -7.834196e-08, -4.986918e-10
-4.454408e-02, -2.391069e-07, -1.149548e-07, -9.786264e-09, 8.548692e-07, 4.333876e-07, -6.466183e-09, 1.706242e-06, 8.905107e-07, -1.249033e-07, -5.375287e-07, -3.705101e-07, 1.762204e-08, 1.865340e-07, 2.002534e-07, 1.029439e-08, -2.870689e-06, -1.712471e-06, 2.175239e-07, -1.952329e-06, -1.106937e-06, 3.606278e-08, 3.366233e-06, 1.955175e-06, -6.297564e-08, 4.155040e-08, -7.486892e-08, 5.894666e-11
-4.354408e-02, -2.558965e-07, -1.263098e-07, -3.902164e-09, 7.593687e-07, 3.817066e-07, 4.287129e-09, 8.867462e-07, 4.172721e-07, -3.142054e-08, -4.249364e-07, -3.019911e-07, 2.173850e-10, 2.088693e-07, 2.074981e-07, 3.722956e-09, -1.434140e-06, -8.823231e-07, 5.360219e-08, -1.151159e-06, -6.380246e-07, -4.790071e-08, 1.964157e-06, 1.149359e-06, 8.324777e-08, 4.233531e-08, -6.721267e-08, -2.446350e-10
-4.254408e-02, -2.665887e-07, -1.353093e-07, 3.348692e-09, 5.823853e-07, 2.859639e-07, 2.253943e-08, -2.104708e-07, -2.144985e-07, 9.257834e-08, -2.390610e-07, -1.882879e-07, -2.661735e-08, 2.214893e-07, 2.044783e-07, -2.688721e-09, 4.504254e-07, 2.061567e-07, -1.594509e-07, -6.984435e-08, -5.335264e-09, -1.577800e-07, 8.937603e-08, 7.172424e-08, 2.728973e-07, 3.421831e-08, -6.021267e-08, 1.227289e-11
-4.154408e-02, -2.822407e-07, -1.469378e-07, 1.099537e-08, 4.167218e-07, 1.960410e-07, 4.090319e-08, -1.358493e-06, -8.765113e-07, 2.232226e-07, -5.692574e-08, -7.729784e-08, -5.406423e-08, 2.383420e-07, 2.049092e-07, -9.838742e-09, 2.431643e-06, 1.350142e-06, -3.848292e-07, 1.060549e-06, 6.563142e-07, -2.747676e-07, -1.873129e-06, -1.056160e-06, 4.748839e-07, 3.141287e-08, -5.067646e-08, -2.550628e-10
-4.054408e-02, -2.988104e-07, -1.590483e-07, 1.867027e-08, 2.508904e-07, 1.057409e-07, 6.065847e-08, -2.558658e-06, -1.569941e-06, 3.600749e-07, 1.199156e-07, 3.012027e-08, -8.197500e-08, 2.711825e-07, 2.153109e-07, -1.933212e-08, 4.535655e-06, 2.565650e-06, -6.250868e-07, 2.239962e-06, 1.346801e-06, -3.979719e-07, -3.939047e-06, -2.243203e-06, 6.899651e-07, 2.669943e-08, -4.260844e-08, -1.333980e-10
-3.954408e-02, -3.146941e-07, -1.710954e-07, 2.696063e-08, 4.008836e-08, -9.546292e-09, 8.626591e-08, -3.915931e-06, -2.353931e-06, 5.151812e-07, 3.458529e-07, 1.669840e-07, -1.173718e-07, 2.890420e-07, 2.153398e-07, -2.679593e-08, 6.865842e-06, 3.909763e-06, -8.911776e-07, 3.573676e-06, 2.128186e-06, -5.377617e-07, -6.249970e-06, -3.570810e-06, 9.309021e-07, 1.802033e-08, -3.522460e-08, 4.395768e-11
-3.854408e-02, -3.312328e-07, -1.835924e-07, 3.575002e-08, -1.828075e-07, -1.317276e-07, 1.143162e-07, -5.384300e-06, -3.203259e-06, 6.832788e-07, 5.828881e-07, 3.103161e-07, -1.554238e-07, 3.141869e-07, 2.193705e-07, -3.613278e-08, 9.423833e-06, 5.386329e-06, -1.183944e-06, 5.022901e-06, 2.977377e-06, -6.900376e-07, -8.779266e-06, -5.023943e-06, 1.195442e-06, 1.378948e-08, -2.480713e-08, 3.262721e-11
-3.754408e-02, -3.460072e-07, -1.957904e-07, 4.568895e-08, -4.713180e-07, -2.899727e-07, 1.504113e-07, -7.139401e-06, -4.217954e-06, 8.838317e-07, 8.835372e-07, 4.921927e-07, -2.031280e-07, 3.341620e-07, 2.175894e-07, -4.556964e-08, 1.245460e-05, 7.134864e-06, -1.530055e-06, 6.760858e-06, 3.995928e-06, -8.719764e-07, -1.179971e-05, -6.759083e-06, 1.510075e-06, 4.469215e-09, -1.414921e-08, 2.309296e-10
-3.654408e-02, -3.675779e-07, -2.117210e-07, 5.620966e-08, -7.575129e-07, -4.476182e-07, 1.889273e-07, -9.009136e-06, -5.300927e-06, 1.098778e-06, 1.190824e-06, 6.773423e-07, -2.537883e-07, 3.620588e-07, 2.214592e-07, -5.640402e-08, 1.571083e-05, 9.013559e-06, -1.903972e-06, 8.612371e-06, 5.081522e-06, -1.068928e-06, -1.502922e-05, -8.614037e-06, 1.851687e-06, 4.071008e-09, 1.165502e-09, -3.934066e-10
-3.554408e-02, -3.872218e-07, -2.266225e-07, 6.671494e-08, -1.069824e-06, -6.202669e-07, 2.327652e-07, -1.100139e-05, -6.456071e-06, 1.328383e-06, 1.513691e-06, 8.711855e-07, -3.088139e-07, 4.036077e-07, 2.335439e-07, -6.887446e-08, 1.917473e-05, 1.101067e-05, -2.303105e-06, 1.057890e-05, 6.234948e-06, -1.279736e-06, -1.845954e-05, -1.058366e-05, 2.217847e-06, -8.375533e-09, 9.310839e-09, 1.291686e-10
-3.540000e-02, -3.820409e-07, -2.240053e-07, 6.665753e-08, -1.135712e-06, -6.572641e-07, 2.420624e-07, -1.116492e-05, -6.552780e-06, 1.347700e-06, 1.582029e-06, 9.120754e-07, -3.189764e-07, 3.859188e-07, 2.209326e-07, -6.790898e-08, 1.948991e-05, 1.119307e-05, -2.339344e-06, 1.075490e-05, 6.339231e-06, -1.298627e-06, -1.877752e-05, -1.076643e-05, 2.251027e-06, 7.001738e-09, 1.967722e-08, -1.084036e-09
-3.118213e-02, -4.788637e-07, -3.010272e-07, 1.270837e-07, -3.246858e-06, -1.828811e-06, 5.479656e-07, -2.360912e-05, -1.377637e-05, 2.785684e-06, 3.777181e-06, 2.226705e-06, -6.952687e-07, 5.140691e-07, 2.190867e-07, -1.260412e-07, 4.103443e-05, 2.360718e-05, -4.824252e-06, 2.311803e-05, 1.359642e-05, -2.629322e-06, -4.028764e-05, -2.311644e-05, 4.553513e-06, -4.293140e-08, 8.466873e-08, -4.150324e-10
-2.745383e-02, -5.910536e-07, -3.924975e-07, 2.027023e-07, -6.526330e-06, -3.662383e-06, 1.066351e-06, -4.210163e-05, -2.454128e-05, 4.937381e-06, 7.144523e-06, 4.230560e-06, -1.300628e-06, 6.843092e-07, 2.218701e-07, -2.020923e-07, 7.314716e-05, 4.209611e-05, -8.550674e-06, 4.151476e-05, 2.440760e-05, -4.645096e-06, -7.233988e-05, -4.151198e-05, 8.044948e-06, -9.887581e-08, 1.726820e-07, -1.491086e-10
-2.415937e-02, -7.150017e-07, -4.966154e-07, 2.945802e-07, -1.153255e-05, -6.479141e-06, 1.913790e-06, -6.928830e-05, -4.040959e-05, 8.121274e-06, 1.225933e-05, 7.257948e-06, -2.255157e-06, 8.594459e-07, 2.043238e-07, -2.942937e-07, 1.204919e-04, 6.933565e-05, -1.407435e-05, 6.865369e-05, 4.037376e-05, -7.666455e-06, -1.196773e-04, -6.867147e-05, 1.328073e-05, -1.294416e-07, 3.062158e-07, -2.937008e-09
-2.124926e-02, -8.641793e-07, -6.245779e-07, 4.116147e-07, -1.922669e-05, -1.082679e-05, 3.278501e-06, -1.099864e-04, -6.420944e-05, 1.291021e-05, 2.005205e-05, 1.185095e-05, -3.753729e-06, 1.112866e-06, 2.003957e-07, -4.130291e-07, 1.912640e-04, 1.100197e-04, -2.236712e-05, 1.092627e-04, 6.428344e-05, -1.224537e-05, -1.904730e-04, -1.092768e-04, 2.121183e-05, -2.350950e-07, 4.373678e-07, -8.431266e-10
-1.867959e-02, -1.066216e-06, -7.925163e-07, 5.596239e-07, -3.071479e-05, -1.734384e-05, 5.404073e-06, -1.699186e-04, -9.931659e-05, 1.999425e-05, 3.168777e-05, 1.868356e-05, -6.050035e-06, 1.412924e-06, 1.905159e-07, -5.561250e-07, 2.953616e-04, 1.698183e-04, -3.461314e-05, 1.690582e-04, 9.951471e-05, -1.906665e-05, -2.946568e-04, -1.690169e-04, 3.301809e-05, -3.986012e-07, 5.803523e-07, 3.469809e-09
-1.641135e-02, -1.265824e-06, -9.707246e-07, 7.333423e-07, -4.800980e-05, -2.718585e-05, 8.704812e-06, -2.577401e-04, -1.508563e-04, 3.041619e-05, 4.911384e-05, 2.888785e-05, -9.549230e-06, 1.784283e-06, 1.754590e-07, -7.406094e-07, 4.486020e-04, 2.578227e-04, -5.269826e-05, 2.568827e-04, 1.512968e-04, -2.918247e-05, -4.479856e-04, -2.569209e-04, 5.055274e-05, -4.716247e-07, 8.330259e-07, 4.201891e-10
-1.440997e-02, -1.451087e-06, -1.157600e-06, 9.431633e-07, -7.399995e-05, -4.200906e-05, 1.377196e-05, -3.869203e-04, -2.267618e-04, 4.579014e-05, 7.518797e-05, 4.412348e-05, -1.485689e-05, 2.162284e-06, 1.035902e-07, -9.557405e-07, 6.737710e-04, 3.870642e-04, -7.933940e-05, 3.861392e-04, 2.275484e-04, -4.418039e-05, -6.735413e-04, -3.862072e-04, 7.653646e-05, -6.264571e-07, 1.111138e-06, 7.964959e-10
-1.264475e-02, -1.784382e-06, -1.440584e-06, 1.203668e-06, -1.114994e-04, -6.345428e-05, 2.129542e-05, -5.734887e-04, -3.365091e-04, 6.806517e-05, 1.129280e-04, 6.611686e-05, -2.268076e-05, 2.677746e-06, 7.523096e-08, -1.212551e-06, 9.987685e-04, 5.735198e-04, -1.179001e-04, 5.724592e-04, 3.375131e-04, -6.598563e-05, -9.985710e-04, -5.724804e-04, 1.142965e-04, -8.678093e-07, 1.399306e-06, 5.050420e-09
-1.108847e-02, -2.164662e-06, -1.780513e-06, 1.536999e-06, -1.680336e-04, -9.582081e-05, 3.275874e-05, -8.515850e-04, -5.002235e-04, 1.013208e-04, 1.697233e-04, 9.918143e-05, -3.452783e-05, 3.324519e-06, 1.163174e-08, -1.552819e-06, 1.483808e-03, 8.517454e-04, -1.755243e-04, 8.505743e-04, 5.017025e-04, -9.865642e-05, -1.483994e-03, -8.506507e-04, 1.708932e-04, -1.064834e-06, 1.847431e-06, 1.998942e-09
-9.717000e-03, -2.598856e-06, -2.171022e-06, 1.925358e-06, -2.498296e-04, -1.427283e-04, 4.961026e-05, -1.250423e-03, -7.352197e-04, 1.491111e-04, 2.518189e-04, 1.468966e-04, -5.182936e-05, 4.005030e-06, -1.009649e-07, -1.932599e-06, 2.179094e-03, 1.250428e-03, -2.582702e-04, 1.249231e-03, 7.371426e-04, -1.457469e-04, -2.179648e-03, -1.249240e-03, 2.524440e-04, -1.399861e-06, 2.308002e-06, 5.281539e-09
-8.508941e-03, -3.221610e-06, -2.728066e-06, 2.467883e-06, -3.737212e-04, -2.138090e-04, 7.526633e-05, -1.852041e-03, -1.089807e-03, 2.212630e-04, 3.761871e-04, 2.191514e-04, -7.811649e-05, 4.947124e-06, -2.747233e-07, -2.469074e-06, 3.228443e-03, 1.852093e-03, -3.832478e-04, 1.850646e-03, 1.092368e-03, -2.169191e-04, -3.229344e-03, -1.850666e-03, 3.757177e-04, -1.713146e-06, 3.039937e-06, -2.552457e-09
-7.445323e-03, -3.934223e-06, -3.360181e-06, 3.083161e-06, -5.505610e-04, -3.154065e-04, 1.123601e-04, -2.706124e-03, -1.593556e-03, 3.238746e-04, 5.535407e-04, 3.220480e-04, -1.159231e-04, 6.055920e-06, -4.337886e-07, -3.076067e-06, 4.718221e-03, 2.706064e-03, -5.609538e-04, 2.704497e-03, 1.596844e-03, -3.184293e-04, -4.719672e-03, -2.704465e-03, 5.515277e-04, -2.179940e-06, 3.800707e-06, -1.880928e-09
-6.509340e-03, -4.597330e-06, -4.010670e-06, 3.794862e-06, -8.063979e-04, -4.625034e-04, 1.664047e-04, -3.933225e-03, -2.317693e-03, 4.714544e-04, 8.097398e-04, 4.705764e-04, -1.707847e-04, 7.358869e-06, -6.571772e-07, -3.814836e-06, 6.860088e-03, 3.933660e-03, -8.166634e-04, 3.931797e-03, 2.322112e-03, -4.647320e-04, -6.862472e-03, -3.931981e-03, 8.049701e-04, -2.546141e-06, 4.834511e-06, -1.321196e-08
-5.686100e-03, -5.700622e-06, -4.963654e-06, 4.693264e-06, -1.173646e-03, -6.738171e-04, 2.445711e-04, -5.694408e-03, -3.357349e-03, 6.834716e-04, 1.177788e-03, 6.837844e-04, -2.499892e-04, 9.073430e-06, -8.089654e-07, -4.703272e-06, 9.933007e-03, 5.694609e-03, -1.183843e-03, 5.692518e-03, 3.362747e-03, -6.751500e-04, -9.936040e-03, -5.692600e-03, 1.169406e-03, -3.290332e-06, 5.890600e-06, -5.874924e-09
-4.962414e-03, -6.701436e-06, -5.931733e-06, 5.737824e-06, -1.702106e-03, -9.780346e-04, 3.575172e-04, -8.214901e-03, -4.845742e-03, 9.871337e-04, 1.706853e-03, 9.901327e-04, -3.641413e-04, 1.087407e-05, -1.190247e-06, -5.761382e-06, 1.433237e-02, 8.215451e-03, -1.709866e-03, 8.213054e-03, 4.852657e-03, -9.769233e-04, -1.433666e-02, -8.213283e-03, 1.692117e-03, -3.911394e-06, 7.348324e-06, -1.838297e-08
-4.326605e-03, -8.134010e-06, -7.220492e-06, 7.018471e-06, -2.456356e-03, -1.412451e-03, 5.195080e-04, -1.180879e-02, -6.968545e-03, 1.420382e-03, 2.462086e-03, 1.427218e-03, -5.276087e-04, 1.328369e-05, -1.475748e-06, -7.059864e-06, 2.060565e-02, 1.180972e-02, -2.460348e-03, 1.180677e-02, 6.977153e-03, -1.407894e-03, -2.061110e-02, -1.180716e-02, 2.438613e-03, -4.699651e-06, 9.062090e-06, -2.909720e-08
-3.768333e-03, -9.896868e-06, -8.827895e-06, 8.640383e-06, -3.543778e-03, -2.038932e-03, 7.536737e-04, -1.698055e-02, -1.002386e-02, 2.044132e-03, 3.550633e-03, 2.057031e-03, -7.636414e-04, 1.633408e-05, -1.852879e-06, -8.698008e-06, 2.963306e-02, 1.698164e-02, -3.540745e-03, 1.697860e-02, 1.003479e-02, -2.028773e-03, -2.964079e-02, -1.697907e-02, 3.514020e-03, -5.884262e-06, 1.112500e-05, -2.743580e-08
-3.278450e-03, -1.167380e-05, -1.051135e-05, 1.042184e-05, -5.058230e-03, -2.911804e-03, 1.081044e-03, -2.416440e-02, -1.426892e-02, 2.910978e-03, 5.066164e-03, 2.933521e-03, -1.093067e-03, 1.944979e-05, -2.441066e-06, -1.048381e-05, 4.217344e-02, 2.416557e-02, -5.042185e-03, 2.416215e-02, 1.428222e-02, -2.892390e-03, -4.218313e-02, -2.416266e-02, 5.009860e-03, -7.194608e-06, 1.343917e-05, -2.855358e-08
-2.848860e-03, -1.456226e-05, -1.294553e-05, 1.264689e-05, -7.199119e-03, -4.146110e-03, 1.545258e-03, -3.431951e-02, -2.027058e-02, 4.137049e-03, 7.209224e-03, 4.172546e-03, -1.559859e-03, 2.366126e-05, -2.767955e-06, -1.263257e-05, 5.989855e-02, 3.431902e-02, -7.165487e-03, 3.431508e-02, 2.028569e-02, -4.114458e-03, -5.990899e-02, -3.431488e-02, 7.126413e-03, -9.446244e-06, 1.576468e-05, 2.047324e-08
-2.472404e-03, -1.772311e-05, -1.569277e-05, 1.526541e-05, -1.018473e-02, -5.867758e-03, 2.193747e-03, -4.845879e-02, -2.862797e-02, 5.844520e-03, 1.019710e-02, 5.899682e-03, -2.211378e-03, 2.850250e-05, -3.302572e-06, -1.519163e-05, 8.458057e-02, 4.845705e-02, -1.012268e-02, 4.845293e-02, 2.864590e-02, -5.817251e-03, -8.459329e-02, -4.845220e-02, 1.007565e-02, -1.185119e-05, 1.871175e-05, 5.845482e-08
-2.142750e-03, -2.095270e-05, -1.864625e-05, 1.826148e-05, -1.431273e-02, -8.248583e-03, 3.091804e-03, -6.797926e-02, -4.016743e-02, 8.202508e-03, 1.432718e-02, 8.286664e-03, -3.112883e-03, 3.416125e-05, -3.990316e-06, -1.824247e-05, 1.186618e-01, 6.797841e-02, -1.420700e-02, 6.797316e-02, 4.018945e-02, -8.169891e-03, -1.186775e-01, -6.797282e-02, 1.415061e-02, -1.379218e-05, 2.269430e-05, 4.230629e-08
-1.854303e-03, -2.526099e-05, -2.233616e-05, 2.170016e-05, -1.989582e-02, -1.146925e-02, 4.308649e-03, -9.436574e-02, -5.576730e-02, 1.139044e-02, 1.991362e-02, 1.151473e-02, -4.333723e-03, 4.040577e-05, -4.734366e-06, -2.159147e-05, 1.647280e-01, 9.436357e-02, -1.972839e-02, 9.435744e-02, 5.579281e-02, -1.135168e-02, -1.647458e-01, -9.435648e-02, 1.966149e-02, -1.653028e-05, 2.678256e-05, 5.511804e-08
-1.602117e-03, -2.916964e-05, -2.592436e-05, 2.540893e-05, -2.730815e-02, -1.574573e-02, 5.926218e-03, -1.293586e-01, -7.645703e-02, 1.561922e-02, 2.732712e-02, 1.579785e-02, -5.955483e-03, 4.819440e-05, -4.957757e-06, -2.517757e-05, 2.258128e-01, 1.293494e-01, -2.705168e-02, 1.293465e-01, 7.648567e-02, -1.557360e-02, -2.258361e-01, -1.293429e-01, 2.697377e-02, -2.386912e-05, 2.869446e-05, 4.446704e-07
-1.381826e-03, -3.366700e-05, -2.990104e-05, 2.923646e-05, -3.691253e-02, -2.128769e-02, 8.024964e-03, -1.746640e-01, -1.032468e-01, 2.109560e-02, 3.693603e-02, 2.134879e-02, -8.058739e-03, 5.424482e-05, -6.575782e-06, -2.911980e-05, 3.049277e-01, 1.746617e-01, -3.653824e-02, 1.746542e-01, 1.032820e-01, -2.104340e-02, -3.049537e-01, -1.746532e-01, 3.644810e-02, -2.218042e-05, 3.624157e-05, 6.671216e-08
-1.189572e-03, -3.551135e-05, -3.222809e-05, 3.241882e-05, -4.863326e-02, -2.805176e-02, 1.058927e-02, -2.298746e-01, -1.358966e-01, 2.777049e-02, 4.865645e-02, 2.811843e-02, -1.062668e-02, 5.918555e-05, -8.282718e-06, -3.227192e-05, 4.013252e-01, 2.298698e-01, -4.809902e-02, 2.298643e-01, 1.359363e-01, -2.771222e-02, -4.013575e-01, -2.298624e-01, 4.799866e-02, -2.642376e-05, 3.958552e-05, 2.129891e-07
-1.021951e-03, -4.271746e-05, -3.749454e-05, 3.618750e-05, -6.274880e-02, -3.619889e-02, 1.368158e-02, -2.964391e-01, -1.752620e-01, 3.581879e-02, 6.277848e-02, 3.627422e-02, -1.372339e-02, 6.753773e-05, -7.357922e-06, -3.565055e-05, 5.175389e-01, 2.964257e-01, -6.203743e-02, 2.964236e-01, 1.753036e-01, -3.575430e-02, -5.175745e-01, -2.964179e-01, 6.192726e-02, -3.227597e-05, 4.157361e-05, 4.680436e-07
-8.759577e-04, -4.109467e-05, -3.761143e-05, 3.820751e-05, -7.857978e-02, -4.533646e-02, 1.715027e-02, -3.708988e-01, -2.193003e-01, 4.482251e-02, 7.860562e-02, 4.541450e-02, -1.719429e-02, 7.054290e-05, -9.564602e-06, -3.827156e-05, 6.475730e-01, 3.708960e-01, -7.763441e-02, 3.708893e-01, 2.193487e-01, -4.475379e-02, -6.476133e-01, -3.708883e-01, 7.751577e-02, -3.084280e-05, 4.704510e-05, 2.475596e-07
-7.489439e-04, -4.119278e-05, -3.798413e-05, 3.892902e-05, -9.428409e-02, -5.440261e-02, 2.059764e-02, -4.447641e-01, -2.629908e-01, 5.375726e-02, 9.430960e-02, 5.448194e-02, -2.064247e-02, 7.163144e-05, -1.011538e-05, -3.910759e-05, 7.765594e-01, 4.447636e-01, -9.311029e-02, 4.447566e-01, 2.630415e-01, -5.368725e-02, -7.766023e-01, -4.447566e-01, 9.298913e-02, -3.052025e-05, 4.867718e-05, 1.800531e-07
-6.385732e-04, -4.050589e-05, -3.707565e-05, 3.768663e-05, -1.078041e-01, -6.220959e-02, 2.357202e-02, -5.083038e-01, -3.005785e-01, 6.144482e-02, 1.078303e-01, 6.228697e-02, -2.361553e-02, 6.783497e-05, -1.043613e-05, -3.750327e-05, 8.875092e-01, 5.082988e-01, -1.064247e-01, 5.082938e-01, 3.006260e-01, -6.137699e-02, -8.875498e-01, -5.082918e-01, 1.063078e-01, -3.029552e-05, 4.649011e-05, 2.012641e-07
-5.427872e-04, -3.594459e-05, -3.342956e-05, 3.462636e-05, -1.176895e-01, -6.791920e-02, 2.575195e-02, -5.546596e-01, -3.280058e-01, 6.705573e-02, 1.177120e-01, 6.798993e-02, -2.579190e-02, 6.179803e-05, -1.030873e-05, -3.464976e-05, 9.684708e-01, 5.546592e-01, -1.161439e-01, 5.546541e-01, 3.280517e-01, -6.699338e-02, -9.685110e-01, -5.546540e-01, 1.160360e-01, -2.631453e-05, 4.401226e-05, 6.209622e-08
-4.597727e-04, -3.362639e-05, -3.075699e-05, 3.119213e-05, -1.230215e-01, -7.100067e-02, 2.693488e-02, -5.796185e-01, -3.427781e-01, 7.007871e-02, 1.230433e-01, 7.106489e-02, -2.697087e-02, 5.690433e-05, -8.281464e-06, -3.124537e-05, 1.012064e+00, 5.796185e-01, -1.213800e-01, 5.796114e-01, 3.428180e-01, -7.002261e-02, -1.012096e+00, -5.796115e-01, 1.212828e-01, -2.340480e-05, 3.947819e-05, 4.687259e-08
-3.879332e-04, -2.548889e-05, -2.408847e-05, 2.543689e-05, -1.209066e-01, -6.978411e-02, 2.648653e-02, -5.694371e-01, -3.367691e-01, 6.885344e-02, 1.209209e-01, 6.983498e-02, -2.651578e-02, 4.613280e-05, -7.314700e-06, -2.550805e-05, 9.942931e-01, 5.694337e-01, -1.192570e-01, 5.694333e-01, 3.368032e-01, -6.880745e-02, -9.943262e-01, -5.694321e-01, 1.191778e-01, -2.203529e-05, 3.091867e-05, 2.808688e-07
-3.258639e-04, -2.060646e-05, -1.917509e-05, 1.989251e-05, -1.130900e-01, -6.527595e-02, 2.478694e-02, -5.324898e-01, -3.149281e-01, 6.439041e-02, 1.131029e-01, 6.531656e-02, -2.480991e-02, 3.513343e-05, -6.112969e-06, -1.982780e-05, 9.297914e-01, 5.324880e-01, -1.115271e-01, 5.324862e-01, 3.149543e-01, -6.435455e-02, -9.298150e-01, -5.324854e-01, 1.114651e-01, -1.555468e-05, 2.503385e-05, 6.295999e-08
-2.723291e-04, -1.591748e-05, -1.480545e-05, 1.535298e-05, -1.024319e-01, -5.912631e-02, 2.245987e-02, -4.822006e-01, -2.851924e-01, 5.831255e-02, 1.024412e-01, 5.915718e-02, -2.247753e-02, 2.804637e-05, -4.127140e-06, -1.531028e-05, 8.419836e-01, 4.821968e-01, -1.009996e-01, 4.821962e-01, 2.852117e-01, -5.828473e-02, -8.420014e-01, -4.821947e-01, 1.009519e-01, -1.397943e-05, 1.809792e-05, 2.240312e-07
-2.262427e-04, -1.122615e-05, -1.045203e-05, 1.084222e-05, -8.819401e-02, -5.090979e-02, 1.934576e-02, -4.150838e-01, -2.455031e-01, 5.019831e-02, 8.820122e-02, 5.093205e-02, -1.935827e-02, 1.933572e-05, -3.265726e-06, -1.091800e-05, 7.248037e-01, 4.150858e-01, -8.694647e-02, 4.150831e-01, 2.455180e-01, -5.017885e-02, -7.248163e-01, -4.150840e-01, 8.691257e-02, -7.265526e-06, 1.439977e-05, -5.793368e-08
-1.866502e-04, -8.474644e-06, -7.699264e-06, 7.754457e-06, -7.443234e-02, -4.296714e-02, 1.633258e-02, -3.502599e-01, -2.071665e-01, 4.236054e-02, 7.443808e-02, 4.298324e-02, -1.634155e-02, 1.388591e-05, -2.165953e-06, -7.722650e-06, 6.116112e-01, 3.502595e-01, -7.337054e-02, 3.502581e-01, 2.071764e-01, -4.234662e-02, -6.116193e-01, -3.502579e-01, 7.334646e-02, -5.692943e-06, 9.862837e-06, -4.157306e-09
-1.527138e-04, -5.502476e-06, -5.079249e-06, 5.215553e-06, -6.075121e-02, -3.507040e-02, 1.333464e-02, -2.858272e-01, -1.690598e-01, 3.456916e-02, 6.075476e-02, 3.508111e-02, -1.334066e-02, 9.353895e-06, -1.506301e-06, -5.225507e-06, 4.991049e-01, 2.858274e-01, -5.987557e-02, 2.858265e-01, 1.690668e-01, -3.455979e-02, -4.991109e-01, -2.858266e-01, 5.985932e-02, -3.786053e-06, 6.715234e-06, -4.675774e-09
-1.236982e-04, -3.506871e-06, -3.261310e-06, 3.379549e-06, -4.826876e-02, -2.786516e-02, 1.059794e-02, -2.270613e-01, -1.343034e-01, 2.746243e-02, 4.827101e-02, 2.787210e-02, -1.060185e-02, 5.986799e-06, -1.036377e-06, -3.388545e-06, 3.964917e-01, 2.270616e-01, -4.756639e-02, 2.270610e-01, 1.343081e-01, -2.745636e-02, -3.964957e-01, -2.270611e-01, 4.755584e-02, -2.371858e-06, 4.419162e-06, -1.049025e-08
-9.895854e-05, -2.222061e-06, -2.066294e-06, 2.141473e-06, -3.763962e-02, -2.172946e-02, 8.266562e-03, -1.770340e-01, -1.047145e-01, 2.141211e-02, 3.764107e-02, 2.173387e-02, -8.269037e-03, 3.759441e-06, -6.762506e-07, -2.142937e-06, 3.091359e-01, 1.770341e-01, -3.708688e-02, 1.770338e-01, 1.047175e-01, -2.140826e-02, -3.091385e-01, -1.770338e-01, 3.708020e-02, -1.488411e-06, 2.810582e-06, -8.576345e-09
-7.792985e-05, -1.340640e-06, -1.258976e-06, 1.319761e-06, -2.888741e-02, -1.667705e-02, 6.346137e-03, -1.358489e-01, -8.035491e-02, 1.643104e-02, 2.888827e-02, 1.667976e-02, -6.347662e-03, 2.313880e-06, -4.287964e-07, -1.329697e-06, 2.372202e-01, 1.358492e-01, -2.845945e-02, 1.358489e-01, 8.035679e-02, -1.642866e-02, -2.372218e-01, -1.358490e-01, 2.845531e-02, -8.346083e-07, 1.791810e-06, -1.172619e-08
-6.011731e-05, -8.961605e-07, -8.076401e-07, 8.079370e-07, -2.183134e-02, -1.260367e-02, 4.797429e-03, -1.026530e-01, -6.072028e-02, 1.241605e-02, 2.183194e-02, 1.260534e-02, -4.798361e-03, 1.480029e-06, -1.974078e-07, -8.042121e-07, 1.792536e-01, 1.026529e-01, -2.150519e-02, 1.026528e-01, 6.072129e-02, -1.241460e-02, -1.792544e-01, -1.026527e-01, 2.150270e-02, -6.493075e-07, 9.908361e-07, 4.487738e-09
-4.508798e-05, -5.080376e-07, -4.651200e-07, 4.738200e-07, -1.633549e-02, -9.430908e-03, 3.590789e-03, -7.679885e-02, -4.542786e-02, 9.288965e-03, 1.633583e-02, 9.431887e-03, -3.591336e-03, 8.522200e-07, -1.324411e-07, -4.758714e-07, 1.341076e-01, 7.679891e-02, -1.608897e-02, 7.679879e-02, 4.542849e-02, -9.288116e-03, -1.341081e-01, -7.679881e-02, 1.608749e-02, -3.182076e-07, 6.249678e-07, -2.512154e-09
-3.246335e-05, -2.991259e-07, -2.700383e-07, 2.707377e-07, -1.200962e-02, -6.933536e-03, 2.640762e-03, -5.645253e-02, -3.339310e-02, 6.828011e-03, 1.200982e-02, 6.934097e-03, -2.641075e-03, 4.938303e-07, -6.836002e-08, -2.710303e-07, 9.857888e-02, 5.645254e-02, -1.182646e-02, 5.645248e-02, 3.339345e-02, -6.827526e-03, -9.857915e-02, -5.645248e-02, 1.182562e-02, -1.929481e-07, 3.479164e-07, -4.865107e-10
-2.191276e-05, -1.551600e-07, -1.435656e-07, 1.482565e-07, -8.722275e-03, -5.035685e-03, 1.918606e-03, -4.099256e-02, -2.424847e-02, 4.958051e-03, 8.722376e-03, 5.035990e-03, -1.918777e-03, 2.632084e-07, -4.438392e-08, -1.488623e-07, 7.158263e-02, 4.099258e-02, -8.587602e-03, 4.099254e-02, 2.424867e-02, -4.957785e-03, -7.158280e-02, -4.099255e-02, 8.587138e-03, -1.006917e-07, 1.960711e-07, -7.305074e-10
-1.314766e-05, -8.469052e-08, -7.647530e-08, 7.675265e-08, -6.182000e-03, -3.569116e-03, 1.360394e-03, -2.904818e-02, -1.718323e-02, 3.513321e-03, 6.182059e-03, 3.569277e-03, -1.360483e-03, 1.382359e-07, -2.056496e-08, -7.716958e-08, 5.072522e-02, 2.904820e-02, -6.085256e-03, 2.904817e-02, 1.718333e-02, -3.513184e-03, -5.072530e-02, -2.904819e-02, 6.085017e-03, -4.689292e-08, 1.036470e-07, -7.796604e-10
-5.916445e-06, -3.989890e-08, -3.649954e-08, 3.724519e-08, -4.299930e-03, -2.482535e-03, 9.466713e-04, -2.020013e-02, -1.194943e-02, 2.443103e-03, 4.299956e-03, 2.482612e-03, -9.467142e-04, 6.788967e-08, -9.801482e-09, -3.766540e-08, 3.527456e-02, 2.020014e-02, -4.231582e-03, 2.020013e-02, 1.194948e-02, -2.443036e-03, -3.527459e-02, -2.020014e-02, 4.231465e-03, -2.384165e-08, 5.002088e-08, -2.686147e-10
0.000000e+00, -1.554616e-08, -1.481075e-08, 1.589742e-08, -2.878255e-03, -1.661748e-03, 6.340148e-04, -1.351793e-02, -7.996710e-03, 1.634878e-03, 2.878264e-03, 1.661780e-03, -6.340331e-04, 2.783968e-08, -5.136005e-09, -1.591517e-08, 2.360587e-02, 1.351793e-02, -2.831691e-03, 1.351793e-02, 7.996732e-03, -1.634849e-03, -2.360590e-02, -1.351793e-02, 2.831642e-03, -1.298008e-08, 2.004550e-08, 9.448246e-11
5.916445e-06, -4.010328e-09, -3.665914e-09, 3.767323e-09, -1.528461e-03, -8.824545e-04, 3.369490e-04, -7.175893e-03, -4.245104e-03, 8.678202e-04, 1.528464e-03, 8.824622e-04, -3.369534e-04, 6.668398e-09, -1.058031e-09, -3.742983e-09, 1.253111e-02, 7.175892e-03, -1.503109e-03, 7.175892e-03, 4.245109e-03, -8.678134e-04, -1.253112e-02, -7.175892e-03, 1.503097e-03, -3.049774e-09, 4.683315e-09, 1.977300e-11
1.314766e-05, 0.000000e+00, 0.000000e+00, 0.000000e+00, 0.000000e+00, 0.000000e+00, 0.000000e+00, 0.000000e+00, 0.000000e+00, 0.000000e+00, 0.000000e+00, 0.000000e+00, 0.000000e+00, 0.000000e+00, 0.000000e+00, 0.000000e+00, 0.000000e+00, 0.000000e+00, 0.000000e+00, 0.000000e+00, 0.000000e+00, 0.000000e+00, 0.000000e+00, 0.000000e+00, 0.000000e+00, 0.000000e+00, 0.000000e+00, 0.000000e+00
2.191276e-05, 0.000000e+00, 0.000000e+00, 0.000000e+00, 0.000000e+00, 0.000000e+00, 0.000000e+00, 0.000000e+00, 0.000000e+00, 0.000000e+00, 0.000000e+00, 0.000000e+00, 0.000000e+00, 0.000000e+00, 0.000000e+00, 0.000000e+00, 0.000000e+00, 0.000000e+00, 0.000000e+00, 0.000000e+00, 0.000000e+00, 0.000000e+00, 0.000000e+00, 0.000000e+00, 0.000000e+00, 0.000000e+00, 0.000000e+00, 0.000000e+00
3.246335e-05, 0.000000e+00, 0.000000e+00, 0.000000e+00, 0.000000e+00, 0.000000e+00, 0.000000e+00, 0.000000e+00, 0.000000e+00, 0.000000e+00, 0.000000e+00, 0.000000e+00, 0.000000e+00, 0.000000e+00, 0.000000e+00, 0.000000e+00, 0.000000e+00, 0.000000e+00, 0.000000e+00, 0.000000e+00, 0.000000e+00, 0.000000e+00, 0.000000e+00, 0.000000e+00, 0.000000e+00, 0.000000e+00, 0.000000e+00, 0.000000e+00
4.508798e-05, 0.000000e+00, 0.000000e+00, 0.000000e+00, 0.000000e+00, 0.000000e+00, 0.000000e+00, 0.000000e+00, 0.000000e+00, 0.000000e+00, 0.000000e+00, 0.000000e+00, 0.000000e+00, 0.000000e+00, 0.000000e+00, 0.000000e+00, 0.000000e+00, 0.000000e+00, 0.000000e+00, 0.000000e+00, 0.000000e+00, 0.000000e+00, 0.000000e+00, 0.000000e+00, 0.000000e+00, 0.000000e+00, 0.000000e+00, 0.000000e+00
6.011731e-05, 0.000000e+00, 0.000000e+00, 0.000000e+00, 0.000000e+00, 0.000000e+00, 0.000000e+00, 0.000000e+00, 0.000000e+00, 0.000000e+00, 0.000000e+00, 0.000000e+00, 0.000000e+00, 0.000000e+00, 0.000000e+00, 0.000000e+00, 0.000000e+00, 0.000000e+00, 0.000000e+00, 0.000000e+00, 0.000000e+00, 0.000000e+00, 0.000000e+00, 0.000000e+00, 0.000000e+00, 0.000000e+00, 0.000000e+00, 0.000000e+00
7.792985e-05, 0.000000e+00, 0.000000e+00, 0.000000e+00, 0.000000e+00, 0.000000e+00, 0.000000e+00, 0.000000e+00, 0.000000e+00, 0.000000e+00, 0.000000e+00, 0.000000e+00, 0.000000e+00, 0.000000e+00, 0.000000e+00, 0.000000e+00, 0.000000e+00, 0.000000e+00, 0.000000e+00, 0.000000e+00, 0.000000e+00, 0.000000e+00, 0.000000e+00, 0.000000e+00, 0.000000e+00, 0.000000e+00, 0.000000e+00, 0.000000e+00
9.895854e-05, 0.000000e+00, 0.000000e+00, 0.000000e+00, 0.000000e+00, 0.000000e+00, 0.000000e+00, 0.000000e+00, 0.000000e+00, 0.000000e+00, 0.000000e+00, 0.000000e+00, 0.000000e+00, 0.000000e+00, 0.000000e+00, 0.000000e+00, 0.000000e+00, 0.000000e+00, 0.000000e+00, 0.000000e+00, 0.000000e+00, 0.000000e+00, 0.000000e+00, 0.000000e+00, 0.000000e+00, 0.000000e+00, 0.000000e+00, 0.000000e+00
1.236982e-04, 0.000000e+00, 0.000000e+00, 0.000000e+00, 0.000000e+00, 0.000000e+00, 0.000000e+00, 0.000000e+00, 0.000000e+00, 0.000000e+00, 0.000000e+00, 0.000000e+00, 0.000000e+00, 0.000000e+00, 0.000000e+00, 0.000000e+00, 0.000000e+00, 0.000000e+00, 0.000000e+00, 0.000000e+00, 0.000000e+00, 0.000000e+00, 0.000000e+00, 0.000000e+00, 0.000000e+00, 0.000000e+00, 0.000000e+00, 0.000000e+00
1.527138e-04, 0.000000e+00, 0.000000e+00, 0.000000e+00, 0.000000e+00, 0.000000e+00, 0.000000e+00, 0.000000e+00, 0.000000e+00, 0.000000e+00, 0.000000e+00, 0.000000e+00, 0.000000e+00, 0.000000e+00, 0.000000e+00, 0.000000e+00, 0.000000e+00, 0.000000e+00, 0.000000e+00, 0.000000e+00, 0.000000e+00, 0.000000e+00, 0.000000e+00, 0.000000e+00, 0.000000e+00, 0.000000e+00, 0.000000e+00, 0.000000e+00
1.866502e-04, 0.000000e+00, 0.000000e+00, 0.000000e+00, 0.000000e+00, 0.000000e+00, 0.000000e+00, 0.000000e+00, 0.000000e+00, 0.000000e+00, 0.000000e+00, 0.000000e+00, 0.000000e+00, 0.000000e+00, 0.000000e+00, 0.000000e+00, 0.000000e+00, 0.000000e+00, 0.000000e+00, 0.000000e+00, 0.000000e+00, 0.000000e+00, 0.000000e+00, 0.000000e+00, 0.000000e+00, 0.000000e+00, 0.000000e+00, 0.000000e+00
2.262427e-04, 0.000000e+00, 0.000000e+00, 0.000000e+00, 0.000000e+00, 0.000000e+00, 0.000000e+00, 0.000000e+00, 0.000000e+00, 0.000000e+00, 0.000000e+00, 0.000000e+00, 0.000000e+00, 0.000000e+00, 0.000000e+00, 0.000000e+00, 0.000000e+00, 0.000000e+00, 0.000000e+00, 0.000000e+00, 0.000000e+00, 0.000000e+00, 0.000000e+00, 0.000000e+00, 0.000000e+00, 0.000000e+00, 0.000000e+00, 0.000000e+00
2.723291e-04, 0.000000e+00, 0.000000e+00, 0.000000e+00, 0.000000e+00, 0.000000e+00, 0.000000e+00, 0.000000e+00, 0.000000e+00, 0.000000e+00, 0.000000e+00, 0.000000e+00, 0.000000e+00, 0.000000e+00, 0.000000e+00, 0.000000e+00, 0.000000e+00, 0.000000e+00, 0.000000e+00, 0.000000e+00, 0.000000e+00, 0.000000e+00, 0.000000e+00, 0.000000e+00, 0.000000e+00, 0.000000e+00, 0.000000e+00, 0.000000e+00
3.258639e-04, 0.000000e+00, 0.000000e+00, 0.000000e+00, 0.000000e+00, 0.000000e+00, 0.000000e+00, 0.000000e+00, 0.000000e+00, 0.000000e+00, 0.000000e+00, 0.000000e+00, 0.000000e+00, 0.000000e+00, 0.000000e+00, 0.000000e+00, 0.000000e+00, 0.000000e+00, 0.000000e+00, 0.000000e+00, 0.000000e+00, 0.000000e+00, 0.000000e+00, 0.000000e+00, 0.000000e+00, 0.000000e+00, 0.000000e+00, 0.000000e+00
3.879332e-04, 0.000000e+00, 0.000000e+00, 0.000000e+00, 0.000000e+00, 0.000000e+00, 0.000000e+00, 0.000000e+00, 0.000000e+00, 0.000000e+00, 0.000000e+00, 0.000000e+00, 0.000000e+00, 0.000000e+00, 0.000000e+00, 0.000000e+00, 0.000000e+00, 0.000000e+00, 0.000000e+00, 0.000000e+00, 0.000000e+00, 0.000000e+00, 0.000000e+00, 0.000000e+00, 0.000000e+00, 0.000000e+00, 0.000000e+00, 0.000000e+00
4.597727e-04, 0.000000e+00, 0.000000e+00, 0.000000e+00, 0.000000e+00, 0.000000e+00, 0.000000e+00, 0.000000e+00, 0.000000e+00, 0.000000e+00, 0.000000e+00, 0.000000e+00, 0.000000e+00, 0.000000e+00, 0.000000e+00, 0.000000e+00, 0.000000e+00, 0.000000e+00, 0.000000e+00, 0.000000e+00, 0.000000e+00, 0.000000e+00, 0.000000e+00, 0.000000e+00, 0.000000e+00, 0.000000e+00, 0.000000e+00, 0.000000e+00
5.427872e-04, 0.000000e+00, 0.000000e+00, 0.000000e+00, 0.000000e+00, 0.000000e+00, 0.000000e+00, 0.000000e+00, 0.000000e+00, 0.000000e+00, 0.000000e+00, 0.000000e+00, 0.000000e+00, 0.000000e+00, 0.000000e+00, 0.000000e+00, 0.000000e+00, 0.000000e+00, 0.000000e+00, 0.000000e+00, 0.000000e+00, 0.000000e+00, 0.000000e+00, 0.000000e+00, 0.000000e+00, 0.000000e+00, 0.000000e+00, 0.000000e+00
6.385732e-04, 0.000000e+00, 0.000000e+00, 0.000000e+00, 0.000000e+00, 0.000000e+00, 0.000000e+00, 0.000000e+00, 0.000000e+00, 0.000000e+00, 0.000000e+00, 0.000000e+00, 0.000000e+00, 0.000000e+00, 0.000000e+00, 0.000000e+00, 0.000000e+00, 0.000000e+00, 0.000000e+00, 0.000000e+00, 0.000000e+00, 0.000000e+00, 0.000000e+00, 0.000000e+00, 0.000000e+00, 0.000000e+00, 0.000000e+00, 0.000000e+00
7.489439e-04, 0.000000e+00, 0.000000e+00, 0.000000e+00, 0.000000e+00, 0.000000e+00, 0.000000e+00, 0.000000e+00, 0.000000e+00, 0.000000e+00, 0.000000e+00, 0.000000e+00, 0.000000e+00, 0.000000e+00, 0.000000e+00, 0.000000e+00, 0.000000e+00, 0.000000e+00, 0.000000e+00, 0.000000e+00, 0.000000e+00, 0.000000e+00, 0.000000e+00, 0.000000e+00, 0.000000e+00, 0.000000e+00, 0.000000e+00, 0.000000e+00
8.759577e-04, 0.000000e+00, 0.000000e+00, 0.000000e+00, 0.000000e+00, 0.000000e+00, 0.000000e+00, 0.000000e+00, 0.000000e+00, 0.000000e+00, 0.000000e+00, 0.000000e+00, 0.000000e+00, 0.000000e+00, 0.000000e+00, 0.000000e+00, 0.000000e+00, 0.000000e+00, 0.000000e+00, 0.000000e+00, 0.000000e+00, 0.000000e+00, 0.000000e+00, 0.000000e+00, 0.000000e+00, 0.000000e+00, 0.000000e+00, 0.000000e+00
1.021951e-03, 0.000000e+00, 0.000000e+00, 0.000000e+00, 0.000000e+00, 0.000000e+00, 0.000000e+00, 0.000000e+00, 0.000000e+00, 0.000000e+00, 0.000000e+00, 0.000000e+00, 0.000000e+00, 0.000000e+00, 0.000000e+00, 0.000000e+00, 0.000000e+00, 0.000000e+00, 0.000000e+00, 0.000000e+00, 0.000000e+00, 0.000000e+00, 0.000000e+00, 0.000000e+00, 0.000000e+00, 0.000000e+00, 0.000000e+00, 0.000000e+00
1.189572e-03, 0.000000e+00, 0.000000e+00, 0.000000e+00, 0.000000e+00, 0.000000e+00, 0.000000e+00, 0.000000e+00, 0.000000e+00, 0.000000e+00, 0.000000e+00, 0.000000e+00, 0.000000e+00, 0.000000e+00, 0.000000e+00, 0.000000e+00, 0.000000e+00, 0.000000e+00, 0.000000e+00, 0.000000e+00, 0.000000e+00, 0.000000e+00, 0.000000e+00, 0.000000e+00, 0.000000e+00, 0.000000e+00, 0.000000e+00, 0.000000e+00
1.381826e-03, 0.000000e+00, 0.000000e+00, 0.000000e+00, 0.000000e+00, 0.000000e+00, 0.000000e+00, 0.000000e+00, 0.000000e+00, 0.000000e+00, 0.000000e+00, 0.000000e+00, 0.000000e+00, 0.000000e+00, 0.000000e+00, 0.000000e+00, 0.000000e+00, 0.000000e+00, 0.000000e+00, 0.000000e+00, 0.000000e+00, 0.000000e+00, 0.000000e+00, 0.000000e+00, 0.000000e+00, 0.000000e+00, 0.000000e+00, 0.000000e+00
1.602117e-03, 0.000000e+00, 0.000000e+00, 0.000000e+00, 0.000000e+00, 0.000000e+00, 0.000000e+00, 0.000000e+00, 0.000000e+00, 0.000000e+00, 0.000000e+00, 0.000000e+00, 0.000000e+00, 0.000000e+00, 0.000000e+00, 0.000000e+00, 0.000000e+00, 0.000000e+00, 0.000000e+00, 0.000000e+00, 0.000000e+00, 0.000000e+00, 0.000000e+00, 0.000000e+00, 0.000000e+00, 0.000000e+00, 0.000000e+00, 0.000000e+00
1.854303e-03, 0.000000e+00, 0.000000e+00, 0.000000e+00, 0.000000e+00, 0.000000e+00, 0.000000e+00, 0.000000e+00, 0.000000e+00, 0.000000e+00, 0.000000e+00, 0.000000e+00, 0.000000e+00, 0.000000e+00, 0.000000e+00, 0.000000e+00, 0.000000e+00, 0.000000e+00, 0.000000e+00, 0.000000e+00, 0.000000e+00, 0.000000e+00, 0.000000e+00, 0.000000e+00, 0.000000e+00, 0.000000e+00, 0.000000e+00, 0.000000e+00
2.142750e-03, 0.000000e+00, 0.000000e+00, 0.000000e+00, 0.000000e+00, 0.000000e+00, 0.000000e+00, 0.000000e+00, 0.000000e+00, 0.000000e+00, 0.000000e+00, 0.000000e+00, 0.000000e+00, 0.000000e+00, 0.000000e+00, 0.000000e+00, 0.000000e+00, 0.000000e+00, 0.000000e+00, 0.000000e+00, 0.000000e+00, 0.000000e+00, 0.000000e+00, 0.000000e+00, 0.000000e+00, 0.000000e+00, 0.000000e+00, 0.000000e+00
2.472404e-03, 0.000000e+00, 0.000000e+00, 0.000000e+00, 0.000000e+00, 0.000000e+00, 0.000000e+00, 0.000000e+00, 0.000000e+00, 0.000000e+00, 0.000000e+00, 0.000000e+00, 0.000000e+00, 0.000000e+00, 0.000000e+00, 0.000000e+00, 0.000000e+00, 0.000000e+00, 0.000000e+00, 0.000000e+00, 0.000000e+00, 0.000000e+00, 0.000000e+00, 0.000000e+00, 0.000000e+00, 0.000000e+00, 0.000000e+00, 0.000000e+00
2.848860e-03, 0.000000e+00, 0.000000e+00, 0.000000e+00, 0.000000e+00, 0.000000e+00, 0.000000e+00, 0.000000e+00, 0.000000e+00, 0.000000e+00, 0.000000e+00, 0.000000e+00, 0.000000e+00, 0.000000e+00, 0.000000e+00, 0.000000e+00, 0.000000e+00, 0.000000e+00, 0.000000e+00, 0.000000e+00, 0.000000e+00, 0.000000e+00, 0.000000e+00, 0.000000e+00, 0.000000e+00, 0.000000e+00, 0.000000e+00, 0.000000e+00
3.278450e-03, 0.000000e+00, 0.000000e+00, 0.000000e+00, 0.000000e+00, 0.000000e+00, 0.000000e+00, 0.000000e+00, 0.000000e+00, 0.000000e+00, 0.000000e+00, 0.000000e+00, 0.000000e+00, 0.000000e+00, 0.000000e+00, 0.000000e+00, 0.000000e+00, 0.000000e+00, 0.000000e+00, 0.000000e+00, 0.000000e+00, 0.000000e+00, 0.000000e+00, 0.000000e+00, 0.000000e+00, 0.000000e+00, 0.000000e+00, 0.000000e+00
3.768333e-03, 0.000000e+00, 0.000000e+00, 0.000000e+00, 0.000000e+00, 0.000000e+00, 0.000000e+00, 0.000000e+00, 0.000000e+00, 0.000000e+00, 0.000000e+00, 0.000000e+00, 0.000000e+00, 0.000000e+00, 0.000000e+00, 0.000000e+00, 0.000000e+00, 0.000000e+00, 0.000000e+00, 0.000000e+00, 0.000000e+00, 0.000000e+00, 0.000000e+00, 0.000000e+00, 0.000000e+00, 0.000000e+00, 0.000000e+00, 0.000000e+00
4.326605e-03, 0.000000e+00, 0.000000e+00, 0.000000e+00, 0.000000e+00, 0.000000e+00, 0.000000e+00, 0.000000e+00, 0.000000e+00, 0.000000e+00, 0.000000e+00, 0.000000e+00, 0.000000e+00, 0.000000e+00, 0.000000e+00, 0.000000e+00, 0.000000e+00, 0.000000e+00, 0.000000e+00, 0.000000e+00, 0.000000e+00, 0.000000e+00, 0.000000e+00, 0.000000e+00, 0.000000e+00, 0.000000e+00, 0.000000e+00, 0.000000e+00
4.962414e-03, 0.000000e+00, 0.000000e+00, 0.000000e+00, 0.000000e+00, 0.000000e+00, 0.000000e+00, 0.000000e+00, 0.000000e+00, 0.000000e+00, 0.000000e+00, 0.000000e+00, 0.000000e+00, 0.000000e+00, 0.000000e+00, 0.000000e+00, 0.000000e+00, 0.000000e+00, 0.000000e+00, 0.000000e+00, 0.000000e+00, 0.000000e+00, 0.000000e+00, 0.000000e+00, 0.000000e+00, 0.000000e+00, 0.000000e+00, 0.000000e+00
5.686100e-03, 0.000000e+00, 0.000000e+00, 0.000000e+00, 0.000000e+00, 0.000000e+00, 0.000000e+00, 0.000000e+00, 0.000000e+00, 0.000000e+00, 0.000000e+00, 0.000000e+00, 0.000000e+00, 0.000000e+00, 0.000000e+00, 0.000000e+00, 0.000000e+00, 0.000000e+00, 0.000000e+00, 0.000000e+00, 0.000000e+00, 0.000000e+00, 0.000000e+00, 0.000000e+00, 0.000000e+00, 0.000000e+00, 0.000000e+00, 0.000000e+00
6.509340e-03, 0.000000e+00, 0.000000e+00, 0.000000e+00, 0.000000e+00, 0.000000e+00, 0.000000e+00, 0.000000e+00, 0.000000e+00, 0.000000e+00, 0.000000e+00, 0.000000e+00, 0.000000e+00, 0.000000e+00, 0.000000e+00, 0.000000e+00, 0.000000e+00, 0.000000e+00, 0.000000e+00, 0.000000e+00, 0.000000e+00, 0.000000e+00, 0.000000e+00, 0.000000e+00, 0.000000e+00, 0.000000e+00, 0.000000e+00, 0.000000e+00
7.445323e-03, 0.000000e+00, 0.000000e+00, 0.000000e+00, 0.000000e+00, 0.000000e+00, 0.000000e+00, 0.000000e+00, 0.000000e+00, 0.000000e+00, 0.000000e+00, 0.000000e+00, 0.000000e+00, 0.000000e+00, 0.000000e+00, 0.000000e+00, 0.000000e+00, 0.000000e+00, 0.000000e+00, 0.000000e+00, 0.000000e+00, 0.000000e+00, 0.000000e+00, 0.000000e+00, 0.000000e+00, 0.000000e+00, 0.000000e+00, 0.000000e+00
8.508941e-03, 0.000000e+00, 0.000000e+00, 0.000000e+00, 0.000000e+00, 0.000000e+00, 0.000000e+00, 0.000000e+00, 0.000000e+00, 0.000000e+00, 0.000000e+00, 0.000000e+00, 0.000000e+00, 0.000000e+00, 0.000000e+00, 0.000000e+00, 0.000000e+00, 0.000000e+00, 0.000000e+00, 0.000000e+00, 0.000000e+00, 0.000000e+00, 0.000000e+00, 0.000000e+00, 0.000000e+00, 0.000000e+00, 0.000000e+00, 0.000000e+00
9.717000e-03, 0.000000e+00, 0.000000e+00, 0.000000e+00, 0.000000e+00, 0.000000e+00, 0.000000e+00, 0.000000e+00, 0.000000e+00, 0.000000e+00, 0.000000e+00, 0.000000e+00, 0.000000e+00, 0.000000e+00, 0.000000e+00, 0.000000e+00, 0.000000e+00, 0.000000e+00, 0.000000e+00, 0.000000e+00, 0.000000e+00, 0.000000e+00, 0.000000e+00, 0.000000e+00, 0.000000e+00, 0.000000e+00, 0.000000e+00, 0.000000e+00
1.108847e-02, 0.000000e+00, 0.000000e+00, 0.000000e+00, 0.000000e+00, 0.000000e+00, 0.000000e+00, 0.000000e+00, 0.000000e+00, 0.000000e+00, 0.000000e+00, 0.000000e+00, 0.000000e+00, 0.000000e+00, 0.000000e+00, 0.000000e+00, 0.000000e+00, 0.000000e+00, 0.000000e+00, 0.000000e+00, 0.000000e+00, 0.000000e+00, 0.000000e+00, 0.000000e+00, 0.000000e+00, 0.000000e+00, 0.000000e+00, 0.000000e+00
1.264475e-02, 0.000000e+00, 0.000000e+00, 0.000000e+00, 0.000000e+00, 0.000000e+00, 0.000000e+00, 0.000000e+00, 0.000000e+00, 0.000000e+00, 0.000000e+00, 0.000000e+00, 0.000000e+00, 0.000000e+00, 0.000000e+00, 0.000000e+00, 0.000000e+00, 0.000000e+00, 0.000000e+00, 0.000000e+00, 0.000000e+00, 0.000000e+00, 0.000000e+00, 0.000000e+00, 0.000000e+00, 0.000000e+00, 0.000000e+00, 0.000000e+00
1.440997e-02, 0.000000e+00, 0.000000e+00, 0.000000e+00, 0.000000e+00, 0.000000e+00, 0.000000e+00, 0.000000e+00, 0.000000e+00, 0.000000e+00, 0.000000e+00, 0.000000e+00, 0.000000e+00, 0.000000e+00, 0.000000e+00, 0.000000e+00, 0.000000e+00, 0.000000e+00, 0.000000e+00, 0.000000e+00, 0.000000e+00, 0.000000e+00, 0.000000e+00, 0.000000e+00, 0.000000e+00, 0.000000e+00, 0.000000e+00, 0.000000e+00
1.641135e-02, 0.000000e+00, 0.000000e+00, 0.000000e+00, 0.000000e+00, 0.000000e+00, 0.000000e+00, 0.000000e+00, 0.000000e+00, 0.000000e+00, 0.000000e+00, 0.000000e+00, 0.000000e+00, 0.000000e+00, 0.000000e+00, 0.000000e+00, 0.000000e+00, 0.000000e+00, 0.000000e+00, 0.000000e+00, 0.000000e+00, 0.000000e+00, 0.000000e+00, 0.000000e+00, 0.000000e+00, 0.000000e+00, 0.000000e+00, 0.000000e+00
1.867959e-02, 0.000000e+00, 0.000000e+00, 0.000000e+00, 0.000000e+00, 0.000000e+00, 0.000000e+00, 0.000000e+00, 0.000000e+00, 0.000000e+00, 0.000000e+00, 0.000000e+00, 0.000000e+00, 0.000000e+00, 0.000000e+00, 0.000000e+00, 0.000000e+00, 0.000000e+00, 0.000000e+00, 0.000000e+00, 0.000000e+00, 0.000000e+00, 0.000000e+00, 0.000000e+00, 0.000000e+00, 0.000000e+00, 0.000000e+00, 0.000000e+00
2.124926e-02, 0.000000e+00, 0.000000e+00, 0.000000e+00, 0.000000e+00, 0.000000e+00, 0.000000e+00, 0.000000e+00, 0.000000e+00, 0.000000e+00, 0.000000e+00, 0.000000e+00, 0.000000e+00, 0.000000e+00, 0.000000e+00, 0.000000e+00, 0.000000e+00, 0.000000e+00, 0.000000e+00, 0.000000e+00, 0.000000e+00, 0.000000e+00, 0.000000e+00, 0.000000e+00, 0.000000e+00, 0.000000e+00, 0.000000e+00, 0.000000e+00
2.415937e-02, 0.000000e+00, 0.000000e+00, 0.000000e+00, 0.000000e+00, 0.000000e+00, 0.000000e+00, 0.000000e+00, 0.000000e+00, 0.000000e+00, 0.000000e+00, 0.000000e+00, 0.000000e+00, 0.000000e+00, 0.000000e+00, 0.000000e+00, 0.000000e+00, 0.000000e+00, 0.000000e+00, 0.000000e+00, 0.000000e+00, 0.000000e+00, 0.000000e+00, 0.000000e+00, 0.000000e+00, 0.000000e+00, 0.000000e+00, 0.000000e+00
2.745383e-02, 0.000000e+00, 0.000000e+00, 0.000000e+00, 0.000000e+00, 0.000000e+00, 0.000000e+00, 0.000000e+00, 0.000000e+00, 0.000000e+00, 0.000000e+00, 0.000000e+00, 0.000000e+00, 0.000000e+00, 0.000000e+00, 0.000000e+00, 0.000000e+00, 0.000000e+00, 0.000000e+00, 0.000000e+00, 0.000000e+00, 0.000000e+00, 0.000000e+00, 0.000000e+00, 0.000000e+00, 0.000000e+00, 0.000000e+00, 0.000000e+00
3.118213e-02, 0.000000e+00, 0.000000e+00, 0.000000e+00, 0.000000e+00, 0.000000e+00, 0.000000e+00, 0.000000e+00, 0.000000e+00, 0.000000e+00, 0.000000e+00, 0.000000e+00, 0.000000e+00, 0.000000e+00, 0.000000e+00, 0.000000e+00, 0.000000e+00, 0.000000e+00, 0.000000e+00, 0.000000e+00, 0.000000e+00, 0.000000e+00, 0.000000e+00, 0.000000e+00, 0.000000e+00, 0.000000e+00, 0.000000e+00, 0.000000e+00
3.540000e-02, 0.000000e+00, 0.000000e+00, 0.000000e+00, 0.000000e+00, 0.000000e+00, 0.000000e+00, 0.000000e+00, 0.000000e+00, 0.000000e+00, 0.000000e+00, 0.000000e+00, 0.000000e+00, 0.000000e+00, 0.000000e+00, 0.000000e+00, 0.000000e+00, 0.000000e+00, 0.000000e+00, 0.000000e+00, 0.000000e+00, 0.000000e+00, 0.000000e+00, 0.000000e+00, 0.000000e+00, 0.000000e+00, 0.000000e+00, 0.000000e+00
