-4.126582e-02, 1.757080e-06, -1.255416e-09, 7.504110e-09, 5.522432e-10, -1.750223e-06, 7.103324e-05, -3.967958e-10, -6.996030e-08, -3.926282e-09, 1.861908e-10, -1.754223e-06, -7.104250e-05, -1.754962e-06, -9.867171e-10, -7.950977e-09, 6.930779e-08, 3.885595e-10, 8.168622e-10, 1.111014e-09, -6.985116e-07, 2.803291e-10, 7.005549e-07, -1.019719e-09, -1.549201e-09, -1.718114e-12, 6.053415e-10, -4.689482e-11
-4.029314e-02, 1.840963e-06, -3.720503e-09, 6.670973e-09, -1.603305e-09, -1.847764e-06, 7.535124e-05, -1.235642e-09, -6.455284e-08, 3.467288e-09, -2.305386e-09, -1.842918e-06, -7.537561e-05, -1.838135e-06, 4.885898e-10, -6.266077e-09, 6.663784e-08, 5.723258e-10, 1.533866e-09, 2.153839e-10, -7.388395e-07, -5.453627e-10, 7.314747e-07, -1.506844e-09, -5.111728e-10, -1.471401e-09, 1.249094e-09, 5.448307e-10
-3.932045e-02, 1.935653e-06, 7.479770e-10, -2.044029e-09, -2.931350e-10, -1.934830e-06, 8.009654e-05, -3.332430e-11, -6.147327e-08, -2.689593e-10, -1.080608e-09, -1.934903e-06, -8.009476e-05, -1.936060e-06, 1.233028e-10, 1.740179e-09, 6.038134e-08, -3.615077e-11, 3.960508e-10, -6.092668e-10, -7.729987e-07, -4.031691e-10, 7.739158e-07, 5.028478e-10, 3.000080e-11, 3.989212e-10, -2.809236e-10, 3.939974e-11
-3.834777e-02, 2.040408e-06, -1.189612e-09, -1.203469e-08, -7.442285e-10, -2.053523e-06, 8.523205e-05, -1.207379e-10, -5.362935e-08, 6.708645e-09, 6.330740e-09, -2.044607e-06, -8.524810e-05, -2.038427e-06, 4.468811e-09, 1.066195e-08, 5.764432e-08, 1.113461e-10, -6.415414e-09, 1.124662e-09, -8.202224e-07, -7.429273e-10, 8.101745e-07, -1.086027e-09, 2.949250e-09, -2.208674e-09, -3.653586e-13, -3.816509e-11
-3.737508e-02, 2.156864e-06, 5.574866e-10, -8.459555e-09, -1.382216e-09, -2.162023e-06, 9.092361e-05, -9.760918e-10, -4.809950e-08, 1.274267e-09, -2.605224e-09, -2.157581e-06, -9.098123e-05, -2.146366e-06, 6.545632e-10, 7.944212e-09, 5.223865e-08, 6.628902e-10, 1.054662e-09, -1.792169e-09, -8.682661e-07, 2.303963e-09, 8.557153e-07, 1.170582e-09, 2.347236e-09, -3.728891e-09, 4.317771e-10, 2.528866e-10
-3.640240e-02, 2.283615e-06, -1.369542e-09, -1.837004e-08, -4.243557e-09, -2.286901e-06, 9.715201e-05, -3.907764e-11, -4.115862e-08, 4.225239e-10, 7.797419e-09, -2.283710e-06, -9.720728e-05, -2.274070e-06, 9.078866e-09, 1.982762e-08, 4.634391e-08, -4.013910e-10, -1.088047e-08, 4.760408e-10, -9.185074e-07, -2.637174e-11, 9.073727e-07, -1.610740e-09, 8.740234e-09, -3.841932e-09, -6.064199e-10, 5.011170e-10
-3.542971e-02, 2.427033e-06, 6.023998e-10, -9.497259e-09, -1.184561e-09, -2.407004e-06, 1.040445e-04, 8.752663e-11, -3.763326e-08, -1.212365e-08, 2.373163e-09, -2.419993e-06, -1.040765e-04, -2.419380e-06, 2.467858e-09, 9.386782e-09, 3.568070e-08, -1.595538e-10, -3.060177e-09, -2.860506e-10, -9.658967e-07, 5.661628e-09, 9.708625e-07, 1.839083e-10, 1.874969e-09, -1.130989e-11, -3.258812e-10, 4.070471e-11
-3.445703e-02, 2.571043e-06, -2.837194e-10, 3.716699e-09, -7.049318e-10, -2.563833e-06, 1.117151e-04, -7.577829e-10, -2.961105e-08, -3.785323e-09, 6.187338e-10, -2.567416e-06, -1.117257e-04, -2.569268e-06, 9.772802e-11, -3.389769e-09, 2.806624e-08, 7.151969e-10, -4.300179e-10, 7.100983e-10, -1.027966e-06, -1.526517e-09, 1.030366e-06, -7.950961e-10, 1.271292e-09, 2.677182e-10, 6.100903e-10, 3.997887e-11
-3.348434e-02, 2.743087e-06, 8.111050e-12, -1.152201e-08, -1.669426e-10, -2.744287e-06, 1.200981e-04, -1.265158e-10, -1.829611e-08, -6.980535e-10, 3.096403e-09, -2.741940e-06, -1.201625e-04, -2.732252e-06, 2.076141e-09, 1.144065e-08, 2.215472e-08, 2.926222e-10, -2.819060e-09, -2.627168e-11, -1.101769e-06, 9.162218e-10, 1.090135e-06, 1.626157e-10, 8.434378e-10, -3.444363e-09, 1.273099e-10, -5.540496e-11
-3.251166e-02, 2.929453e-06, 6.733512e-10, 1.743949e-09, -3.255207e-10, -2.910632e-06, 1.296557e-04, 7.709917e-12, -1.106804e-08, -1.167949e-08, -1.463430e-09, -2.922335e-06, -1.297013e-04, -2.919532e-06, -3.592442e-10, -2.274056e-09, 9.494273e-09, -8.832709e-11, 8.561991e-10, -3.381034e-10, -1.169997e-06, 5.968111e-09, 1.172072e-06, 2.394604e-10, -1.240207e-10, -6.355552e-10, -2.536002e-10, 3.239481e-11
-3.153897e-02, 3.134759e-06, -2.135980e-09, 4.310796e-09, -1.179053e-09, -3.116758e-06, 1.402146e-04, -1.325368e-09, 6.721467e-10, -1.070530e-08, 8.916455e-10, -3.127668e-06, -1.402473e-04, -3.127604e-06, 2.101603e-09, -4.607514e-09, -2.127992e-09, 8.548229e-10, -1.530731e-09, 1.157329e-09, -1.252642e-06, 3.117372e-09, 1.256490e-06, -1.850534e-09, -2.391334e-10, -2.417976e-10, 7.212069e-10, 2.834672e-10
-3.056629e-02, 3.360438e-06, -4.654626e-09, 1.939206e-08, -3.506815e-10, -3.348663e-06, 1.521080e-04, -3.259632e-10, 1.241687e-08, -7.166089e-09, -2.152619e-09, -3.355267e-06, -1.521448e-04, -3.353289e-06, -2.436344e-09, -1.838482e-08, -1.468615e-08, -8.067359e-11, 3.418229e-09, 1.385711e-09, -1.346185e-06, 3.052658e-09, 1.346677e-06, -2.156175e-09, -2.668553e-09, -2.735081e-10, 1.424076e-09, 3.383326e-10
-3.000000e-02, 3.544533e-06, 1.101373e-08, -1.802951e-09, 3.768183e-09, -3.494242e-06, 1.593949e-04, 1.329282e-09, 2.196537e-08, -3.261091e-08, -2.388641e-08, -3.524865e-06, -1.595616e-04, -3.511241e-06, -1.703477e-08, 3.863166e-10, -2.153506e-08, -7.835144e-10, 2.400268e-08, -9.420287e-09, -1.408384e-06, 1.987067e-08, 1.406751e-06, 1.070460e-08, -8.011630e-09, -4.470947e-09, -1.031203e-09, -5.643597e-10
-2.642553e-02, 4.735850e-06, 1.589900e-09, 6.100413e-08, 8.862065e-09, -4.668829e-06, 2.227999e-04, 1.396215e-09, 9.169510e-08, -4.191230e-08, -3.093539e-08, -4.710661e-06, -2.229431e-04, -4.701248e-06, -3.037237e-08, -6.183709e-08, -9.588532e-08, -5.507987e-10, 3.860962e-08, -4.242650e-09, -1.884317e-06, 1.990244e-08, 1.894837e-06, 5.804063e-09, -2.171405e-08, -2.954381e-09, 2.351345e-09, -6.704198e-10
-2.326596e-02, 6.405882e-06, 2.241608e-10, 1.685575e-08, 1.990456e-10, -6.349639e-06, 3.131031e-04, -4.374989e-10, 1.987064e-07, -3.401127e-08, -2.216623e-08, -6.389276e-06, -3.131552e-04, -6.389956e-06, -1.216576e-08, -1.362993e-08, -2.044422e-07, -1.360789e-10, 2.145158e-08, -6.652127e-09, -2.556495e-06, 1.931709e-08, 2.575871e-06, 5.060172e-09, -9.060649e-09, 1.530606e-09, 1.391175e-09, 7.276364e-10
-2.047404e-02, 8.808604e-06, 8.225457e-09, 9.043620e-08, 1.498285e-08, -8.671220e-06, 4.424709e-04, 2.703627e-09, 3.578524e-07, -8.494338e-08, -6.033249e-08, -8.758435e-06, -4.427132e-04, -8.747719e-06, -4.817569e-08, -8.982919e-08, -3.676556e-07, -1.786940e-09, 6.701486e-08, -1.111143e-08, -3.499783e-06, 3.979681e-08, 3.530195e-06, 1.279032e-08, -4.106638e-08, -3.585680e-09, 5.087484e-10, -7.036087e-10
-1.800785e-02, 1.210055e-05, 6.563634e-09, 2.989558e-08, 6.324233e-09, -1.201936e-05, 6.294185e-04, 1.672209e-09, 6.029514e-07, -5.060536e-08, -3.792575e-08, -1.207344e-05, -6.295481e-04, -1.206790e-05, -2.573848e-08, -2.815303e-08, -6.074959e-07, -1.326345e-09, 3.887517e-08, -1.076460e-08, -4.843845e-06, 2.973698e-08, 4.862575e-06, 1.081256e-08, -1.828645e-08, -1.176430e-09, -2.039619e-11, 1.289645e-11
-1.583016e-02, 1.682946e-05, 1.524703e-08, -5.122593e-08, -3.113466e-10, -1.670429e-05, 8.997494e-04, 4.380858e-09, 9.595663e-07, -7.647705e-08, -1.098317e-08, -1.678858e-05, -8.999347e-04, -1.678445e-05, -2.946034e-09, 5.595538e-08, -9.688054e-07, -3.772086e-09, 6.183253e-09, -1.250161e-08, -6.733252e-06, 3.851554e-08, 6.767088e-06, 1.339249e-08, 4.507456e-09, -2.516428e-10, -4.366724e-09, -3.082412e-10
-1.390792e-02, 2.376486e-05, 2.875369e-08, 3.015092e-07, 4.871208e-08, -2.333126e-05, 1.290937e-03, 8.735875e-09, 1.507620e-06, -2.736526e-07, -2.406549e-07, -2.360281e-05, -1.291838e-03, -2.355705e-05, -1.890862e-07, -2.876255e-07, -1.507963e-06, -6.443502e-09, 2.691784e-07, -5.552984e-08, -9.437632e-06, 1.411155e-07, 9.506680e-06, 5.900850e-08, -1.575132e-07, -2.288452e-08, 7.534668e-09, -1.280545e-09
-1.221184e-02, 3.356180e-05, 1.123707e-07, -2.494615e-07, 2.275783e-09, -3.282323e-05, 1.862970e-03, 6.514451e-09, 2.311161e-06, -4.633658e-07, -1.614976e-07, -3.328641e-05, -1.864496e-03, -3.321546e-05, -3.496003e-08, 2.643075e-07, -2.323469e-06, -7.263054e-09, 1.029752e-07, -9.292286e-08, -1.331598e-05, 2.312224e-07, 1.343923e-05, 9.060535e-08, -4.389419e-09, -3.409804e-08, -2.794444e-08, 1.209765e-09
-1.071589e-02, 4.769695e-05, 9.812003e-08, -6.029893e-08, 3.370747e-08, -4.662324e-05, 2.698032e-03, 1.990497e-08, 3.514673e-06, -6.770744e-07, -2.588320e-07, -4.731360e-05, -2.700088e-03, -4.720251e-05, -1.244848e-07, 6.532852e-08, -3.540737e-06, -1.928648e-08, 2.247186e-07, -1.046897e-07, -1.892480e-05, 3.679933e-07, 1.912172e-05, 1.041418e-07, -1.041706e-07, -4.281161e-08, -2.542529e-08, 3.156212e-10
-9.397008e-03, 6.815177e-05, 1.095111e-07, 6.399676e-07, 1.014277e-07, -6.676901e-05, 3.924562e-03, 2.280629e-08, 5.323115e-06, -8.919065e-07, -7.687214e-07, -6.762006e-05, -3.928075e-03, -6.736495e-05, -4.810884e-07, -6.248551e-07, -5.351562e-06, -2.736487e-08, 7.670289e-07, -2.118384e-07, -2.712947e-05, 5.492735e-07, 2.724755e-05, 1.996798e-07, -3.952388e-07, -8.679140e-08, 1.967033e-10, 5.462570e-09
-8.234746e-03, 9.747843e-05, -2.164594e-08, 6.139608e-07, 2.934570e-08, -9.618310e-05, 5.732983e-03, 1.079655e-08, 7.990290e-06, -8.262042e-07, -3.401280e-07, -9.704857e-05, -5.735272e-03, -9.688680e-05, -2.489671e-07, -6.025940e-07, -8.062852e-06, -1.529904e-08, 3.669682e-07, -5.671975e-08, -3.891423e-05, 5.421534e-07, 3.917963e-05, 4.368726e-08, -1.837507e-07, -3.368136e-08, 2.092584e-08, 5.801107e-09
-7.210967e-03, 1.412406e-04, -2.473371e-07, 2.452173e-06, 1.211505e-07, -1.393057e-04, 8.394163e-03, 9.077428e-09, 1.202810e-05, -1.302610e-06, -4.627069e-07, -1.403329e-04, -8.402031e-03, -1.396186e-04, -7.226594e-07, -2.474224e-06, -1.206822e-05, 1.810512e-09, 7.838267e-07, 9.695984e-08, -5.661457e-05, 8.962440e-07, 5.632888e-05, -7.592524e-08, -4.229475e-07, -2.323498e-07, 1.535500e-07, -9.376082e-09
-6.309596e-03, 2.043453e-04, 1.903549e-07, 5.173087e-07, 1.318994e-07, -2.021740e-04, 1.234682e-02, 3.656253e-08, 1.806234e-05, -1.445683e-06, -7.043438e-07, -2.034095e-04, -1.235379e-02, -2.028197e-04, -4.858165e-07, -5.450867e-07, -1.809100e-05, -2.947856e-08, 7.126175e-07, -1.971854e-07, -8.194223e-05, 1.015773e-06, 8.188522e-05, 2.138175e-07, -3.086761e-07, -2.026308e-07, -1.938313e-08, -7.623804e-09
-5.516390e-03, 3.000878e-04, -8.319574e-08, 4.614817e-06, 4.614332e-07, -2.930145e-04, 1.818847e-02, 1.012140e-07, 2.707546e-05, -4.638065e-06, -2.995659e-06, -2.969359e-04, -1.821083e-02, -2.952297e-04, -2.220237e-06, -4.545067e-06, -2.718148e-05, -1.227925e-07, 3.305338e-06, -5.666628e-07, -1.195496e-04, 2.686435e-06, 1.195096e-04, 5.043634e-07, -2.003609e-06, -6.711127e-07, 1.457107e-07, 2.796026e-08
-4.818729e-03, 4.344272e-04, -2.438520e-07, 3.789419e-06, 2.489278e-07, -4.320029e-04, 2.692648e-02, -4.569206e-09, 4.044613e-05, -1.588749e-06, -1.283159e-06, -4.333781e-04, -2.693389e-02, -4.326997e-04, -1.321774e-06, -3.859356e-06, -4.072807e-05, 3.706009e-09, 1.672248e-06, -3.779431e-08, -1.748505e-04, 9.609158e-07, 1.749178e-04, 4.667141e-08, -9.487150e-07, -1.711833e-07, 2.033107e-07, -5.048383e-09
-4.205436e-03, 6.408101e-04, -3.446865e-07, 1.448697e-05, 1.218147e-06, -6.364287e-04, 3.984383e-02, 7.571873e-09, 6.095785e-05, -3.126496e-06, -7.249750e-06, -6.381924e-04, -3.986896e-02, -6.357540e-04, -6.277900e-06, -1.445853e-05, -6.086137e-05, -6.790235e-09, 8.643024e-06, -9.927726e-07, -2.581378e-04, 2.261721e-06, 2.563263e-04, 9.770774e-07, -5.073853e-06, -8.980498e-07, 7.205190e-07, 7.205724e-09
-3.666614e-03, 9.392214e-04, -2.028247e-06, 2.157505e-05, 9.936102e-07, -9.386054e-04, 5.917564e-02, 2.020168e-08, 9.136275e-05, -4.840686e-07, -9.099543e-06, -9.385107e-04, -5.918445e-02, -9.378157e-04, -7.268286e-06, -2.110330e-05, -9.121986e-05, -1.578273e-07, 1.061691e-05, -8.033565e-07, -3.790760e-04, 2.578410e-07, 3.780682e-04, 3.564029e-07, -6.793330e-06, -3.224002e-07, 1.038551e-06, 2.016509e-07
-3.193503e-03, 1.383449e-03, 4.868465e-08, 2.356915e-05, 2.344041e-06, -1.388751e-03, 8.794352e-02, 4.304982e-07, 1.363309e-04, 3.577821e-06, -1.491047e-05, -1.385217e-03, -8.794138e-02, -1.385175e-03, -1.064552e-05, -2.282858e-05, -1.371772e-04, -5.011131e-07, 1.606914e-05, -2.626981e-06, -5.594417e-04, -2.789580e-06, 5.575326e-04, 2.320955e-06, -9.682060e-06, 4.091956e-07, 5.066075e-07, 1.445973e-07
-2.778348e-03, 2.049683e-03, -1.261499e-06, 9.384147e-06, 4.881027e-07, -2.040596e-03, 1.307815e-01, 5.725251e-08, 2.040833e-04, -5.344268e-06, -4.573880e-06, -2.047887e-03, -1.307850e-01, -2.048099e-03, -3.218910e-06, -9.093599e-06, -2.057648e-04, -2.056882e-07, 5.126790e-06, -5.736463e-07, -8.236870e-04, 2.679393e-06, 8.276488e-04, 2.431936e-07, -3.906355e-06, 7.526101e-07, 4.369724e-07, 1.468417e-07
-2.414288e-03, 3.044760e-03, -3.342174e-06, 4.082264e-05, 1.586898e-06, -3.012388e-03, 1.942657e-01, 1.823278e-07, 3.051684e-04, -2.153456e-05, -1.850616e-05, -3.028814e-03, -1.943905e-01, -3.017989e-03, -1.467485e-05, -3.988328e-05, -3.069686e-04, -3.917765e-07, 2.134707e-05, -2.128822e-06, -1.222538e-03, 1.196628e-05, 1.219642e-03, 1.259849e-06, -1.308416e-05, -3.807333e-06, 2.000922e-06, 3.934311e-07
-2.095257e-03, 4.466656e-03, -9.405367e-07, 2.118552e-05, -5.067257e-07, -4.455525e-03, 2.881823e-01, -1.850349e-07, 4.550535e-04, -6.510547e-06, -1.442290e-05, -4.463585e-03, -2.881762e-01, -4.464692e-03, -7.475734e-06, -2.013962e-05, -4.578085e-04, -3.063817e-07, 1.331459e-05, -2.833563e-06, -1.799041e-03, 1.445608e-06, 1.806044e-03, 1.536664e-06, -5.455493e-06, 7.208615e-07, 6.813064e-07, 5.786558e-07
-1.815890e-03, 6.574173e-03, -2.160504e-05, 7.095533e-05, -7.182195e-06, -6.565209e-03, 4.254341e-01, -1.859105e-06, 6.746562e-04, -6.673117e-06, 1.468861e-06, -6.567637e-03, -4.255086e-01, -6.557189e-03, -3.629801e-06, -6.678420e-05, -6.806365e-04, 7.227921e-07, 4.356807e-06, 8.208041e-06, -2.654268e-03, 4.800548e-06, 2.648629e-03, -1.190239e-05, -6.828239e-06, -1.618718e-06, 6.513225e-06, 1.672166e-06
-1.571443e-03, 9.583763e-03, -2.190677e-05, 1.087645e-04, -2.949007e-06, -9.626107e-03, 6.246311e-01, -1.370098e-06, 9.968445e-04, 2.705786e-05, -1.559874e-05, -9.599982e-03, -6.245793e-01, -9.601407e-03, -1.721334e-05, -1.078132e-04, -9.966993e-04, 5.922690e-08, 2.300339e-05, 7.398088e-06, -3.880454e-03, -1.268826e-05, 3.867702e-03, -1.091951e-05, -1.606431e-05, 2.336400e-06, 6.813103e-06, 1.544382e-06
-1.357727e-03, 1.391858e-02, -2.310744e-05, 7.684196e-05, -7.929234e-06, -1.383996e-02, 9.084479e-01, -1.755206e-06, 1.453328e-03, -5.068508e-05, 9.482379e-06, -1.389315e-02, -9.086453e-01, -1.387781e-02, 1.003011e-06, -7.267880e-05, -1.454912e-03, 4.336026e-07, -4.172875e-06, 1.209548e-05, -5.608958e-03, 3.810836e-05, 5.613594e-03, -1.562354e-05, -1.722437e-07, -2.548217e-06, 5.995856e-06, 1.594589e-06
-1.171039e-03, 1.987433e-02, -2.642993e-05, 1.344749e-04, -6.104045e-06, -1.989572e-02, 1.302333e+00, -1.278644e-06, 2.085068e-03, 1.702637e-05, -3.905410e-05, -1.988587e-02, -1.302221e+00, -1.989802e-02, -2.982375e-05, -1.321653e-04, -2.093810e-03, -1.316263e-06, 4.634417e-05, 4.876840e-07, -8.023843e-03, -2.100018e-05, 8.033813e-03, -6.838310e-06, -3.100537e-05, 6.314252e-06, 9.101116e-06, 2.789648e-06
-1.008112e-03, 2.790524e-02, -4.244021e-06, 3.223195e-04, 1.085536e-05, -2.794254e-02, 1.833758e+00, 3.079631e-06, 2.948550e-03, 1.479406e-05, -2.697801e-04, -2.788638e-02, -1.834112e+00, -2.783308e-02, -1.478480e-04, -3.123856e-04, -2.954118e-03, -9.179848e-06, 2.597372e-04, -6.107902e-05, -1.130936e-02, -5.815440e-06, 1.124130e-02, 4.345025e-05, -1.437603e-04, -1.795281e-05, 7.041032e-06, 7.821118e-06
-8.660599e-04, 3.864264e-02, -1.158592e-04, 7.639916e-04, 4.458057e-06, -3.823278e-02, 2.517368e+00, -2.978984e-06, 4.058090e-03, -2.713570e-04, -1.681338e-04, -3.844510e-02, -2.518881e+00, -3.832420e-02, -1.892041e-04, -7.569246e-04, -4.073138e-03, -2.193662e-06, 2.399267e-04, 2.329159e-05, -1.550019e-02, 1.594399e-04, 1.546659e-02, -3.708006e-05, -1.429042e-04, -4.412339e-05, 4.889704e-05, 6.090629e-06
-7.423371e-04, 5.092386e-02, -7.809505e-05, 5.447277e-04, -7.006102e-06, -5.074270e-02, 3.364648e+00, -7.237590e-06, 5.423530e-03, -1.193673e-04, -1.816532e-04, -5.086048e-02, -3.365297e+00, -5.079778e-02, -1.428428e-04, -5.399163e-04, -5.436483e-03, -4.393445e-07, 2.123549e-04, -4.142405e-06, -2.057343e-02, 1.055928e-04, 2.055610e-02, -1.461749e-05, -1.190068e-04, -8.563812e-06, 3.381149e-05, 8.218969e-06
-6.346982e-04, 6.574939e-02, -8.003632e-05, 6.674793e-04, 4.007772e-06, -6.540936e-02, 4.318554e+00, 7.643319e-06, 6.973680e-03, -2.367658e-04, -3.098297e-04, -6.554080e-02, -4.320589e+00, -6.534386e-02, -2.241910e-04, -6.373558e-04, -7.004575e-03, -1.558332e-05, 3.469168e-04, -4.348260e-05, -2.649762e-02, 1.373504e-04, 2.636307e-02, 1.825899e-05, -2.035479e-04, -6.320511e-05, 3.442518e-05, 1.143807e-05
-5.411637e-04, 8.026375e-02, -6.278649e-05, 4.142432e-04, -4.114914e-06, -8.034689e-02, 5.324886e+00, -1.481913e-05, 8.600264e-03, 6.426203e-05, -7.998220e-05, -8.033037e-02, -5.324497e+00, -8.036436e-02, -7.350927e-05, -3.914410e-04, -8.631807e-03, 1.095443e-05, 1.049171e-04, 2.460757e-05, -3.245471e-02, -3.945405e-05, 3.247902e-02, -3.636358e-05, -7.740107e-05, 3.142428e-05, 2.560518e-05, 5.440595e-06
-4.599892e-04, 9.489098e-02, -1.934247e-04, 2.403741e-03, 1.374552e-04, -9.464876e-02, 6.238987e+00, 1.162210e-05, 1.012659e-02, -1.629687e-04, -9.572514e-04, -9.473293e-02, -6.240488e+00, -9.459915e-02, -8.222542e-04, -2.381849e-03, -1.017383e-02, -2.156582e-05, 1.147477e-03, -6.449745e-05, -3.825635e-02, 6.948651e-05, 3.815904e-02, 3.516620e-05, -7.049831e-04, -3.950667e-05, 1.066829e-04, 1.308878e-05
-3.896379e-04, 1.062024e-01, -3.249679e-05, 5.362280e-04, -1.456459e-05, -1.049900e-01, 6.969582e+00, -2.467675e-05, 1.129691e-02, -7.978366e-04, -3.478309e-04, -1.056637e-01, -6.973554e+00, -1.053328e-01, -1.689943e-04, -5.326857e-04, -1.137417e-02, 1.295386e-05, 3.276592e-04, -5.654434e-05, -4.260789e-02, 4.742676e-04, 4.259098e-02, 2.260418e-05, -1.769393e-04, -1.037761e-04, 2.647853e-05, 1.482918e-05
-3.287570e-04, 1.122839e-01, -8.176206e-05, 1.337208e-03, 4.735246e-05, -1.119029e-01, 7.396613e+00, -3.476074e-06, 1.201377e-02, -2.654022e-04, -7.162958e-04, -1.120300e-01, -7.399396e+00, -1.117425e-01, -5.118350e-04, -1.319531e-03, -1.211210e-02, -8.452224e-06, 7.847140e-04, -1.020623e-04, -4.524856e-02, 1.451000e-04, 4.503541e-02, 6.571423e-05, -4.664629e-04, -7.026662e-05, 6.131745e-05, 1.611288e-05
-2.761558e-04, 1.130522e-01, -2.521002e-04, 1.365086e-03, -1.276538e-06, -1.122781e-01, 7.493087e+00, -1.485317e-05, 1.215034e-02, -4.981151e-04, -1.864008e-04, -1.127494e-01, -7.495495e+00, -1.125632e-01, -2.689331e-04, -1.351910e-03, -1.218908e-02, 3.712819e-06, 3.266927e-04, 9.035325e-05, -4.552268e-02, 2.984863e-04, 4.552782e-02, -1.164240e-04, -2.695695e-04, -4.751968e-05, 9.183264e-05, 1.150675e-05
-2.307874e-04, 1.089522e-01, -9.741887e-05, 7.515135e-04, 7.093548e-06, -1.085044e-01, 7.245412e+00, -1.900943e-06, 1.176042e-02, -2.902630e-04, -2.823804e-04, -1.087916e-01, -7.246912e+00, -1.086752e-01, -2.172111e-04, -7.353905e-04, -1.178493e-02, -7.005171e-06, 3.252471e-04, -1.789232e-05, -4.395004e-02, 2.147038e-04, 4.392464e-02, -5.933871e-06, -1.925807e-04, -1.863020e-05, 4.014561e-05, 1.060375e-05
-1.917311e-04, 1.019275e-01, -1.669447e-04, 9.963501e-04, -5.400574e-05, -1.007176e-01, 6.717133e+00, 4.566055e-06, 1.092369e-02, -8.009861e-04, -4.956481e-04, -1.013971e-01, -6.721095e+00, -1.010371e-01, -2.730465e-04, -9.487857e-04, -1.103407e-02, -2.818232e-05, 4.918077e-04, -7.439168e-05, -4.088796e-02, 4.969904e-04, 4.087597e-02, 6.431714e-06, -2.536863e-04, -9.847114e-05, 5.150378e-05, 3.033704e-05
-1.581781e-04, 9.133552e-02, -1.836909e-04, 2.041468e-03, 1.386502e-04, -9.042431e-02, 6.020710e+00, 4.321536e-06, 9.819046e-03, -5.639958e-04, -7.809189e-04, -9.100621e-02, -6.022355e+00, -9.094164e-02, -6.745944e-04, -2.010685e-03, -9.877401e-03, -1.175920e-05, 9.512107e-04, -3.330333e-05, -3.651187e-02, 2.366689e-04, 3.670891e-02, 9.653858e-06, -6.782026e-04, -2.345959e-05, 8.772795e-05, 1.075025e-05
-1.294185e-04, 7.928907e-02, -3.760173e-05, 1.062413e-03, 8.639899e-05, -7.858371e-02, 5.235772e+00, 8.674839e-07, 8.535588e-03, -4.570583e-04, -5.370188e-04, -7.895864e-02, -5.238060e+00, -7.877556e-02, -4.329534e-04, -1.047303e-03, -8.623805e-03, -4.006472e-06, 6.221557e-04, -6.797383e-05, -3.181495e-02, 2.094213e-04, 3.182920e-02, 5.920908e-05, -3.884746e-04, -5.618024e-05, 4.460853e-05, 4.015001e-06
-1.048290e-04, 6.716373e-02, -1.016697e-06, 6.725542e-04, 3.351927e-05, -6.626694e-02, 4.429412e+00, -5.842038e-06, 7.239537e-03, -5.804805e-04, -4.258375e-04, -6.680957e-02, -4.431690e+00, -6.663591e-02, -2.850174e-04, -6.459203e-04, -7.302266e-03, 1.186047e-06, 4.431948e-04, -7.323542e-05, -2.686334e-02, 3.326867e-04, 2.695001e-02, 5.620376e-05, -2.317529e-04, -4.978394e-05, 2.491631e-05, 7.829596e-06
-8.386317e-05, 5.519795e-02, -1.365968e-04, 1.205917e-03, 5.281022e-05, -5.465067e-02, 3.655804e+00, 5.036616e-06, 5.974127e-03, -3.561220e-04, -3.625348e-04, -5.496418e-02, -3.657545e+00, -5.482712e-02, -3.542382e-04, -1.193318e-03, -6.009504e-03, -8.804340e-06, 4.721059e-04, 9.221252e-06, -2.215756e-02, 2.002719e-04, 2.216094e-02, -2.336060e-05, -3.140402e-04, -4.160304e-05, 6.019016e-05, 6.375199e-06
-6.604224e-05, 4.417076e-02, -3.206419e-05, 2.256457e-04, 5.314916e-07, -4.378448e-02, 2.942530e+00, -2.023575e-06, 4.810557e-03, -2.342910e-04, -5.497126e-05, -4.405613e-02, -2.942801e+00, -4.407249e-02, -5.685365e-05, -2.195896e-04, -4.834140e-03, -5.244651e-08, 7.490499e-05, 5.078463e-06, -1.770779e-02, 1.016711e-04, 1.785759e-02, -9.716201e-06, -4.844544e-05, 4.396453e-06, 1.448592e-05, 2.097170e-06
-5.094687e-05, 3.474153e-02, -3.765849e-05, 4.475173e-04, 1.266228e-05, -3.418706e-02, 2.300526e+00, -3.450006e-06, 3.762040e-03, -3.493377e-04, -1.741889e-04, -3.452978e-02, -2.301751e+00, -3.445007e-02, -1.363984e-04, -4.390267e-04, -3.811314e-03, 7.791125e-07, 1.989656e-04, -8.721763e-06, -1.386332e-02, 1.652486e-04, 1.395245e-02, -8.954355e-07, -1.138939e-04, -2.182284e-05, 2.083422e-05, 4.336699e-06
-3.821015e-05, 2.604452e-02, -3.064737e-05, 1.408145e-04, 3.080929e-06, -2.601608e-02, 1.743430e+00, -1.835103e-06, 2.869056e-03, -1.743871e-05, 2.065230e-06, -2.603990e-02, -1.743465e+00, -2.603877e-02, -1.569275e-05, -1.411222e-04, -2.875314e-03, 1.073196e-06, 1.384122e-05, 1.949774e-05, -1.050041e-02, 1.677629e-05, 1.050814e-02, -2.095282e-05, -2.645871e-05, 3.344322e-06, 8.256671e-06, 6.273144e-07
-2.751131e-05, 1.899235e-02, -3.471002e-05, 4.370219e-04, 2.344091e-05, -1.886336e-02, 1.260809e+00, -1.902143e-06, 2.090140e-03, -8.245144e-05, -1.610256e-04, -1.893964e-02, -1.261133e+00, -1.891633e-02, -1.448963e-04, -4.321780e-04, -2.102002e-03, 8.136415e-07, 1.991671e-04, -7.181507e-06, -7.601682e-03, 4.139049e-05, 7.616733e-03, 2.974003e-06, -1.217077e-04, -7.019630e-06, 2.267199e-05, 1.918660e-06
-1.857014e-05, 1.278891e-02, -2.183695e-05, 1.744001e-04, 6.634180e-06, -1.273138e-02, 8.563508e-01, 1.327367e-06, 1.426589e-03, -3.540499e-05, -5.568110e-05, -1.277071e-02, -8.563777e-01, -1.277004e-02, -5.437335e-05, -1.747080e-04, -1.438009e-03, -2.400350e-06, 7.245746e-05, -1.563037e-06, -5.119926e-03, 1.416083e-05, 5.146066e-03, -8.684466e-07, -3.993900e-05, 1.491762e-06, 1.025673e-05, 1.059141e-06
-1.114208e-05, 7.660584e-03, -7.191319e-06, 1.195239e-04, 8.411531e-06, -7.649970e-03, 5.165790e-01, -6.823465e-07, 8.743937e-04, -5.909345e-06, -5.433745e-05, -7.659448e-03, -5.165463e-01, -7.662140e-03, -4.494910e-05, -1.191803e-04, -8.795424e-04, 1.292327e-07, 6.421419e-05, -5.514324e-06, -3.067263e-03, 2.076326e-06, 3.077964e-03, 4.304405e-06, -3.656028e-05, 2.402630e-06, 6.149024e-06, 5.378618e-07
-5.013937e-06, 3.460137e-03, -4.413579e-06, 4.984683e-05, 3.787028e-06, -3.420024e-03, 2.347053e-01, -3.343354e-07, 4.174641e-04, -2.615446e-05, -2.277198e-05, -3.445898e-03, -2.347947e-01, -3.438263e-03, -1.663502e-05, -4.998956e-05, -4.212194e-04, -5.601934e-09, 2.603153e-05, -1.674517e-06, -1.363604e-03, 1.350980e-05, 1.369859e-03, 7.232094e-07, -1.658795e-05, -1.685417e-06, 2.258723e-06, 4.286916e-07
0.000000e+00, -2.661672e-05, -3.734985e-07, 1.074861e-06, 7.380653e-07, 2.683598e-05, 4.413059e-03, 2.952513e-08, 4.254580e-05, -2.703540e-07, -3.443650e-07, 2.671534e-05, -4.413090e-03, 2.679022e-05, 3.141154e-07, -1.731493e-06, -4.245009e-05, -1.784646e-08, 2.634018e-07, 1.378073e-07, 3.268950e-05, 3.096589e-07, -3.270343e-05, -1.265264e-07, 2.008903e-07, 1.860119e-08, 7.602918e-09, -3.528463e-09
5.013937e-06, -3.474908e-03, -2.858300e-06, 8.065495e-06, -1.229424e-06, 3.449183e-03, -2.264300e-01, -5.221129e-08, -3.303929e-04, 1.288869e-05, -3.772268e-07, 3.479008e-03, 2.263753e-01, 3.485411e-03, -5.988799e-08, -6.569328e-06, 3.363386e-04, -2.489749e-07, 5.962191e-07, 8.716605e-07, 1.413733e-03, 2.908339e-06, -1.439931e-03, -1.625220e-06, -2.822670e-06, -4.854397e-06, 4.024289e-07, 3.360049e-07
1.114208e-05, -7.667438e-03, 4.658609e-06, 3.596709e-05, 7.097277e-06, 7.671738e-03, -5.083088e-01, 2.377021e-06, -7.876171e-04, -5.703838e-06, -3.123215e-05, 7.675660e-03, 5.081998e-01, 7.687341e-03, -2.303561e-05, -3.727928e-05, 7.940134e-04, -2.170430e-06, 3.291896e-05, -7.910314e-06, 3.120142e-03, 1.400533e-05, -3.138014e-03, 8.503742e-06, -1.606218e-05, -5.219976e-06, -2.174622e-07, -2.744682e-07
1.857014e-05, -1.275358e-02, 1.221825e-05, -1.707030e-05, 4.654672e-06, 1.273835e-02, -8.483130e-01, 1.539650e-08, -1.343842e-03, 6.345003e-06, -4.338889e-05, 1.275849e-02, 8.481999e-01, 1.277411e-02, -1.380307e-05, 1.823399e-05, 1.345916e-03, -8.945247e-07, 3.431778e-05, -1.740492e-05, 5.170643e-03, 5.054048e-06, -5.197660e-03, 1.542910e-05, -2.051649e-05, -5.445231e-06, -2.955048e-06, 8.624913e-07
2.751131e-05, -1.883440e-02, -3.080528e-05, -9.563157e-05, -2.034599e-05, 1.874392e-02, -1.253996e+00, -6.020213e-06, -1.998682e-03, 4.508122e-05, 1.067502e-04, 1.882589e-02, 1.253812e+00, 1.886364e-02, 8.370248e-05, 9.707062e-05, 2.017361e-03, 4.171043e-06, -1.139271e-04, 3.129780e-05, 7.604401e-03, 1.062165e-05, -7.683850e-03, -3.560655e-05, 3.267905e-05, -1.538682e-05, -2.365268e-07, 1.871704e-06
3.821015e-05, -2.607812e-02, -2.470998e-05, 1.279422e-04, 8.550592e-06, 2.572151e-02, -1.734000e+00, 3.482248e-06, -2.781434e-03, 2.147841e-04, -5.426325e-05, 2.596448e-02, 1.734492e+00, 2.596649e-02, -4.193080e-05, -1.342005e-04, 2.798583e-03, -5.553302e-06, 6.551459e-05, -5.563559e-06, 1.048082e-02, -8.817711e-05, -1.058194e-02, 1.464122e-06, -6.386659e-05, 4.548568e-07, 6.145574e-06, 1.672807e-06
5.094687e-05, -3.430489e-02, 1.526367e-05, 1.981850e-05, 1.823831e-05, 3.417971e-02, -2.293469e+00, -2.126405e-06, -3.678336e-03, 7.567040e-05, -6.475758e-05, 3.426965e-02, 2.293597e+00, 3.426300e-02, -3.224407e-05, -1.351625e-05, 3.703526e-03, 2.187810e-06, 6.150771e-05, -1.786487e-05, 1.386673e-02, -3.532943e-05, -1.391237e-02, 1.780256e-05, -6.092001e-05, -4.783541e-06, -2.921545e-06, 1.155452e-07
6.604224e-05, -4.396383e-02, -1.071933e-04, 1.578943e-04, -2.578449e-05, 4.353567e-02, -2.930581e+00, -7.950088e-06, -4.720395e-03, 2.559357e-04, 1.620766e-04, 4.381570e-02, 2.931265e+00, 4.381157e-02, 5.597043e-05, -1.559187e-04, 4.755649e-03, 6.161447e-06, -1.161473e-04, 7.492356e-05, 1.769422e-02, -8.376780e-05, -1.780833e-02, -7.903805e-05, 4.103225e-06, 2.281526e-06, 2.758152e-05, 1.792174e-06
8.386317e-05, -5.472541e-02, -9.436525e-05, 2.153347e-04, -2.708371e-06, 5.373560e-02, -3.646238e+00, -6.172628e-06, -5.874664e-03, 5.932377e-04, 7.300346e-05, 5.443360e-02, 3.647045e+00, 5.449383e-02, 3.690274e-05, -2.179574e-04, 5.921316e-03, 2.534194e-06, -5.028043e-05, 6.407081e-05, 2.185373e-02, -2.370157e-04, -2.221928e-02, -7.316066e-05, -8.361659e-05, -1.262097e-05, 1.114444e-05, 3.895538e-06
1.048290e-04, -6.623363e-02, -1.031916e-04, 8.542291e-04, 5.250803e-05, 6.528337e-02, -4.419192e+00, 1.063841e-05, -7.138774e-03, 5.584410e-04, -3.253110e-04, 6.598975e-02, 4.419632e+00, 6.607492e-02, -2.869261e-04, -8.468794e-04, 7.206797e-03, -1.658059e-05, 4.047827e-04, -1.777579e-05, 2.650308e-02, -2.109767e-04, -2.690486e-02, 4.126005e-06, -3.091736e-04, -3.611264e-05, 3.927071e-05, 6.012082e-06
1.294185e-04, -7.830026e-02, 1.408860e-05, -5.943211e-05, -1.703106e-05, 7.719806e-02, -5.220403e+00, 1.786416e-06, -8.441531e-03, 6.514721e-04, -1.164685e-04, 7.798757e-02, 5.221066e+00, 7.808010e-02, -9.255570e-06, 4.654873e-05, 8.509530e-03, -1.015019e-05, 7.359465e-05, -5.099186e-05, 3.134038e-02, -2.281840e-04, -3.178839e-02, 3.483764e-05, -3.841519e-05, -2.606034e-05, -8.321035e-06, 6.760003e-06
1.581781e-04, -9.001081e-02, -8.128203e-05, -8.473000e-04, -1.023812e-04, 8.859287e-02, -6.000248e+00, -1.010178e-05, -9.699128e-03, 8.440186e-04, 5.979122e-04, 8.957288e-02, 6.001511e+00, 8.964154e-02, 4.592086e-04, 8.340673e-04, 9.810158e-03, 4.949592e-06, -6.486078e-04, 1.191206e-04, 3.597785e-02, -2.912484e-04, -3.649755e-02, -1.254845e-04, 2.783212e-04, -1.895401e-05, -1.985953e-05, 2.490452e-06
1.917311e-04, -9.946832e-02, 1.240621e-04, 1.819368e-04, 9.686611e-05, 9.954255e-02, -6.693124e+00, 2.296258e-05, -1.087353e-02, -6.205731e-05, -3.399802e-04, 9.954094e-02, 6.692402e+00, 9.961855e-02, -2.594001e-04, -1.837586e-04, 1.087805e-02, -1.438044e-05, 3.645955e-04, -1.069635e-04, 4.028471e-02, 4.977136e-05, -4.036109e-02, 1.281089e-04, -1.900168e-04, -3.192042e-05, -1.301788e-05, -9.223949e-06
2.307874e-04, -1.078430e-01, -7.627714e-05, -6.394107e-04, -9.386079e-05, 1.063931e-01, -7.192461e+00, -3.079720e-05, -1.168819e-02, 9.094709e-04, 5.682544e-04, 1.072775e-01, 7.195831e+00, 1.070834e-01, 4.024068e-04, 6.115495e-04, 1.178593e-02, 2.847991e-05, -5.955912e-04, 1.393506e-04, 4.328180e-02, -4.363595e-04, -4.348668e-02, -1.391032e-04, 2.786672e-04, 6.412640e-05, -1.636883e-06, -5.876312e-07
2.761558e-04, -1.113592e-01, -2.383919e-05, -2.869215e-04, -2.491495e-05, 1.096908e-01, -7.429867e+00, -1.366698e-05, -1.209484e-02, 9.974988e-04, 4.077145e-05, 1.108736e-01, 7.431527e+00, 1.109476e-01, 7.724196e-05, 2.476107e-04, 1.217222e-02, 6.081556e-06, -5.615558e-05, -1.564870e-05, 4.450204e-02, -4.226718e-04, -4.505874e-02, 4.135718e-06, -6.604393e-05, -2.500619e-05, 3.066042e-06, 4.328595e-06
3.287570e-04, -1.094943e-01, -3.775228e-05, 1.138472e-03, 1.331272e-04, 1.091348e-01, -7.340960e+00, 1.208913e-05, -1.196248e-02, 2.591746e-04, -6.306672e-04, 1.092529e-01, 7.343125e+00, 1.090432e-01, -5.204214e-04, -1.141401e-03, 1.197348e-02, -1.375986e-05, 7.433319e-04, -9.227112e-05, 4.425745e-02, -1.797324e-04, -4.409823e-02, 9.011784e-05, -5.271043e-04, 7.907170e-05, 4.475037e-05, 8.624937e-07
3.896379e-04, -1.026429e-01, 1.066914e-04, 8.521499e-04, 1.255517e-04, 1.022803e-01, -6.908746e+00, 9.048605e-06, -1.123952e-02, 2.508717e-04, -8.727294e-04, 1.024803e-01, 6.910291e+00, 1.023050e-01, -5.620726e-04, -8.468310e-04, 1.129124e-02, -1.436521e-05, 8.900513e-04, -2.156980e-04, 4.149896e-02, -2.151492e-04, -4.143741e-02, 2.037453e-04, -4.928645e-04, 3.504240e-05, 1.336274e-05, 5.248675e-06
4.599892e-04, -9.227863e-02, -3.210717e-05, -6.803109e-04, -8.056045e-05, 9.063447e-02, -6.169372e+00, -4.121396e-05, -1.007469e-02, 1.032025e-03, 3.351339e-04, 9.171333e-02, 6.172579e+00, 9.155443e-02, 3.440958e-04, 6.700877e-04, 1.012515e-02, 3.360185e-05, -4.147272e-04, 6.179863e-05, 3.688669e-02, -5.732877e-04, -3.718309e-02, -7.969982e-05, 1.347693e-04, 4.970912e-05, -1.492445e-05, 7.601257e-06
5.411637e-04, -7.779997e-02, -2.803741e-05, 3.559837e-04, 3.915476e-05, 7.775202e-02, -5.243471e+00, -4.804405e-06, -8.549010e-03, 4.330853e-05, -2.320825e-04, 7.774841e-02, 5.244265e+00, 7.763577e-02, -1.374233e-04, -3.523207e-04, 8.595874e-03, 1.383950e-07, 2.421457e-04, -2.989241e-05, 3.148084e-02, -5.462406e-05, -3.139314e-02, 1.725612e-05, -2.144938e-04, 1.881879e-05, 8.575960e-06, 5.545024e-06
6.346982e-04, -6.316671e-02, 5.764134e-05, -3.372459e-04, 1.098275e-06, 6.267171e-02, -4.243403e+00, -1.730653e-05, -6.941821e-03, 3.095908e-04, -2.061852e-05, 6.294127e-02, 4.244812e+00, 6.285785e-02, 6.985091e-05, 3.332263e-04, 6.984851e-03, 1.382712e-05, -3.110774e-05, -3.616885e-05, 2.541952e-02, -1.103218e-04, -2.546273e-02, 3.151483e-05, -4.171451e-05, 3.510753e-05, -2.027582e-05, 1.900192e-06
7.423371e-04, -4.854681e-02, -6.273447e-05, -4.996751e-04, -4.714984e-05, 4.888177e-02, -3.293018e+00, -2.255842e-05, -5.395734e-03, -2.194998e-04, 4.049107e-04, 4.866077e-02, 3.292475e+00, 4.869199e-02, 3.094344e-04, 5.048191e-04, 5.422528e-03, 2.150989e-05, -4.282273e-04, 1.033232e-04, 1.971759e-02, 1.530862e-04, -1.965252e-02, -1.056587e-04, 1.125876e-04, -2.054625e-05, -1.070498e-05, 1.076855e-06
8.660599e-04, -3.630667e-02, -6.030135e-06, 1.747117e-04, 1.617771e-05, 3.628854e-02, -2.461316e+00, -7.519800e-07, -4.030069e-03, 1.556613e-06, -1.197670e-04, 3.631659e-02, 2.461036e+00, 3.635583e-02, -7.218592e-05, -1.665337e-04, 4.047416e-03, -8.610382e-07, 1.234359e-04, -1.911725e-05, 1.466122e-02, 2.648761e-05, -1.472067e-02, 1.324906e-05, -9.688331e-05, -1.518633e-05, 3.501703e-06, 2.689533e-06
1.008112e-03, -2.630748e-02, 9.955501e-06, 4.465760e-05, 1.647634e-05, 2.622242e-02, -1.782874e+00, -4.816988e-07, -2.927543e-03, 4.976299e-05, -5.239664e-05, 2.628145e-02, 1.782883e+00, 2.629387e-02, -3.218939e-05, -4.540618e-05, 2.937200e-03, 6.484960e-07, 5.375483e-05, -9.137150e-06, 1.059635e-02, -1.364675e-05, -1.064032e-02, 1.009153e-05, -5.193078e-05, -2.908577e-06, -2.388479e-06, -4.354967e-07
1.171039e-03, -1.853600e-02, 1.547147e-05, 1.111369e-05, 1.401883e-05, 1.846423e-02, -1.260893e+00, -1.506413e-06, -2.073844e-03, 4.692642e-05, -5.605395e-05, 1.850522e-02, 1.261085e+00, 1.848918e-02, -2.950872e-05, -1.208892e-05, 2.081519e-03, 1.399756e-06, 5.396654e-05, -1.590654e-05, 7.483955e-03, -2.985654e-05, -7.490435e-03, 1.637415e-05, -4.741602e-05, 4.520645e-06, -2.529234e-06, -2.269696e-07
1.357727e-03, -1.277570e-02, -1.677931e-06, -4.124458e-05, 3.962101e-07, 1.277724e-02, -8.746605e-01, -2.193485e-06, -1.443534e-03, -2.448120e-06, 6.782443e-06, 1.276961e-02, 8.747341e-01, 1.276475e-02, 1.785949e-05, 4.110793e-05, 1.448538e-03, 1.191270e-06, -1.355595e-05, 3.670531e-07, 5.178369e-03, 1.307233e-05, -5.169285e-03, -2.216997e-06, -1.287670e-05, 1.639679e-06, -2.961590e-06, 7.925315e-07
1.571443e-03, -8.705709e-03, -5.847666e-06, 7.484238e-05, 7.605509e-06, 8.751730e-03, -5.979578e-01, 1.579578e-06, -9.913353e-04, -2.690212e-05, -4.391626e-05, 8.714873e-03, 5.980015e-01, 8.705198e-03, -3.252176e-05, -7.477884e-05, 9.889802e-04, -2.192231e-06, 4.962300e-05, -6.948983e-06, 3.543527e-03, 1.019121e-05, -3.514514e-03, 5.504145e-06, -3.587989e-05, 2.914453e-06, 2.553863e-06, 6.291321e-07
1.815890e-03, -5.906681e-03, -2.326856e-06, -4.757499e-05, -3.390180e-06, 5.849222e-03, -4.043188e-01, -5.480204e-07, -6.687481e-04, 3.367505e-05, 3.232425e-05, 5.892646e-03, 4.043275e-01, 5.897552e-03, 2.626133e-05, 4.949096e-05, 6.776281e-04, 6.180315e-07, -3.611266e-05, 7.216437e-06, 2.367361e-03, -1.165368e-05, -2.395733e-03, -7.226427e-06, 1.166174e-05, -3.368498e-06, -2.485393e-06, 3.200293e-08
2.095257e-03, -3.940904e-03, -5.042139e-06, 9.216110e-06, 7.527411e-07, 3.924853e-03, -2.716877e-01, -6.190028e-07, -4.527727e-04, 1.003540e-05, 6.492343e-06, 3.933600e-03, 2.717511e-01, 3.928982e-03, 3.557096e-07, -9.076070e-06, 4.544267e-04, 7.015360e-07, -2.505290e-06, 3.668333e-06, 1.591608e-03, -4.855241e-06, -1.590072e-03, -3.397066e-06, -6.461388e-06, 1.165167e-06, 1.526620e-06, -1.178856e-07
2.414288e-03, -2.630162e-03, -3.724585e-06, -2.298046e-05, -3.494093e-06, 2.614920e-03, -1.814066e-01, -8.339336e-07, -3.035104e-04, 9.757418e-06, 2.284323e-05, 2.624136e-03, 1.814529e-01, 2.620337e-03, 1.589796e-05, 2.232725e-05, 3.049165e-04, 7.694236e-07, -2.362065e-05, 6.060238e-06, 1.059951e-03, -5.797476e-06, -1.060299e-03, -6.080518e-06, 9.533509e-06, 8.227203e-07, -2.802978e-07, -2.704149e-09
2.778348e-03, -1.729021e-03, -8.316459e-07, 9.105530e-06, 1.445408e-06, 1.731375e-03, -1.210106e-01, 1.374183e-07, -2.026863e-04, -1.571834e-06, -6.051027e-06, 1.730026e-03, 1.210027e-01, 1.730476e-03, -4.147207e-06, -9.053087e-06, 2.031830e-04, -2.452423e-07, 6.753590e-06, -8.929107e-07, 7.007320e-04, 9.580151e-07, -7.010232e-04, 6.975811e-07, -6.346154e-06, -3.050513e-07, 1.993142e-07, 8.511124e-08
3.193503e-03, -1.145252e-03, -2.813462e-06, 2.449079e-06, -8.164098e-07, 1.137336e-03, -8.040944e-02, -2.697229e-07, -1.350478e-04, 4.721760e-06, 6.121323e-06, 1.142846e-03, 8.042079e-02, 1.142504e-03, 2.655633e-06, -2.732745e-06, 1.361711e-04, 2.535661e-07, -4.977035e-06, 2.560036e-06, 4.618594e-04, -1.858151e-06, -4.641799e-04, -2.575320e-06, 9.906673e-07, -1.536702e-07, 6.088140e-07, 2.180833e-09
3.666614e-03, -7.533697e-04, -4.408491e-07, 4.805703e-06, 3.972007e-07, 7.523119e-04, -5.339314e-02, 2.964306e-08, -9.012048e-05, 7.755178e-07, -2.213731e-06, 7.524845e-04, 5.340254e-02, 7.514631e-04, -1.823777e-06, -4.842940e-06, 9.055338e-05, -6.190978e-08, 2.656334e-06, -2.091028e-07, 3.052319e-04, -5.321449e-07, -3.044361e-04, 1.453841e-07, -2.112085e-06, 2.509713e-07, 2.067683e-07, 2.705953e-08
4.205436e-03, -4.934275e-04, -2.984267e-07, 3.695492e-06, 2.879858e-07, 4.954347e-04, -3.543213e-02, 6.504740e-08, -6.018449e-05, -1.216521e-06, -1.529245e-06, 4.940239e-04, 3.543106e-02, 4.938339e-04, -1.327170e-06, -3.623117e-06, 6.018012e-05, -7.438066e-08, 1.851648e-06, -1.204495e-07, 2.009430e-04, 5.013940e-07, -2.001398e-04, 8.644184e-08, -1.298947e-06, 6.356689e-09, 1.341764e-07, 1.589225e-08
4.818729e-03, -3.245295e-04, 3.584913e-07, 7.385949e-07, 2.989591e-07, 3.240958e-04, -2.350369e-02, 5.430466e-08, -4.008811e-05, 2.581817e-07, -1.945924e-06, 3.244056e-04, 2.350437e-02, 3.243716e-04, -9.425993e-07, -7.254249e-07, 4.014176e-05, -7.658605e-08, 1.765172e-06, -5.855832e-07, 1.315442e-04, -1.160698e-07, -1.316566e-04, 5.335317e-07, -1.101428e-06, -8.053375e-09, -9.344290e-08, 2.284588e-08
5.516390e-03, -2.134317e-04, -1.865698e-07, -1.967228e-06, -2.266400e-07, 2.121514e-04, -1.557060e-02, -7.409471e-08, -2.670118e-05, 7.210686e-07, 1.750330e-06, 2.131840e-04, 1.556982e-02, 2.134444e-04, 1.318725e-06, 2.007540e-06, 2.685667e-05, 7.453626e-08, -1.898861e-06, 4.597627e-07, 8.601281e-05, -1.985621e-07, -8.679112e-05, -4.583667e-07, 7.443146e-07, -1.091252e-07, -7.118994e-08, -9.327988e-11
6.309596e-03, -1.391256e-04, -1.458875e-07, 1.052955e-06, 7.403979e-08, 1.392209e-04, -1.032984e-02, -3.169386e-08, -1.782182e-05, -9.213981e-08, -2.480476e-07, 1.391244e-04, 1.033005e-02, 1.391622e-04, -3.133031e-07, -1.072787e-06, 1.788624e-05, 2.803970e-08, 4.008212e-07, 4.756061e-08, 5.653966e-05, 1.996481e-07, -5.650003e-05, -4.797313e-08, -4.217093e-07, -1.576136e-08, 7.678938e-08, -2.368348e-10
7.210967e-03, -9.155066e-05, -1.284392e-07, 1.333100e-08, -4.898695e-08, 9.056621e-05, -6.840615e-03, -2.343692e-08, -1.186911e-05, 6.110538e-07, 4.372766e-07, 9.121435e-05, 6.842223e-03, 9.115086e-05, 2.120407e-07, -7.687439e-09, 1.193769e-05, 2.599863e-08, -3.833595e-07, 1.676095e-07, 3.685507e-05, -2.997325e-07, -3.709756e-05, -1.606953e-07, 9.412117e-08, 1.775227e-08, 2.450430e-08, -2.973285e-09
8.234746e-03, -5.942211e-05, -2.320964e-07, 6.509467e-07, -2.163858e-08, 5.941330e-05, -4.533570e-03, -1.057080e-08, -7.929951e-06, 1.364243e-08, 1.948948e-07, 5.938137e-05, 4.534155e-03, 5.931438e-05, 4.555572e-09, -6.587022e-07, 7.945457e-06, 6.202654e-09, -8.100948e-08, 1.507276e-07, 2.413491e-05, -1.446049e-08, -2.405666e-05, -1.599048e-07, -1.125497e-07, 1.919305e-08, 5.728795e-08, 3.879621e-09
9.397008e-03, -3.847976e-05, -1.339476e-07, 3.081536e-07, -1.827371e-08, 3.838868e-05, -3.005039e-03, -3.712580e-09, -5.272056e-06, 3.990516e-08, 1.756183e-07, 3.849051e-05, 3.004671e-03, 3.854924e-05, 2.339473e-08, -3.072372e-07, 5.290763e-06, 3.695151e-09, -9.768151e-08, 9.526435e-08, 1.557883e-05, 1.785968e-08, -1.568520e-05, -9.529660e-08, -2.958401e-08, -2.537357e-08, 3.587950e-08, 1.603316e-11
1.071589e-02, -2.487589e-05, 3.400515e-08, -1.168494e-07, 7.665609e-09, 2.492887e-05, -1.991007e-03, -1.153749e-09, -3.516537e-06, -3.925895e-08, -1.539232e-08, 2.490452e-05, 1.990707e-03, 2.493690e-05, 5.962374e-09, 1.157936e-07, 3.516502e-06, 2.292920e-09, 2.214971e-09, -1.775038e-08, 1.011158e-05, 3.980233e-08, -1.013481e-05, 2.079024e-08, 2.578630e-09, -9.233506e-09, -8.211701e-09, -1.352412e-09
1.221184e-02, -1.600822e-05, 1.949407e-09, -3.018876e-08, -4.052714e-09, 1.598690e-05, -1.316537e-03, -2.980732e-09, -2.330524e-06, 9.157457e-09, 2.418391e-08, 1.600801e-05, 1.316419e-03, 1.602794e-05, 1.326001e-08, 2.984013e-08, 2.331596e-06, 3.482278e-09, -2.324486e-08, 5.234617e-09, 6.499833e-06, 9.681152e-09, -6.530368e-06, -3.920454e-09, 1.449743e-08, -4.626732e-09, 1.076830e-09, -5.832056e-10
1.390792e-02, -1.025798e-05, 4.798823e-09, -2.194531e-08, 4.710746e-11, 1.019329e-05, -8.687333e-04, -6.296523e-10, -1.538634e-06, 3.957931e-08, -3.252233e-09, 1.023682e-05, 8.688175e-04, 1.023591e-05, 3.065232e-09, 2.218100e-08, 1.542350e-06, 5.416960e-10, -4.631350e-10, -3.312409e-09, 4.157085e-06, -1.611282e-08, -4.176323e-06, 3.087964e-09, 3.175848e-10, 6.204159e-10, -1.423996e-09, 1.016308e-10
1.583016e-02, -6.494860e-06, 1.142707e-09, -6.344045e-09, -2.683640e-10, 6.476742e-06, -5.719609e-04, -5.643113e-11, -1.012121e-06, 1.045636e-08, -4.984281e-10, 6.490594e-06, 5.719599e-04, 6.492819e-06, 8.817083e-10, 6.240704e-09, 1.014162e-06, 2.707878e-11, -4.257690e-10, -9.321944e-10, 2.641493e-06, -2.373331e-09, -2.651040e-06, 8.611818e-10, 8.770206e-10, -9.136382e-10, -3.160856e-10, 2.965902e-11
1.800785e-02, -4.084454e-06, -4.968743e-10, 5.897694e-10, -2.084622e-10, 4.070778e-06, -3.752528e-04, -2.609711e-10, -6.618374e-07, 7.769656e-09, 2.207321e-09, 4.081911e-06, 3.752469e-04, 4.084297e-06, 4.708709e-10, -5.232823e-10, 6.629034e-07, 3.160684e-10, -1.480074e-09, 8.537717e-10, 1.661433e-06, -1.756286e-09, -1.669174e-06, -7.048368e-10, 4.977145e-10, -9.261786e-10, 3.358384e-10, -6.494504e-11
2.047404e-02, -2.544605e-06, 4.990777e-09, -2.277019e-08, -3.056382e-10, 2.531725e-06, -2.451313e-04, -5.346916e-10, -4.285937e-07, 8.436635e-09, -2.219927e-09, 2.539007e-06, 2.451673e-04, 2.536084e-06, 3.725400e-09, 2.274402e-08, 4.295300e-07, 4.644264e-10, -1.782379e-09, -3.132417e-09, 1.035961e-06, -5.096791e-09, -1.036964e-06, 2.949136e-09, 2.723336e-09, 9.575552e-10, -1.460091e-09, 8.066198e-11
2.326596e-02, -1.549691e-06, 1.329991e-09, -1.258700e-08, -7.565529e-10, 1.550447e-06, -1.594480e-04, -3.229092e-10, -2.745126e-07, -9.364711e-10, 3.794036e-09, 1.551273e-06, 1.594275e-04, 1.553402e-06, 4.140330e-09, 1.254428e-08, 2.747211e-07, 3.316942e-10, -5.217070e-09, 2.379101e-11, 6.335565e-07, 1.710729e-09, -6.365212e-07, 1.055992e-11, 3.277155e-09, -7.533452e-10, -5.416683e-10, -1.598632e-11
2.642553e-02, -9.239441e-07, -1.248402e-13, -6.589558e-09, -7.454491e-10, 9.313982e-07, -1.031309e-04, -2.505683e-10, -1.729578e-07, -4.864494e-09, 4.553666e-09, 9.268365e-07, 1.031127e-04, 9.281204e-07, 3.310337e-09, 6.606276e-09, 1.726948e-07, 2.780603e-10, -4.944631e-09, 9.452285e-10, 3.819428e-07, 3.028622e-09, -3.811915e-07, -8.735182e-10, 2.597614e-09, -4.103137e-10, -1.446132e-10, -3.167763e-11
3.000000e-02, -5.446616e-07, -8.211704e-11, -1.101197e-09, -1.874202e-10, 5.424411e-07, -6.599746e-05, -4.564938e-11, -1.065631e-07, 1.389333e-09, 8.550062e-10, 5.438380e-07, 6.600180e-05, 5.436088e-07, 5.784794e-10, 1.088508e-09, 1.067665e-07, 4.430529e-11, -8.831337e-10, 1.662692e-10, 2.239292e-07, -6.067448e-10, -2.244125e-07, -1.649418e-10, 4.538975e-10, 6.911860e-11, 7.825507e-12, -8.232913e-13
3.037975e-02, -5.127779e-07, -1.168361e-09, 3.200943e-09, -4.776630e-10, 5.192689e-07, -6.303798e-05, -7.802292e-11, -1.018023e-07, -4.239507e-09, 1.784662e-09, 5.156383e-07, 6.302076e-05, 5.167797e-07, 3.000203e-10, -3.229201e-09, 1.014561e-07, 7.089201e-11, -1.141161e-09, 9.687084e-10, 2.127937e-07, 2.379114e-09, -2.121664e-07, -9.910672e-10, 3.674855e-10, -4.635810e-10, 3.465787e-10, 9.663785e-12
3.189873e-02, -4.138282e-07, -2.425924e-10, -7.234006e-10, -2.227303e-10, 4.151486e-07, -5.295341e-05, -5.991399e-11, -8.362693e-08, -7.703528e-10, 1.296758e-09, 4.141133e-07, 5.295348e-05, 4.139682e-07, 7.835369e-10, 7.161664e-10, 8.351071e-08, 6.316236e-11, -1.277561e-09, 4.118055e-10, 1.715560e-07, 2.056257e-10, -1.708603e-07, -4.046428e-10, 5.631192e-10, 5.766796e-11, 1.560083e-11, -3.298971e-12
3.341772e-02, -3.341048e-07, -2.444039e-10, -1.067540e-09, -2.736158e-10, 3.364477e-07, -4.472112e-05, -6.595849e-11, -6.913550e-08, -1.463469e-09, 1.662995e-09, 3.348659e-07, 4.471800e-05, 3.349905e-07, 9.599490e-10, 1.064173e-09, 6.896590e-08, 7.572216e-11, -1.617907e-09, 4.881545e-10, 1.391500e-07, 6.817428e-10, -1.384376e-07, -4.614578e-10, 7.943076e-10, -3.617155e-11, 2.070429e-11, -1.198100e-11
3.493671e-02, -2.712568e-07, -5.834404e-10, 3.771812e-10, -3.517659e-10, 2.760404e-07, -3.791614e-05, -8.006856e-11, -5.743331e-08, -2.986699e-09, 1.787005e-09, 2.727093e-07, 3.791069e-05, 2.728642e-07, 7.813863e-10, -3.825732e-10, 5.719818e-08, 8.395417e-11, -1.527713e-09, 6.912665e-10, 1.138328e-07, 1.443446e-09, -1.123073e-07, -6.809941e-10, 6.214392e-10, -4.975377e-11, 1.318437e-10, -4.665330e-12
3.645570e-02, -2.213132e-07, -5.523055e-10, 2.545039e-09, -9.810083e-11, 2.244123e-07, -3.234286e-05, -1.106142e-11, -4.773785e-08, -1.937948e-09, 4.220555e-10, 2.221982e-07, 3.233969e-05, 2.223185e-07, -3.351727e-10, -2.541563e-09, 4.756397e-08, 1.689144e-11, 4.207608e-11, 4.144598e-10, 9.281576e-08, 9.841557e-10, -9.177948e-08, -3.992627e-10, -1.883401e-10, -1.339866e-11, 2.024348e-10, -6.744852e-12
3.797468e-02, -1.803582e-07, -3.139656e-10, 6.203920e-10, -1.662163e-10, 1.836098e-07, -2.769338e-05, -2.620078e-11, -3.981972e-08, -2.132761e-09, 8.088321e-10, 1.817507e-07, 2.768487e-05, 1.823595e-07, 2.341863e-10, -6.228166e-10, 3.961191e-08, 3.140473e-11, -6.106559e-10, 3.482467e-10, 7.571890e-08, 1.252208e-09, -7.538973e-08, -3.346615e-10, 2.809064e-10, -2.138677e-10, 9.110334e-11, -6.113151e-12
3.949367e-02, -1.479846e-07, -3.603005e-10, 1.502573e-09, -8.278096e-11, 1.499125e-07, -2.381266e-05, -3.508113e-12, -3.319090e-08, -1.214821e-09, 3.262450e-10, 1.486125e-07, 2.381002e-05, 1.487349e-07, -1.555373e-10, -1.500878e-09, 3.306509e-08, 5.817646e-12, -4.531160e-11, 2.700714e-10, 6.219797e-08, 5.935627e-10, -6.163037e-08, -2.645858e-10, -8.134094e-11, -3.707357e-11, 1.220063e-10, -2.432032e-12
4.101266e-02, -1.213753e-07, -1.955346e-10, 9.674089e-11, -1.302587e-10, 1.226913e-07, -2.052465e-05, -2.390284e-11, -2.772147e-08, -8.760846e-10, 6.624725e-10, 1.219842e-07, 2.052067e-05, 1.222912e-07, 2.769615e-10, -9.423692e-11, 2.762073e-08, 2.713623e-11, -5.618909e-10, 2.426606e-10, 5.086769e-08, 5.398487e-10, -5.080700e-08, -2.342285e-10, 2.428281e-10, -1.046582e-10, 4.658908e-11, -3.749824e-12
4.253165e-02, -9.897799e-08, -2.952385e-10, 9.377580e-10, -9.600740e-11, 1.005856e-07, -1.777888e-05, -9.392950e-12, -2.312634e-08, -1.007369e-09, 4.844575e-10, 9.945116e-08, 1.777700e-05, 9.953463e-08, 1.502147e-11, -9.361868e-10, 2.303144e-08, 1.321272e-11, -2.625321e-10, 2.657493e-10, 4.194471e-08, 5.075477e-10, -4.143899e-08, -2.546994e-10, 4.250499e-11, -1.365891e-11, 9.201748e-11, -4.955425e-12
4.405063e-02, -8.136515e-08, -1.236756e-10, -2.392176e-10, -1.295519e-10, 8.236807e-08, -1.540075e-05, -3.272174e-11, -1.929594e-08, -6.315676e-10, 6.343022e-10, 8.167533e-08, 1.539947e-05, 8.172943e-08, 3.535729e-10, 2.394003e-10, 1.924690e-08, 3.404541e-11, -6.091619e-10, 2.093025e-10, 3.439170e-08, 3.197663e-10, -3.409306e-08, -2.054158e-10, 2.990333e-10, -1.565737e-11, 1.852136e-11, -1.746220e-12
4.556962e-02, -6.639422e-08, -9.683774e-11, 3.854028e-11, -6.274564e-11, 6.773562e-08, -1.337534e-05, -1.069424e-11, -1.609753e-08, -8.328758e-10, 3.823993e-10, 6.677409e-08, 1.337409e-05, 6.679591e-08, 1.535657e-10, -3.676045e-11, 1.603129e-08, 1.403133e-11, -3.226502e-10, 1.404841e-10, 2.831559e-08, 3.873575e-10, -2.784111e-08, -1.307482e-10, 1.442763e-10, -4.909198e-12, 2.168618e-11, -4.371146e-12
4.708861e-02, -5.395718e-08, -1.567229e-10, 3.235252e-10, -7.263284e-11, 5.523666e-08, -1.164306e-05, -4.312322e-12, -1.339612e-08, -8.212892e-10, 4.016331e-10, 5.442651e-08, 1.164057e-05, 5.458166e-08, 9.906019e-11, -3.187229e-10, 1.331430e-08, 7.931536e-12, -2.900604e-10, 1.701098e-10, 2.310301e-08, 4.429219e-10, -2.284232e-08, -1.599167e-10, 1.144626e-10, -4.925747e-11, 4.259560e-11, -4.537753e-12
4.860759e-02, -4.394255e-08, -1.864365e-10, 2.688906e-11, -1.310640e-10, 4.414626e-08, -1.016940e-05, -1.469673e-11, -1.105635e-08, -1.264923e-10, 6.016908e-10, 4.400007e-08, 1.016916e-05, 4.401073e-08, 2.827740e-10, -2.725091e-11, 1.104421e-08, 1.478299e-11, -5.330081e-10, 2.138277e-10, 1.873225e-08, 6.303692e-11, -1.866752e-08, -2.136170e-10, 2.359289e-10, -1.063885e-12, 3.317391e-11, -9.901064e-14
5.012658e-02, -3.534117e-08, -1.041235e-10, 1.600907e-10, -6.066827e-11, 3.644241e-08, -8.852375e-06, -5.788681e-12, -9.169504e-09, -7.016102e-10, 2.915098e-10, 3.570760e-08, 8.850582e-06, 3.581133e-08, 9.584317e-11, -1.578883e-10, 9.108408e-09, 7.311278e-12, -2.291604e-10, 1.165631e-10, 1.536718e-08, 3.749656e-10, -1.509802e-08, -1.122863e-10, 9.853596e-11, -2.896136e-11, 2.611478e-11, -1.904512e-12
5.164557e-02, -2.919887e-08, 6.708135e-11, -1.411237e-10, 3.151550e-11, 2.871641e-08, -7.707331e-06, 2.371540e-12, -7.492885e-09, 3.269052e-10, -1.440481e-10, 2.895256e-08, 7.708989e-06, 2.882277e-08, -3.674464e-11, 1.399083e-10, 7.536922e-09, -2.828360e-12, 1.032302e-10, -6.404219e-11, 1.232986e-08, -2.046296e-10, -1.232731e-08, 6.285417e-11, -3.070086e-11, 4.570246e-11, -1.703610e-11, 5.204202e-13
5.316456e-02, -2.327313e-08, 1.173603e-10, -3.991244e-10, 3.762065e-11, 2.295557e-08, -6.718660e-06, -4.992784e-12, -6.124337e-09, 2.084325e-10, -1.261467e-10, 2.314064e-08, 6.719416e-06, 2.308889e-08, 2.110726e-11, 3.991144e-10, 6.147293e-09, 5.307701e-12, 4.745099e-11, -7.972806e-11, 9.889426e-09, -1.161972e-10, -9.935139e-09, 8.080740e-11, 7.515828e-12, 1.832618e-11, -3.299840e-11, -4.920343e-13
5.468354e-02, -1.838567e-08, -7.494893e-12, -1.488715e-11, -6.844000e-12, 1.819394e-08, -5.859557e-06, -8.614147e-13, -4.967061e-09, 1.238680e-10, 3.356234e-11, 1.831703e-08, 5.859928e-06, 1.829171e-08, 1.974833e-11, 1.472575e-11, 4.979263e-09, 8.372034e-13, -3.302239e-11, 1.052458e-11, 7.889735e-09, -7.023793e-11, -7.928179e-09, -1.059298e-11, 1.526107e-11, 7.100890e-12, 4.237095e-13, 2.855423e-14
5.620253e-02, -1.432556e-08, 1.059758e-11, -7.241008e-11, 2.139460e-13, 1.427383e-08, -5.091864e-06, -1.283576e-12, -3.988437e-09, 2.854337e-11, 9.403541e-12, 1.432992e-08, 5.091729e-06, 1.434490e-08, 1.948735e-11, 7.241012e-11, 3.987625e-09, 1.318854e-12, -2.002810e-11, -2.955048e-12, 6.221810e-09, -8.027383e-12, -6.265077e-09, 3.056614e-12, 1.289624e-11, -6.688712e-12, -4.530319e-12, -4.620641e-14
5.772152e-02, -1.110371e-08, 5.614399e-12, -5.680663e-11, -2.096449e-12, 1.108878e-08, -4.402363e-06, -1.243196e-12, -3.162352e-09, 8.367419e-12, 1.640414e-11, 1.110332e-08, 4.402341e-06, 1.110648e-08, 1.967282e-11, 5.680544e-11, 3.162176e-09, 1.256007e-12, -2.389492e-11, 7.650290e-13, 4.867521e-09, -2.574795e-12, -4.877712e-09, -7.301882e-13, 1.411601e-11, -1.307872e-12, -3.050248e-12, -1.590684e-14
5.924051e-02, -8.475387e-09, -6.199939e-12, 4.617845e-11, 9.154535e-13, 8.382973e-09, -3.790972e-06, 9.370152e-13, -2.464409e-09, 5.893300e-11, -8.406152e-12, 8.445049e-09, 3.791122e-06, 8.436342e-09, -1.360732e-11, -4.619398e-11, 2.469120e-09, -9.400541e-13, 1.516069e-11, 1.329264e-12, 3.727610e-09, -3.180199e-11, -3.750239e-09, -1.340209e-12, -1.025839e-11, 2.424100e-12, 2.618518e-12, 4.641017e-15
6.075949e-02, -6.255094e-09, 1.842898e-13, 5.782558e-12, 1.118703e-12, 6.207555e-09, -3.245527e-06, 2.505160e-13, -1.883141e-09, 2.889788e-11, -4.885282e-12, 6.246767e-09, 3.245534e-06, 6.248236e-09, -3.481423e-12, -5.793421e-12, 1.884494e-09, -2.549538e-13, 5.376948e-12, -1.090101e-12, 2.795911e-09, -1.356446e-11, -2.817283e-09, 1.076524e-12, -3.160254e-12, -1.387875e-12, 9.677856e-14, 5.961552e-15
6.227848e-02, -4.523710e-09, 2.060800e-12, -1.478596e-11, -2.060432e-13, 4.419650e-09, -2.748538e-06, -4.874891e-13, -1.397628e-09, 6.652248e-11, 3.049893e-12, 4.489559e-09, 2.748710e-06, 4.478805e-09, 4.570832e-12, 1.481491e-11, 1.403432e-09, 5.032738e-13, -5.180828e-12, -5.692975e-14, 2.035785e-09, -3.638312e-11, -2.060902e-09, 1.024204e-13, 3.099837e-12, 2.768532e-12, -8.452142e-13, -2.048128e-14
6.379747e-02, -3.089886e-09, 7.441111e-13, -8.384082e-12, -4.845436e-13, 3.036299e-09, -2.294286e-06, -3.198822e-13, -1.000595e-09, 3.466748e-11, 3.373401e-12, 3.070038e-09, 2.294396e-06, 3.062681e-09, 3.502682e-12, 8.394844e-12, 1.004010e-09, 3.258659e-13, -4.601640e-12, 4.868547e-13, 1.431038e-09, -1.951974e-11, -1.441158e-09, -4.691282e-13, 2.469584e-12, 2.235090e-12, -4.299427e-13, -7.998692e-15
6.531646e-02, -1.958704e-09, -2.151665e-12, 1.560854e-11, 3.067519e-13, 1.937690e-09, -1.873424e-06, 3.908478e-13, -6.776213e-10, 1.367996e-11, -2.607004e-12, 1.950409e-09, 1.873473e-06, 1.946974e-09, -4.663462e-12, -1.558743e-11, 6.790717e-10, -3.811134e-13, 5.076111e-12, 4.718172e-13, 9.468315e-10, -7.942056e-12, -9.499741e-10, -4.432037e-13, -3.394687e-12, 1.064770e-12, 8.958080e-13, -1.285460e-14
6.683544e-02, -1.098532e-09, 2.257844e-13, -4.539961e-12, -4.224236e-13, 1.089325e-09, -1.475929e-06, -1.577053e-13, -4.205965e-10, 5.931690e-12, 2.342561e-12, 1.095416e-09, 1.475945e-06, 1.094344e-09, 2.106917e-12, 4.543970e-12, 4.211683e-10, 1.594590e-13, -2.925842e-12, 4.046066e-13, 5.689472e-10, -3.259853e-12, -5.710545e-10, -3.993584e-13, 1.620203e-12, 2.790350e-13, -1.938368e-13, -2.347298e-15
6.835443e-02, -4.876089e-10, -1.792190e-13, -2.815720e-13, -1.873397e-13, 4.827551e-10, -1.070338e-06, -2.294344e-14, -2.224953e-10, 3.119311e-12, 8.606133e-13, 4.860225e-10, 1.070346e-06, 4.855031e-10, 4.689128e-13, 2.842123e-13, 2.227851e-10, 2.406065e-14, -8.317037e-13, 2.652611e-13, 2.867418e-10, -1.693019e-12, -2.879227e-10, -2.618841e-13, 3.980577e-13, 1.277979e-13, 1.898233e-14, -1.513808e-15
6.987342e-02, -1.014189e-10, 1.210234e-13, -9.619987e-13, -1.917047e-14, 1.009846e-10, -6.028852e-07, -2.580301e-14, -7.802645e-11, 3.202744e-13, 1.780720e-13, 1.010776e-10, 6.028878e-07, 1.008689e-10, 2.804696e-13, 9.619685e-13, 7.809473e-11, 2.577894e-14, -3.065051e-13, -1.492997e-14, 9.128002e-11, -2.267672e-13, -9.113188e-11, 1.485686e-14, 1.969645e-13, 7.990543e-14, -5.074651e-14, 3.259016e-17
7.139241e-02, 0.000000e+00, 0.000000e+00, 0.000000e+00, 0.000000e+00, 0.000000e+00, 0.000000e+00, 0.000000e+00, 0.000000e+00, 0.000000e+00, 0.000000e+00, 0.000000e+00, 0.000000e+00, 0.000000e+00, 0.000000e+00, 0.000000e+00, 0.000000e+00, 0.000000e+00, 0.000000e+00, 0.000000e+00, 0.000000e+00, 0.000000e+00, 0.000000e+00, 0.000000e+00, 0.000000e+00, 0.000000e+00, 0.000000e+00, 0.000000e+00
7.291139e-02, 0.000000e+00, 0.000000e+00, 0.000000e+00, 0.000000e+00, 0.000000e+00, 0.000000e+00, 0.000000e+00, 0.000000e+00, 0.000000e+00, 0.000000e+00, 0.000000e+00, 0.000000e+00, 0.000000e+00, 0.000000e+00, 0.000000e+00, 0.000000e+00, 0.000000e+00, 0.000000e+00, 0.000000e+00, 0.000000e+00, 0.000000e+00, 0.000000e+00, 0.000000e+00, 0.000000e+00, 0.000000e+00, 0.000000e+00, 0.000000e+00
7.443038e-02, 0.000000e+00, 0.000000e+00, 0.000000e+00, 0.000000e+00, 0.000000e+00, 0.000000e+00, 0.000000e+00, 0.000000e+00, 0.000000e+00, 0.000000e+00, 0.000000e+00, 0.000000e+00, 0.000000e+00, 0.000000e+00, 0.000000e+00, 0.000000e+00, 0.000000e+00, 0.000000e+00, 0.000000e+00, 0.000000e+00, 0.000000e+00, 0.000000e+00, 0.000000e+00, 0.000000e+00, 0.000000e+00, 0.000000e+00, 0.000000e+00
7.594937e-02, 0.000000e+00, 0.000000e+00, 0.000000e+00, 0.000000e+00, 0.000000e+00, 0.000000e+00, 0.000000e+00, 0.000000e+00, 0.000000e+00, 0.000000e+00, 0.000000e+00, 0.000000e+00, 0.000000e+00, 0.000000e+00, 0.000000e+00, 0.000000e+00, 0.000000e+00, 0.000000e+00, 0.000000e+00, 0.000000e+00, 0.000000e+00, 0.000000e+00, 0.000000e+00, 0.000000e+00, 0.000000e+00, 0.000000e+00, 0.000000e+00
7.746835e-02, 0.000000e+00, 0.000000e+00, 0.000000e+00, 0.000000e+00, 0.000000e+00, 0.000000e+00, 0.000000e+00, 0.000000e+00, 0.000000e+00, 0.000000e+00, 0.000000e+00, 0.000000e+00, 0.000000e+00, 0.000000e+00, 0.000000e+00, 0.000000e+00, 0.000000e+00, 0.000000e+00, 0.000000e+00, 0.000000e+00, 0.000000e+00, 0.000000e+00, 0.000000e+00, 0.000000e+00, 0.000000e+00, 0.000000e+00, 0.000000e+00
7.898734e-02, 0.000000e+00, 0.000000e+00, 0.000000e+00, 0.000000e+00, 0.000000e+00, 0.000000e+00, 0.000000e+00, 0.000000e+00, 0.000000e+00, 0.000000e+00, 0.000000e+00, 0.000000e+00, 0.000000e+00, 0.000000e+00, 0.000000e+00, 0.000000e+00, 0.000000e+00, 0.000000e+00, 0.000000e+00, 0.000000e+00, 0.000000e+00, 0.000000e+00, 0.000000e+00, 0.000000e+00, 0.000000e+00, 0.000000e+00, 0.000000e+00
8.050633e-02, 0.000000e+00, 0.000000e+00, 0.000000e+00, 0.000000e+00, 0.000000e+00, 0.000000e+00, 0.000000e+00, 0.000000e+00, 0.000000e+00, 0.000000e+00, 0.000000e+00, 0.000000e+00, 0.000000e+00, 0.000000e+00, 0.000000e+00, 0.000000e+00, 0.000000e+00, 0.000000e+00, 0.000000e+00, 0.000000e+00, 0.000000e+00, 0.000000e+00, 0.000000e+00, 0.000000e+00, 0.000000e+00, 0.000000e+00, 0.000000e+00
8.202532e-02, 0.000000e+00, 0.000000e+00, 0.000000e+00, 0.000000e+00, 0.000000e+00, 0.000000e+00, 0.000000e+00, 0.000000e+00, 0.000000e+00, 0.000000e+00, 0.000000e+00, 0.000000e+00, 0.000000e+00, 0.000000e+00, 0.000000e+00, 0.000000e+00, 0.000000e+00, 0.000000e+00, 0.000000e+00, 0.000000e+00, 0.000000e+00, 0.000000e+00, 0.000000e+00, 0.000000e+00, 0.000000e+00, 0.000000e+00, 0.000000e+00
8.354430e-02, 0.000000e+00, 0.000000e+00, 0.000000e+00, 0.000000e+00, 0.000000e+00, 0.000000e+00, 0.000000e+00, 0.000000e+00, 0.000000e+00, 0.000000e+00, 0.000000e+00, 0.000000e+00, 0.000000e+00, 0.000000e+00, 0.000000e+00, 0.000000e+00, 0.000000e+00, 0.000000e+00, 0.000000e+00, 0.000000e+00, 0.000000e+00, 0.000000e+00, 0.000000e+00, 0.000000e+00, 0.000000e+00, 0.000000e+00, 0.000000e+00
8.506329e-02, 0.000000e+00, 0.000000e+00, 0.000000e+00, 0.000000e+00, 0.000000e+00, 0.000000e+00, 0.000000e+00, 0.000000e+00, 0.000000e+00, 0.000000e+00, 0.000000e+00, 0.000000e+00, 0.000000e+00, 0.000000e+00, 0.000000e+00, 0.000000e+00, 0.000000e+00, 0.000000e+00, 0.000000e+00, 0.000000e+00, 0.000000e+00, 0.000000e+00, 0.000000e+00, 0.000000e+00, 0.000000e+00, 0.000000e+00, 0.000000e+00
8.658228e-02, 0.000000e+00, 0.000000e+00, 0.000000e+00, 0.000000e+00, 0.000000e+00, 0.000000e+00, 0.000000e+00, 0.000000e+00, 0.000000e+00, 0.000000e+00, 0.000000e+00, 0.000000e+00, 0.000000e+00, 0.000000e+00, 0.000000e+00, 0.000000e+00, 0.000000e+00, 0.000000e+00, 0.000000e+00, 0.000000e+00, 0.000000e+00, 0.000000e+00, 0.000000e+00, 0.000000e+00, 0.000000e+00, 0.000000e+00, 0.000000e+00
8.810127e-02, 0.000000e+00, 0.000000e+00, 0.000000e+00, 0.000000e+00, 0.000000e+00, 0.000000e+00, 0.000000e+00, 0.000000e+00, 0.000000e+00, 0.000000e+00, 0.000000e+00, 0.000000e+00, 0.000000e+00, 0.000000e+00, 0.000000e+00, 0.000000e+00, 0.000000e+00, 0.000000e+00, 0.000000e+00, 0.000000e+00, 0.000000e+00, 0.000000e+00, 0.000000e+00, 0.000000e+00, 0.000000e+00, 0.000000e+00, 0.000000e+00
8.962025e-02, 0.000000e+00, 0.000000e+00, 0.000000e+00, 0.000000e+00, 0.000000e+00, 0.000000e+00, 0.000000e+00, 0.000000e+00, 0.000000e+00, 0.000000e+00, 0.000000e+00, 0.000000e+00, 0.000000e+00, 0.000000e+00, 0.000000e+00, 0.000000e+00, 0.000000e+00, 0.000000e+00, 0.000000e+00, 0.000000e+00, 0.000000e+00, 0.000000e+00, 0.000000e+00, 0.000000e+00, 0.000000e+00, 0.000000e+00, 0.000000e+00
9.113924e-02, 0.000000e+00, 0.000000e+00, 0.000000e+00, 0.000000e+00, 0.000000e+00, 0.000000e+00, 0.000000e+00, 0.000000e+00, 0.000000e+00, 0.000000e+00, 0.000000e+00, 0.000000e+00, 0.000000e+00, 0.000000e+00, 0.000000e+00, 0.000000e+00, 0.000000e+00, 0.000000e+00, 0.000000e+00, 0.000000e+00, 0.000000e+00, 0.000000e+00, 0.000000e+00, 0.000000e+00, 0.000000e+00, 0.000000e+00, 0.000000e+00
9.265823e-02, 0.000000e+00, 0.000000e+00, 0.000000e+00, 0.000000e+00, 0.000000e+00, 0.000000e+00, 0.000000e+00, 0.000000e+00, 0.000000e+00, 0.000000e+00, 0.000000e+00, 0.000000e+00, 0.000000e+00, 0.000000e+00, 0.000000e+00, 0.000000e+00, 0.000000e+00, 0.000000e+00, 0.000000e+00, 0.000000e+00, 0.000000e+00, 0.000000e+00, 0.000000e+00, 0.000000e+00, 0.000000e+00, 0.000000e+00, 0.000000e+00
9.417722e-02, 0.000000e+00, 0.000000e+00, 0.000000e+00, 0.000000e+00, 0.000000e+00, 0.000000e+00, 0.000000e+00, 0.000000e+00, 0.000000e+00, 0.000000e+00, 0.000000e+00, 0.000000e+00, 0.000000e+00, 0.000000e+00, 0.000000e+00, 0.000000e+00, 0.000000e+00, 0.000000e+00, 0.000000e+00, 0.000000e+00, 0.000000e+00, 0.000000e+00, 0.000000e+00, 0.000000e+00, 0.000000e+00, 0.000000e+00, 0.000000e+00
9.569620e-02, 0.000000e+00, 0.000000e+00, 0.000000e+00, 0.000000e+00, 0.000000e+00, 0.000000e+00, 0.000000e+00, 0.000000e+00, 0.000000e+00, 0.000000e+00, 0.000000e+00, 0.000000e+00, 0.000000e+00, 0.000000e+00, 0.000000e+00, 0.000000e+00, 0.000000e+00, 0.000000e+00, 0.000000e+00, 0.000000e+00, 0.000000e+00, 0.000000e+00, 0.000000e+00, 0.000000e+00, 0.000000e+00, 0.000000e+00, 0.000000e+00
9.721519e-02, 0.000000e+00, 0.000000e+00, 0.000000e+00, 0.000000e+00, 0.000000e+00, 0.000000e+00, 0.000000e+00, 0.000000e+00, 0.000000e+00, 0.000000e+00, 0.000000e+00, 0.000000e+00, 0.000000e+00, 0.000000e+00, 0.000000e+00, 0.000000e+00, 0.000000e+00, 0.000000e+00, 0.000000e+00, 0.000000e+00, 0.000000e+00, 0.000000e+00, 0.000000e+00, 0.000000e+00, 0.000000e+00, 0.000000e+00, 0.000000e+00
9.873418e-02, 0.000000e+00, 0.000000e+00, 0.000000e+00, 0.000000e+00, 0.000000e+00, 0.000000e+00, 0.000000e+00, 0.000000e+00, 0.000000e+00, 0.000000e+00, 0.000000e+00, 0.000000e+00, 0.000000e+00, 0.000000e+00, 0.000000e+00, 0.000000e+00, 0.000000e+00, 0.000000e+00, 0.000000e+00, 0.000000e+00, 0.000000e+00, 0.000000e+00, 0.000000e+00, 0.000000e+00, 0.000000e+00, 0.000000e+00, 0.000000e+00
