-1.120234e-01, 1.716473e-08, 4.053120e-11, -1.998862e-10, -1.386205e-11, -1.717272e-08, 7.067493e-07, 4.641011e-12, -5.475016e-10, 1.316039e-13, 4.554725e-11, -1.717902e-08, -7.070873e-07, -1.712059e-08, 2.858199e-11, 2.315187e-10, 5.710500e-10, -9.506110e-13, -5.116152e-11, -1.374132e-11, -6.585778e-09, -2.019099e-11, 6.533843e-09, 1.937189e-11, 3.598791e-11, -1.788040e-11, -1.143376e-11, -2.010663e-12
-1.110508e-01, 1.719316e-08, 4.049964e-11, -2.237165e-10, -1.937640e-11, -1.725614e-08, 7.173491e-07, -4.021647e-12, -4.838557e-10, 3.834455e-11, 4.794719e-11, -1.721365e-08, -7.173626e-07, -1.720313e-08, 4.494145e-11, 2.293581e-10, 4.980082e-10, 5.504899e-12, -6.415703e-11, -1.010228e-11, -6.599168e-09, -3.655547e-11, 6.572781e-09, 1.357651e-11, 3.865823e-11, -7.327817e-12, -1.092179e-11, -1.471886e-12
-1.100781e-01, 1.727406e-08, 3.245848e-11, -2.334786e-10, -1.153313e-11, -1.729216e-08, 7.276314e-07, 5.692073e-12, -4.210110e-10, 2.236411e-11, 4.995742e-11, -1.725713e-08, -7.273141e-07, -1.733948e-08, 3.743112e-11, 2.412504e-10, 4.088451e-10, -3.277093e-12, -5.658464e-11, -1.233321e-11, -6.612456e-09, -2.819092e-11, 6.651493e-09, 1.714966e-11, 1.571284e-11, 1.606963e-11, -1.335615e-11, -2.024024e-12
-1.091054e-01, 1.730457e-08, 3.067578e-11, -2.087657e-10, -7.582494e-12, -1.742330e-08, 7.381490e-07, -4.534927e-13, -3.484745e-10, 8.167826e-11, 1.270188e-11, -1.733354e-08, -7.376657e-07, -1.739846e-08, 1.763049e-11, 2.121543e-10, 3.392051e-10, 2.085875e-12, -2.043092e-11, -2.118677e-11, -6.654019e-09, -4.265624e-11, 6.669769e-09, 2.382941e-11, 6.788918e-12, 1.755405e-11, -7.860142e-12, -1.119829e-12
-1.081327e-01, 1.733461e-08, -2.958266e-11, 8.841086e-11, 1.174744e-11, -1.759996e-08, 7.494760e-07, -9.606444e-12, -2.777397e-10, 1.679077e-10, -3.979516e-11, -1.742144e-08, -7.489162e-07, -1.745946e-08, -2.281761e-11, -9.867831e-11, 2.704938e-10, 7.144965e-12, 4.696257e-11, -1.549782e-12, -6.715001e-09, -6.480385e-11, 6.679829e-09, -3.371746e-12, -2.721098e-11, 1.613232e-11, 1.404228e-11, 2.012037e-12
-1.071600e-01, 1.753592e-08, 1.597930e-11, -8.502458e-11, -1.877350e-11, -1.755477e-08, 7.603642e-07, 4.783845e-12, -2.059116e-10, 1.647524e-11, -7.757516e-12, -1.753559e-08, -7.601496e-07, -1.757317e-08, 1.146459e-11, 8.391424e-11, 1.942300e-10, -5.963114e-12, -7.031395e-12, -1.298698e-11, -6.724280e-09, -3.932145e-12, 6.746176e-09, 9.713945e-12, 5.692836e-12, 1.152128e-11, -9.250388e-12, 1.442311e-12
-1.061873e-01, 1.754826e-08, 2.611189e-11, -2.524007e-10, -2.974474e-11, -1.758127e-08, 7.728014e-07, 8.538537e-13, -1.325871e-10, 2.482268e-11, 4.841031e-11, -1.755527e-08, -7.725745e-07, -1.759202e-08, 6.122267e-11, 2.587255e-10, 1.318242e-10, -1.778109e-12, -7.231586e-11, -1.303618e-11, -6.751205e-09, -1.418255e-11, 6.769420e-09, 1.038037e-11, 2.780080e-11, 8.310194e-12, -1.411852e-11, 1.276713e-12
-1.052147e-01, 1.770684e-08, 5.945747e-12, 1.597585e-11, 1.481482e-12, -1.778729e-08, 7.837565e-07, -7.326660e-12, -5.926034e-11, 4.764292e-11, -9.880305e-11, -1.773785e-08, -7.837692e-07, -1.771932e-08, -4.526175e-11, -1.796293e-11, 6.362482e-11, 4.447040e-12, 9.178068e-11, -3.065796e-11, -6.827267e-09, -1.524719e-11, 6.788488e-09, 2.380762e-11, -5.091570e-11, -2.274445e-12, 4.256471e-12, 3.010659e-12
-1.042420e-01, 1.776523e-08, 2.502072e-11, -1.949064e-10, -2.433784e-11, -1.775720e-08, 7.970641e-07, 3.954804e-12, 7.129214e-12, -1.107702e-12, 2.199821e-11, -1.775959e-08, -7.969218e-07, -1.778719e-08, 3.530905e-11, 1.934446e-10, -1.867294e-11, -4.680776e-12, -4.055008e-11, -1.555469e-11, -6.837974e-09, 7.171937e-12, 6.861344e-09, 1.371388e-11, 2.274977e-11, 9.874500e-12, -1.227233e-11, 8.008388e-13
-1.032693e-01, 1.782568e-08, 2.933953e-11, -1.809172e-10, -2.631112e-11, -1.789278e-08, 8.102187e-07, -1.222338e-13, 7.975989e-11, 4.721598e-11, 1.638022e-11, -1.784702e-08, -8.097661e-07, -1.790016e-08, 3.421905e-11, 1.822331e-10, -8.617428e-11, -1.028167e-12, -3.749913e-11, -1.595968e-11, -6.868221e-09, -1.328755e-11, 6.900743e-09, 1.370055e-11, 2.471684e-11, 1.611608e-11, -1.088002e-11, 1.023788e-12
-1.022966e-01, 1.794784e-08, 3.313068e-11, -1.196259e-10, -1.117954e-11, -1.797086e-08, 8.234687e-07, 1.706078e-12, 1.538280e-10, 1.697657e-11, -1.530191e-11, -1.795433e-08, -8.232215e-07, -1.798368e-08, 2.279089e-12, 1.250026e-10, -1.539170e-10, -9.459807e-13, 3.555168e-12, -1.876812e-11, -6.917254e-09, -8.762940e-12, 6.940199e-09, 1.926389e-11, -3.303817e-12, 6.878281e-12, -9.880719e-12, -1.323312e-13
-1.013239e-01, 1.808159e-08, 1.680438e-11, -1.075182e-10, 8.193896e-13, -1.807561e-08, 8.369454e-07, -2.151725e-12, 2.316756e-10, -1.270208e-12, -2.734729e-11, -1.807291e-08, -8.368674e-07, -1.809790e-08, -8.376021e-12, 1.045376e-10, -2.270153e-10, 2.521324e-12, 2.326445e-11, -2.201467e-11, -6.965991e-09, -1.100413e-11, 6.982474e-09, 2.192042e-11, -1.748322e-11, 1.230811e-12, -2.375882e-12, -2.087412e-16
-1.003512e-01, 1.812359e-08, 4.720309e-12, -2.037870e-10, -2.729713e-11, -1.816927e-08, 8.519655e-07, 2.149588e-12, 2.974259e-10, 3.300522e-11, 6.640477e-11, -1.813473e-08, -8.516861e-07, -1.817465e-08, 7.098720e-11, 2.012710e-10, -2.987885e-10, -3.534870e-12, -8.843874e-11, -8.088601e-13, -7.004197e-09, -1.682497e-11, 7.021725e-09, -3.135183e-12, 4.290134e-11, 9.540032e-12, -1.064027e-11, 1.730012e-12
-9.937854e-02, 1.828996e-08, 6.802903e-14, -6.450962e-11, -7.421885e-12, -1.828073e-08, 8.660941e-07, -4.600139e-12, 3.675006e-10, 1.978204e-13, 3.373982e-11, -1.828665e-08, -8.658098e-07, -1.833635e-08, 3.407609e-11, 6.582020e-11, -3.744140e-10, 4.392747e-12, -4.208823e-11, 6.517876e-12, -7.048421e-09, 1.574652e-11, 7.088607e-09, -7.688701e-12, 1.284611e-11, 1.533525e-11, -2.034947e-12, 5.457301e-13
-9.840586e-02, 1.838738e-08, 2.118163e-11, -8.551906e-11, -4.461193e-12, -1.836480e-08, 8.816134e-07, -2.905221e-13, 4.419934e-10, -8.963621e-12, -4.485897e-12, -1.837616e-08, -8.814440e-07, -1.840836e-08, 3.445835e-12, 8.447010e-11, -4.483050e-10, 9.240176e-13, -1.251744e-12, -1.114842e-11, -7.096876e-09, -3.125710e-12, 7.128779e-09, 1.247716e-11, -6.291000e-12, 8.252385e-12, -5.723863e-12, -6.108533e-13
-9.743317e-02, 1.845455e-08, -5.270170e-11, 5.309052e-11, 1.127275e-11, -1.863118e-08, 8.968946e-07, -5.804433e-12, 5.139488e-10, 1.129356e-10, 8.608768e-11, -1.850871e-08, -8.965316e-07, -1.853858e-08, 4.525493e-11, -6.256217e-11, -5.147751e-10, 4.995486e-12, -7.224261e-11, 3.579260e-11, -7.183085e-09, -4.840182e-11, 7.156997e-09, -3.560894e-11, 2.900140e-11, 8.981548e-12, 1.288318e-11, -2.342319e-13
-9.646049e-02, 1.861594e-08, 6.817854e-12, -2.168032e-10, -3.194864e-11, -1.864961e-08, 9.136202e-07, 3.830330e-12, 5.840742e-10, 2.873344e-11, 8.850722e-11, -1.862128e-08, -9.133166e-07, -1.867025e-08, 8.525938e-11, 2.119171e-10, -5.959945e-10, -5.080709e-12, -1.126615e-10, 4.711317e-12, -7.199105e-09, -2.085445e-11, 7.226270e-09, -7.781469e-12, 5.479204e-11, 1.454757e-11, -1.317778e-11, 1.308710e-12
-9.548780e-02, 1.870124e-08, 2.247575e-13, -1.374485e-10, -1.554930e-11, -1.883584e-08, 9.306430e-07, 5.783866e-13, 6.629542e-10, 9.247563e-11, 6.197244e-11, -1.874147e-08, -9.301040e-07, -1.880564e-08, 5.709787e-11, 1.338908e-10, -6.648972e-10, -9.702158e-13, -7.560360e-11, 6.983173e-12, -7.263107e-09, -5.742194e-11, 7.280371e-09, -8.402180e-12, 3.081952e-11, 1.626582e-11, -7.329451e-12, 5.861889e-13
-9.451512e-02, 1.887177e-08, 1.798522e-11, -7.420338e-11, -5.483551e-12, -1.889376e-08, 9.480129e-07, 2.188786e-12, 7.409396e-10, 1.622239e-11, 1.108209e-12, -1.888101e-08, -9.478235e-07, -1.890420e-08, 4.116933e-12, 7.525294e-11, -7.407583e-10, -1.314100e-12, -5.540526e-12, -9.225644e-12, -7.317583e-09, -1.355734e-12, 7.331358e-09, 1.059127e-11, 2.588827e-12, 7.204425e-12, -5.498596e-12, -5.973290e-13
-9.354243e-02, 1.903039e-08, -2.488456e-12, -1.192074e-10, -1.636474e-11, -1.918650e-08, 9.649961e-07, -3.530220e-12, 8.217394e-10, 1.026068e-10, 4.655367e-11, -1.907475e-08, -9.646072e-07, -1.911447e-08, 4.289990e-11, 1.195418e-10, -8.186474e-10, 2.670569e-12, -5.648462e-11, -1.064987e-12, -7.395457e-09, -6.083920e-11, 7.379495e-09, -1.164535e-12, 4.464600e-11, 8.490657e-12, 4.983293e-13, 9.922953e-13
-9.202344e-02, 1.932655e-08, -2.424153e-11, 3.465875e-10, 4.637930e-11, -1.923828e-08, 9.950184e-07, -9.375348e-12, 9.447742e-10, -6.660752e-11, -9.605741e-11, -1.929715e-08, -9.956491e-07, -1.920899e-08, -1.114777e-10, -3.466803e-10, -9.294294e-10, 1.156548e-11, 1.394926e-10, 8.232619e-12, -7.480982e-09, 2.388420e-11, 7.436122e-09, -2.761991e-12, -7.568649e-11, -2.888362e-11, 2.513937e-11, -2.477782e-12
-9.050446e-02, 1.956368e-08, -8.408811e-12, 1.559689e-10, 2.567454e-11, -1.951270e-08, 1.025736e-06, 1.731581e-12, 1.059324e-09, -3.808249e-11, -6.134333e-11, -1.955202e-08, -1.026039e-06, -1.950568e-08, -5.836525e-11, -1.580028e-10, -1.056854e-09, -1.157953e-12, 7.915436e-11, -1.608017e-12, -7.577698e-09, 2.655869e-11, 7.558724e-09, 3.737161e-12, -5.776509e-11, -1.079752e-11, 5.368805e-12, -9.921718e-13
-8.898547e-02, 1.975021e-08, -3.593124e-11, 1.993552e-10, 1.504085e-11, -1.977433e-08, 1.058909e-06, -5.756290e-13, 1.192334e-09, 1.066054e-11, -3.627510e-11, -1.976058e-08, -1.059136e-06, -1.972642e-08, -3.894154e-11, -2.010548e-10, -1.177500e-09, -4.188432e-13, 5.394417e-11, 8.928808e-12, -7.688507e-09, -3.120362e-12, 7.645156e-09, -1.151285e-11, -3.400856e-11, -1.115338e-11, 1.302603e-11, 1.143970e-12
-8.746648e-02, 2.000406e-08, -9.780701e-11, 5.557172e-10, 5.879768e-11, -2.003396e-08, 1.094047e-06, 1.180980e-13, 1.315555e-09, 5.338206e-12, -2.717695e-11, -2.001509e-08, -1.094671e-06, -1.991208e-08, -9.133172e-11, -5.554398e-10, -1.297891e-09, 1.573281e-12, 9.417254e-11, 5.171113e-11, -7.813542e-09, -4.833642e-12, 7.719006e-09, -4.807824e-11, -6.460477e-11, -2.992129e-11, 3.655909e-11, -1.644107e-12
-8.594750e-02, 2.031169e-08, -8.444287e-11, 7.020460e-10, 8.101911e-11, -2.027851e-08, 1.131124e-06, 2.021679e-12, 1.442632e-09, -3.167932e-11, -1.386909e-10, -2.029629e-08, -1.131833e-06, -2.020663e-08, -1.812182e-10, -7.076382e-10, -1.417637e-09, 9.701834e-15, 2.213601e-10, 3.073963e-11, -7.920603e-09, 4.121183e-12, 7.841003e-09, -2.496050e-11, -1.355024e-10, -3.193762e-11, 4.054156e-11, -2.714154e-12
-8.442851e-02, 2.052871e-08, -1.055942e-10, 5.553739e-10, 6.469857e-11, -2.064998e-08, 1.170655e-06, 2.606647e-12, 1.573060e-09, 6.061436e-11, 7.688302e-12, -2.057195e-08, -1.171251e-06, -2.045578e-08, -8.525991e-11, -5.471449e-10, -1.555442e-09, 9.204999e-13, 7.023171e-11, 6.029505e-11, -8.055171e-09, -2.236945e-11, 7.924428e-09, -5.304597e-11, -4.669450e-11, -2.991200e-11, 3.918160e-11, -3.168947e-12
-8.290952e-02, 2.088677e-08, -3.195344e-11, 2.656026e-10, 2.529720e-11, -2.093677e-08, 1.211863e-06, 6.444316e-13, 1.705488e-09, 2.548517e-11, -9.897801e-11, -2.090479e-08, -1.212104e-06, -2.085992e-08, -7.914450e-11, -2.724066e-10, -1.696091e-09, -2.179168e-12, 1.206689e-10, -2.427487e-12, -8.152023e-09, -9.203117e-12, 8.099109e-09, -1.162628e-12, -8.718510e-11, -1.217982e-11, 1.249283e-11, 1.533738e-12
-8.139053e-02, 2.119852e-08, -2.423729e-11, 1.883996e-10, 2.444100e-11, -2.126093e-08, 1.256277e-06, 2.403875e-12, 1.845841e-09, 3.555242e-11, -5.819358e-11, -2.121769e-08, -1.256423e-06, -2.119457e-08, -6.307278e-11, -1.885097e-10, -1.828401e-09, -1.811800e-12, 8.370970e-11, -2.303308e-12, -8.281932e-09, -1.604328e-11, 8.233558e-09, 3.046892e-12, -5.030399e-11, -1.014665e-11, 1.212759e-11, -3.354522e-13
-7.987155e-02, 2.153481e-08, -7.488149e-11, 2.511073e-10, 2.155199e-11, -2.158078e-08, 1.303559e-06, 1.683178e-12, 1.984083e-09, 1.504221e-11, 9.266934e-11, -2.154565e-08, -1.304210e-06, -2.143953e-08, 1.126612e-11, -2.473075e-10, -1.972412e-09, 1.325604e-13, -5.302414e-11, 5.401777e-11, -8.440197e-09, -1.085697e-11, 8.338825e-09, -5.012588e-11, 2.451142e-11, -3.026413e-11, 2.193806e-11, -1.722319e-12
-7.835256e-02, 2.189807e-08, -5.450561e-11, 2.648667e-10, 2.027686e-11, -2.202912e-08, 1.353026e-06, 4.171540e-12, 2.137469e-09, 8.014146e-11, -1.706271e-11, -2.194474e-08, -1.352922e-06, -2.193958e-08, -3.910861e-11, -2.682884e-10, -2.117878e-09, -4.633574e-12, 4.433401e-11, 2.107360e-11, -8.559756e-09, -2.839498e-11, 8.513912e-09, -2.268793e-11, -2.921218e-11, -3.378994e-12, 1.584302e-11, 6.942598e-13
-7.683357e-02, 2.216165e-08, -7.728040e-11, 2.411058e-10, 1.577174e-11, -2.238031e-08, 1.407934e-06, 3.676383e-12, 2.279238e-09, 1.327527e-10, 5.248600e-11, -2.223613e-08, -1.407958e-06, -2.219942e-08, 6.329009e-12, -2.460245e-10, -2.267863e-09, -4.447048e-12, -2.455017e-11, 4.151748e-11, -8.734286e-09, -5.746001e-11, 8.634943e-09, -4.354080e-11, -2.976867e-12, -6.882687e-12, 1.747708e-11, 8.621275e-13
-7.531458e-02, 2.267143e-08, 3.205983e-12, 3.170295e-11, 5.529073e-12, -2.268691e-08, 1.466596e-06, -8.440642e-13, 2.429984e-09, 3.870602e-12, -1.447192e-11, -2.267735e-08, -1.466721e-06, -2.264574e-08, -1.790220e-11, -3.888152e-11, -2.432135e-09, 8.806288e-13, 2.025797e-11, -4.150202e-13, -8.856967e-09, 5.405310e-12, 8.839397e-09, 2.286954e-12, -8.568940e-12, -6.964643e-12, 1.921344e-12, -9.689515e-13
-7.379560e-02, 2.307965e-08, -9.274055e-12, 4.216517e-11, 5.701660e-13, -2.312702e-08, 1.527859e-06, -3.957302e-12, 2.595353e-09, 2.874585e-11, -8.684160e-12, -2.309914e-08, -1.527796e-06, -2.309566e-08, -7.468030e-12, -4.888850e-11, -2.591844e-09, 2.908962e-12, 1.248901e-11, 1.718074e-12, -9.024921e-09, -7.193942e-12, 9.012480e-09, -2.954855e-12, -8.593311e-12, 4.586914e-13, 5.382094e-12, 4.636544e-13
-7.227661e-02, 2.346839e-08, -1.840166e-12, 2.417345e-11, -2.233894e-14, -2.353194e-08, 1.594679e-06, -1.033476e-12, 2.759532e-09, 4.153340e-11, -1.397495e-11, -2.348938e-08, -1.594531e-06, -2.350105e-08, -8.810821e-12, -2.726601e-11, -2.757605e-09, 5.534365e-13, 1.446122e-11, -1.807990e-12, -9.193587e-09, -2.327761e-11, 9.186491e-09, 9.066225e-13, -5.955847e-12, 2.970726e-12, 1.721417e-12, 3.676352e-13
-7.075762e-02, 2.396177e-08, -6.611225e-12, -3.778962e-11, -7.608765e-12, -2.400524e-08, 1.664744e-06, -7.680492e-13, 2.936380e-09, 3.099921e-11, 3.399341e-11, -2.397609e-08, -1.664517e-06, -2.400365e-08, 2.518245e-11, 3.370374e-11, -2.933975e-09, 3.427108e-13, -3.739555e-11, 5.979849e-12, -9.377356e-09, -2.124997e-11, 9.388959e-09, -6.629105e-12, 2.344494e-11, 6.056187e-12, 4.388366e-13, 2.383846e-13
-6.923863e-02, 2.444003e-08, -1.481187e-11, 4.176896e-11, 2.985075e-13, -2.444198e-08, 1.741311e-06, -6.465351e-13, 3.114539e-09, 3.457620e-12, 8.022286e-12, -2.444165e-08, -1.741190e-06, -2.445917e-08, 2.537558e-12, -4.540437e-11, -3.113694e-09, 5.501322e-15, -4.748843e-12, 6.906279e-12, -9.570977e-09, -2.779341e-12, 9.585380e-09, -8.070137e-12, 1.488270e-12, 4.169378e-12, 3.807044e-12, 4.810600e-13
-6.771965e-02, 2.504019e-08, -9.300652e-12, 6.740362e-12, -1.596874e-12, -2.505397e-08, 1.821113e-06, -3.157039e-13, 3.305438e-09, 1.913134e-12, -2.096901e-12, -2.504589e-08, -1.821343e-06, -2.500142e-08, 2.191331e-12, -1.721302e-11, -3.307098e-09, -8.635613e-13, 1.468802e-12, -2.227946e-14, -9.814735e-09, 9.785814e-12, 9.781467e-09, -1.818450e-12, -5.338824e-12, -9.215567e-12, 1.450803e-12, 6.927772e-13
-6.620066e-02, 2.558204e-08, -4.311349e-12, -1.173026e-10, -1.695704e-11, -2.562295e-08, 1.909019e-06, -2.702178e-12, 3.505419e-09, 2.414431e-11, 6.495097e-11, -2.559715e-08, -1.908970e-06, -2.559318e-08, 5.542415e-11, 1.091837e-10, -3.502178e-09, 1.708367e-12, -7.697474e-11, 8.166646e-12, -1.002933e-08, -5.552381e-12, 1.001937e-08, -9.592575e-12, 4.070161e-11, -7.047958e-13, -2.402968e-12, 5.371660e-13
-6.468167e-02, 2.610482e-08, 5.609721e-12, -8.894250e-11, -1.393239e-11, -2.617390e-08, 2.005293e-06, 8.264443e-13, 3.710053e-09, 4.619704e-11, 3.334171e-11, -2.612849e-08, -2.005067e-06, -2.615038e-08, 3.127389e-11, 8.616865e-11, -3.705372e-09, -1.366834e-12, -4.449438e-11, -3.963603e-13, -1.025286e-08, -2.555117e-11, 1.025286e-08, -4.060572e-13, 3.653387e-11, 4.890058e-12, -3.805408e-12, 3.285621e-13
-6.316269e-02, 2.676926e-08, 1.691307e-11, -1.164743e-10, -1.231850e-11, -2.678307e-08, 2.107437e-06, -7.615537e-13, 3.928600e-09, 1.236412e-11, 1.767434e-11, -2.677598e-08, -2.107231e-06, -2.680426e-08, 2.535658e-11, 1.130863e-10, -3.923744e-09, 4.727693e-13, -3.126385e-11, -6.970888e-12, -1.049909e-08, -7.792280e-12, 1.051740e-08, 6.629014e-12, 2.281696e-11, 6.155816e-12, -6.117719e-12, 1.079415e-13
-6.164370e-02, 2.742837e-08, 4.511228e-12, -5.157944e-11, -8.503523e-12, -2.742491e-08, 2.219051e-06, -7.593626e-13, 4.157003e-09, 1.040860e-12, 1.295849e-11, -2.743006e-08, -2.218839e-06, -2.746154e-08, 1.418449e-11, 4.842958e-11, -4.149420e-09, 3.022959e-13, -1.921949e-11, -2.603656e-12, -1.076143e-08, 1.471928e-12, 1.078674e-08, 1.959747e-12, 1.854385e-11, 6.188180e-12, -1.268998e-12, 2.523988e-13
-6.012471e-02, 2.817147e-08, -7.344719e-12, 4.215425e-11, 3.659533e-12, -2.811165e-08, 2.339642e-06, 2.069390e-13, 4.395762e-09, -3.684408e-11, -6.767189e-12, -2.815377e-08, -2.339572e-06, -2.817172e-08, -9.402186e-12, -4.503919e-11, -4.391214e-09, -4.397563e-13, 1.194380e-11, 1.738020e-12, -1.104484e-08, 2.246351e-11, 1.107666e-08, -1.820412e-12, -9.880236e-12, 2.690715e-12, 2.696146e-12, -3.752691e-15
-5.860572e-02, 2.888828e-08, 3.073795e-11, -1.088675e-10, -1.188077e-11, -2.891964e-08, 2.471468e-06, -3.291658e-12, 4.644423e-09, 1.736250e-11, -1.489118e-11, -2.889637e-08, -2.471559e-06, -2.887782e-08, 6.557858e-12, 1.071597e-10, -4.646435e-09, 3.035240e-12, -8.523705e-13, -1.505419e-11, -1.137711e-08, -9.374285e-12, 1.135458e-08, 1.473669e-11, 1.182269e-11, -4.156938e-12, -6.525194e-12, 1.221954e-13
-5.708674e-02, 2.978813e-08, 1.421907e-11, -1.041582e-10, -1.161444e-11, -2.976598e-08, 2.613046e-06, -3.097010e-12, 4.913741e-09, -2.634407e-11, 2.653580e-11, -2.977211e-08, -2.613630e-06, -2.968685e-08, 2.407728e-11, 1.012746e-10, -4.922490e-09, 3.100517e-12, -3.496173e-11, -4.027102e-12, -1.172968e-08, 1.854670e-11, 1.167420e-08, 4.763339e-12, 2.727307e-11, -2.107549e-11, -2.478528e-12, -3.856864e-13
-5.556775e-02, 3.061091e-08, -4.443055e-11, 2.302043e-10, 1.468641e-11, -3.058767e-08, 2.771191e-06, 3.288711e-12, 5.196060e-09, -2.462279e-11, -1.515618e-11, -3.059609e-08, -2.771684e-06, -3.052624e-08, -3.545746e-11, -2.353254e-10, -5.203042e-09, -4.048637e-12, 3.909594e-11, 1.797223e-11, -1.206432e-08, 1.695691e-11, 1.201857e-08, -1.913629e-11, -2.466375e-11, -1.726720e-11, 1.316588e-11, 4.655821e-13
-5.404876e-02, 3.145571e-08, 3.890631e-11, -9.915722e-11, -3.145506e-12, -3.153664e-08, 2.944261e-06, -8.082971e-13, 5.496483e-09, 4.888897e-11, -3.964160e-11, -3.147996e-08, -2.944331e-06, -3.145695e-08, -1.447324e-11, 1.004127e-10, -5.500852e-09, 1.195478e-12, 2.798947e-11, -2.281087e-11, -1.243317e-08, -2.658935e-11, 1.239343e-08, 2.418438e-11, -3.505411e-12, -3.709672e-12, -7.806967e-12, -6.233116e-13
-5.252977e-02, 3.244734e-08, 4.241643e-11, -1.736095e-10, -1.423514e-11, -3.250661e-08, 3.133340e-06, -2.927498e-12, 5.820985e-09, 3.760181e-11, -7.056411e-12, -3.246758e-08, -3.133281e-06, -3.246614e-08, 1.595516e-11, 1.727149e-10, -5.821104e-09, 3.057578e-12, -1.404769e-11, -1.964305e-11, -1.282291e-08, -1.851646e-11, 1.280576e-08, 2.034587e-11, 2.267209e-11, 9.452633e-13, -1.014082e-11, -3.428911e-13
-5.101079e-02, 3.347364e-08, 4.725077e-11, -1.942636e-10, -1.388905e-11, -3.362849e-08, 3.341554e-06, -3.821842e-12, 6.168090e-09, 1.015461e-10, -2.888916e-11, -3.352554e-08, -3.341237e-06, -3.354881e-08, 1.201310e-11, 1.931725e-10, -6.161857e-09, 3.387776e-12, 2.577669e-12, -2.693912e-11, -1.326136e-08, -5.528621e-11, 1.323605e-08, 2.595453e-11, 6.329486e-12, 6.158236e-12, -1.260516e-11, 4.445140e-13
-4.949180e-02, 3.463163e-08, 2.638913e-13, 1.671881e-11, -1.254187e-12, -3.473391e-08, 3.572353e-06, -8.416207e-13, 6.532176e-09, 6.396467e-11, -1.750496e-11, -3.466422e-08, -3.572279e-06, -3.465804e-08, -8.895230e-12, -2.101443e-11, -6.531659e-09, 1.715479e-13, 1.632167e-11, -3.004967e-12, -1.372675e-08, -3.304217e-11, 1.369543e-08, 1.819104e-12, -5.412315e-12, -5.295819e-13, 8.201125e-13, 4.943146e-13
-4.797281e-02, 3.586418e-08, 2.350358e-11, -5.107354e-11, -2.313016e-12, -3.596189e-08, 3.827957e-06, -1.559909e-12, 6.928166e-09, 6.306043e-11, -2.988692e-11, -3.589520e-08, -3.827855e-06, -3.589839e-08, -1.301714e-11, 5.151253e-11, -6.925258e-09, 1.624370e-12, 2.371340e-11, -1.545744e-11, -1.422741e-08, -3.476245e-11, 1.419839e-08, 1.600063e-11, -4.807446e-12, 1.123237e-12, -3.366353e-12, -2.498832e-13
-4.645382e-02, 3.713529e-08, 1.490113e-11, -5.193927e-11, -6.322296e-12, -3.735184e-08, 4.112604e-06, -2.526730e-12, 7.355313e-09, 1.451716e-10, -1.694782e-11, -3.720688e-08, -4.112073e-06, -3.725351e-08, 2.394029e-12, 4.647288e-11, -7.349095e-09, 1.851350e-12, 5.896169e-12, -7.589833e-12, -1.476547e-08, -8.880216e-11, 1.474353e-08, 6.292945e-12, -1.647139e-13, 1.146396e-11, -3.928680e-12, 5.327214e-13
-4.493484e-02, 3.887176e-08, -3.925840e-11, 2.087194e-10, 1.256913e-11, -3.883675e-08, 4.423383e-06, 3.780568e-12, 7.815264e-09, -3.766714e-11, 2.213693e-11, -3.885377e-08, -4.424055e-06, -3.875492e-08, -2.490421e-11, -2.064501e-10, -7.826957e-09, -3.023427e-12, 7.714749e-12, 2.282376e-11, -1.538730e-08, 4.086313e-11, 1.532705e-08, -2.022930e-11, 9.546778e-13, -2.151350e-11, 1.430657e-11, -1.195811e-12
-4.341585e-02, 4.051064e-08, 4.025942e-11, -2.711611e-10, -2.566209e-11, -4.040164e-08, 4.778030e-06, -8.655044e-12, 8.309606e-09, -8.809274e-11, 8.123099e-11, -4.046663e-08, -4.778957e-06, -4.034035e-08, 7.738024e-11, 2.729623e-10, -8.330029e-09, 9.296010e-12, -1.111092e-10, 2.679935e-12, -1.603207e-08, 6.714834e-11, 1.597252e-08, -3.358703e-13, 6.956949e-11, -2.685964e-11, -1.193724e-11, -1.081842e-12
-4.189686e-02, 4.206099e-08, 1.850709e-11, -7.152886e-11, -9.757106e-12, -4.213207e-08, 5.181871e-06, -2.749153e-12, 8.859683e-09, 4.842323e-11, 1.587933e-11, -4.208676e-08, -5.181594e-06, -4.211593e-08, 1.547335e-11, 7.237827e-11, -8.849493e-09, 3.057965e-12, -2.541171e-11, -6.143606e-13, -1.669495e-08, -2.404299e-11, 1.669742e-08, 1.774006e-12, 2.908911e-11, 5.631267e-12, -3.251168e-12, -5.369992e-13
-4.037788e-02, 4.424460e-08, -1.144630e-10, 4.244362e-10, 1.175040e-11, -4.388625e-08, 5.628970e-06, 8.856082e-12, 9.443381e-09, -2.421642e-10, 9.022565e-11, -4.412144e-08, -5.629887e-06, -4.403537e-08, -5.767500e-12, -4.302744e-10, -9.462158e-09, -9.391198e-12, -3.783734e-11, 6.257091e-11, -1.744636e-08, 1.391004e-10, 1.749064e-08, -6.332357e-11, 1.887695e-11, -2.173240e-11, 2.982521e-11, 2.697268e-13
-3.885889e-02, 4.632011e-08, -1.731337e-10, 7.097618e-10, 2.945471e-11, -4.612336e-08, 6.138899e-06, 1.623496e-11, 1.010062e-08, -1.366013e-10, 1.043537e-10, -4.624766e-08, -6.139482e-06, -4.619032e-08, -4.308620e-11, -7.125447e-10, -1.010777e-08, -1.624188e-11, -1.222916e-11, 8.811175e-11, -1.830913e-08, 8.089328e-11, 1.832719e-08, -8.757528e-11, 3.223767e-12, -1.707200e-11, 4.780143e-11, -2.966026e-13
-3.733990e-02, 4.842742e-08, -1.476830e-10, 5.743492e-10, 1.981203e-11, -4.851100e-08, 6.728050e-06, 1.331542e-11, 1.080823e-08, 5.031654e-11, 7.857619e-11, -4.844565e-08, -6.728036e-06, -4.843561e-08, -3.273797e-11, -5.825003e-10, -1.081067e-08, -1.430068e-11, -5.964890e-12, 6.677982e-11, -1.924649e-08, -3.278233e-11, 1.922911e-08, -6.874500e-11, -2.060545e-12, -5.214888e-12, 3.972562e-11, 8.168842e-13
-3.582091e-02, 5.086891e-08, -1.194954e-10, 1.316736e-10, -3.083830e-11, -5.077140e-08, 7.408902e-06, 8.902099e-12, 1.158685e-08, -5.537179e-11, 3.227390e-10, -5.084037e-08, -7.408672e-06, -5.088876e-08, 1.588995e-10, -1.298385e-10, -1.158171e-08, -8.400471e-12, -2.996916e-10, 1.047671e-10, -2.021622e-08, 1.726658e-11, 2.028303e-08, -1.030876e-10, 1.808845e-10, 8.309706e-12, 1.967771e-11, -7.720458e-13
-3.430193e-02, 5.406866e-08, -1.806347e-10, 6.077114e-10, 5.302987e-12, -5.371594e-08, 8.170570e-06, 1.388159e-11, 1.246948e-08, -2.318709e-10, 2.063486e-10, -5.396172e-08, -8.171030e-06, -5.393435e-08, 3.199713e-11, -6.116257e-10, -1.247566e-08, -1.419192e-11, -1.296464e-10, 1.102634e-10, -2.136668e-08, 1.426389e-10, 2.145272e-08, -1.103269e-10, 7.268816e-11, -5.941394e-12, 4.489350e-11, -2.802318e-14
-3.278294e-02, 5.664591e-08, -9.264084e-11, 1.594630e-10, -2.729352e-11, -5.688653e-08, 9.092461e-06, 5.129566e-12, 1.342472e-08, 1.643093e-10, 2.207332e-10, -5.672721e-08, -9.091770e-06, -5.679375e-08, 1.031685e-10, -1.608636e-10, -1.341419e-08, -5.304425e-12, -2.029219e-10, 7.707765e-11, -2.265828e-08, -1.021729e-10, 2.264420e-08, -7.735523e-11, 1.336788e-10, 1.546334e-11, 1.871201e-11, 1.112943e-13
-3.126395e-02, 6.068461e-08, -1.771602e-10, 7.035185e-10, 7.156391e-12, -6.045194e-08, 1.012975e-05, 9.235220e-12, 1.452750e-08, -1.532041e-10, 1.839764e-10, -6.062028e-08, -1.012991e-05, -6.061201e-08, 1.787142e-12, -7.038909e-10, -1.453047e-08, -9.026297e-12, -9.634517e-11, 1.157697e-10, -2.406504e-08, 1.023904e-10, 2.414356e-08, -1.142523e-10, 6.155446e-11, -2.321124e-13, 5.094923e-11, -7.321015e-13
-2.974496e-02, 6.483565e-08, -2.397575e-10, 8.660783e-10, 1.734156e-11, -6.378913e-08, 1.138740e-05, 1.882542e-11, 1.573591e-08, -6.800151e-10, 2.120530e-10, -6.452854e-08, -1.138827e-05, -6.451244e-08, 1.594758e-12, -8.724616e-10, -1.574827e-08, -1.960302e-11, -1.007441e-10, 1.328072e-10, -2.554042e-08, 4.079003e-10, 2.585291e-08, -1.342036e-10, 4.228807e-11, -2.112994e-12, 6.074022e-11, 5.738459e-13
-2.822598e-02, 6.934099e-08, -1.079769e-10, 5.502877e-10, 3.243205e-11, -6.852731e-08, 1.286927e-05, 1.320979e-11, 1.712483e-08, -5.356026e-10, -6.481667e-11, -6.908284e-08, -1.287051e-05, -6.900691e-08, -9.865162e-11, -5.626234e-10, -1.714525e-08, -1.496368e-11, 1.254727e-10, 2.258905e-11, -2.744119e-08, 3.108437e-10, 2.762436e-08, -2.755483e-11, -9.086344e-11, -1.992028e-11, 2.970245e-11, 2.197368e-12
-2.670699e-02, 7.400459e-08, -7.682476e-11, 3.165978e-10, 9.765073e-12, -7.414728e-08, 1.465898e-05, 5.581449e-12, 1.873558e-08, 1.200161e-10, 5.778778e-11, -7.406977e-08, -1.465751e-05, -7.425908e-08, -1.307790e-11, -3.158279e-10, -1.870350e-08, -5.662175e-12, -1.695265e-11, 4.045310e-11, -2.954622e-08, -9.515722e-11, 2.966016e-08, -4.002564e-11, 8.483195e-13, 3.924477e-11, 2.153405e-11, -2.010284e-13
-2.518800e-02, 7.986756e-08, -1.420627e-10, 5.484937e-10, 8.510815e-12, -7.979566e-08, 1.684890e-05, 1.495579e-11, 2.052298e-08, -4.975436e-11, 1.370705e-10, -7.982938e-08, -1.684916e-05, -7.980943e-08, -5.048059e-12, -5.463357e-10, -2.053272e-08, -1.462936e-11, -6.538435e-11, 8.016340e-11, -3.197489e-08, 9.423144e-12, 3.199022e-08, -7.914496e-11, 4.529625e-11, -9.997869e-12, 3.784755e-11, -4.583248e-13
-2.366901e-02, 8.717998e-08, -1.207634e-10, -2.586007e-10, -8.822237e-11, -8.680630e-08, 1.949411e-05, -5.078192e-12, 2.263487e-08, -2.756865e-10, 5.905407e-10, -8.702766e-08, -1.949624e-05, -8.677542e-08, 3.660296e-10, 2.615889e-10, -2.270277e-08, 5.473006e-12, -6.124796e-10, 1.529594e-10, -3.482164e-08, 1.606724e-10, 3.475431e-08, -1.511234e-10, 3.353795e-10, -5.371391e-11, 8.457871e-12, -8.465249e-13
-2.215003e-02, 9.513466e-08, -9.487301e-11, 8.708076e-11, -2.544689e-11, -9.480416e-08, 2.284957e-05, 7.738204e-12, 2.515644e-08, -2.221484e-10, 2.709943e-10, -9.503141e-08, -2.285022e-05, -9.497047e-08, 1.345719e-10, -8.213035e-11, -2.518132e-08, -7.108524e-12, -2.519423e-10, 8.558053e-11, -3.803201e-08, 1.279835e-10, 3.809458e-08, -8.369585e-11, 1.421439e-10, -1.004543e-11, 1.374091e-11, -8.392334e-13
-2.063104e-02, 1.043964e-07, -2.126461e-11, -1.659995e-11, -8.028463e-12, -1.043105e-07, 2.708477e-05, 3.290255e-12, 2.810650e-08, -5.773469e-11, 9.057187e-11, -1.043644e-07, -2.708502e-05, -1.043445e-07, 4.755530e-11, 2.079368e-11, -2.811341e-08, -2.773240e-12, -8.714782e-11, 2.370824e-11, -4.190204e-08, 2.586971e-11, 4.190725e-08, -2.211105e-11, 5.175701e-11, -5.218580e-12, 1.593120e-12, -7.100493e-13
-1.911205e-02, 1.158699e-07, -4.555380e-12, -6.473124e-10, -8.637519e-11, -1.157793e-07, 3.252822e-05, -9.978676e-12, 3.163506e-08, -8.004133e-11, 4.374445e-10, -1.158113e-07, -3.252950e-05, -1.156525e-07, 3.379717e-10, 6.500204e-10, -3.167766e-08, 1.030303e-11, -5.133920e-10, 8.044517e-11, -4.658153e-08, 4.179160e-11, 4.649021e-08, -7.945626e-11, 2.908982e-10, -3.514434e-11, -2.300012e-11, -4.384129e-13
-1.759306e-02, 1.295734e-07, 7.970014e-11, -5.462706e-10, -4.170740e-11, -1.303513e-07, 3.966537e-05, -1.698621e-11, 3.599261e-08, 4.964093e-10, 1.242589e-10, -1.298008e-07, -3.966510e-05, -1.297482e-07, 1.427356e-10, 5.521068e-10, -3.600051e-08, 1.775256e-11, -1.900620e-10, 2.085894e-12, -5.232157e-08, -2.729643e-10, 5.205367e-08, 1.796350e-13, 1.131957e-10, -6.785165e-12, -2.660086e-11, -1.011370e-12
-1.607408e-02, 1.466706e-07, -5.065654e-11, -4.079279e-10, -7.124252e-11, -1.471066e-07, 4.936454e-05, 1.216752e-12, 4.131547e-08, 2.504898e-10, 4.616214e-10, -1.467591e-07, -4.936586e-05, -1.465377e-07, 3.070290e-10, 4.173440e-10, -4.136370e-08, -3.783595e-14, -5.020682e-10, 9.997022e-11, -5.929281e-08, -1.302773e-10, 5.899488e-08, -9.619485e-11, 2.916220e-10, -4.707984e-11, -9.685096e-12, -1.692978e-12
-1.455509e-02, 1.687463e-07, -1.034081e-10, -1.376014e-09, -2.220097e-10, -1.689438e-07, 6.273445e-05, -1.351656e-11, 4.809802e-08, 6.248718e-11, 1.257376e-09, -1.687178e-07, -6.273787e-05, -1.682510e-07, 8.886842e-10, 1.388586e-09, -4.820393e-08, 1.517443e-11, -1.404448e-09, 2.617153e-10, -6.819986e-08, -1.146302e-11, 6.777335e-08, -2.567206e-10, 8.010594e-10, -1.005795e-10, -3.657061e-11, -2.239927e-12
-1.303610e-02, 1.960706e-07, 2.297661e-11, -2.421729e-09, -3.053808e-10, -1.980252e-07, 8.200571e-05, -4.052492e-11, 5.693434e-08, 1.214702e-09, 1.515601e-09, -1.965725e-07, -8.200710e-05, -1.961943e-07, 1.185683e-09, 2.435691e-09, -5.701417e-08, 4.229393e-11, -1.796014e-09, 2.623269e-10, -7.984999e-08, -6.748014e-10, 7.898290e-08, -2.568709e-10, 1.019489e-09, -7.862173e-11, -8.747218e-11, -2.448216e-12
-1.151712e-02, 2.337256e-07, -1.199137e-10, -1.703062e-09, -2.758063e-10, -2.362220e-07, 1.108645e-04, -2.053507e-11, 6.875342e-08, 1.535024e-09, 1.519039e-09, -2.343483e-07, -1.108670e-04, -2.337681e-07, 1.081778e-09, 1.715186e-09, -6.888960e-08, 2.208349e-11, -1.703835e-09, 3.143765e-10, -9.529742e-08, -8.487917e-10, 9.413719e-08, -3.096183e-10, 9.684798e-10, -1.190295e-10, -4.487214e-11, -2.139254e-12
-9.998128e-03, 2.869015e-07, 3.938589e-10, -2.981686e-09, -2.224854e-10, -2.884188e-07, 1.565452e-04, -8.276598e-11, 8.530384e-08, 9.216025e-10, 5.917622e-10, -2.872485e-07, -1.565476e-04, -2.867980e-07, 7.598484e-10, 2.982543e-09, -8.540838e-08, 8.287724e-11, -9.618452e-10, -4.117241e-11, -1.164372e-07, -5.144806e-10, 1.156453e-07, 4.154661e-11, 5.396292e-10, -9.832956e-11, -1.426095e-10, -1.679921e-13
-8.479141e-03, 3.628224e-07, -2.494043e-10, -3.327397e-09, -5.609353e-10, -3.659671e-07, 2.345610e-04, -4.634945e-11, 1.092462e-07, 1.775780e-09, 2.991180e-09, -3.633428e-07, -2.345736e-04, -3.614232e-07, 2.151647e-09, 3.335950e-09, -1.097427e-07, 4.747535e-11, -3.375962e-09, 6.309265e-10, -1.482378e-07, -9.778339e-10, 1.458644e-07, -6.275999e-10, 1.913595e-09, -4.102709e-10, -8.830933e-11, -1.495688e-12
-6.960154e-03, 4.834261e-07, -8.083760e-10, -6.365326e-09, -1.259737e-09, -4.839416e-07, 3.813833e-04, -6.587263e-11, 1.471851e-07, -3.290583e-12, 6.907705e-09, -4.830736e-07, -3.814013e-04, -4.807098e-07, 4.778470e-09, 6.383317e-09, -1.478202e-07, 6.804592e-11, -7.647817e-09, 1.522188e-09, -1.967221e-07, 4.657195e-11, 1.948177e-07, -1.515279e-09, 4.375869e-09, -5.134979e-10, -1.288969e-10, -3.109693e-12
-6.000000e-03, 5.999541e-07, 2.408781e-10, -9.751848e-10, -1.352714e-11, -6.027310e-07, 5.500675e-04, -3.751081e-11, 1.845741e-07, 1.625176e-09, -2.203754e-10, -6.004480e-07, -5.500763e-04, -5.991042e-07, 1.302435e-11, 9.736259e-10, -1.849353e-07, 3.727856e-11, 1.052153e-10, -1.273130e-10, -2.443047e-07, -9.421925e-10, 2.424780e-07, 1.266273e-10, -7.154363e-11, -2.977370e-10, -5.607751e-11, 3.082518e-13
-5.285106e-03, 7.242986e-07, -8.065299e-11, 2.283832e-09, 2.909909e-10, -7.264501e-07, 7.517768e-04, 5.113949e-11, 2.238027e-07, 1.316071e-09, -1.196887e-09, -7.247884e-07, -7.517800e-04, -7.241910e-07, -1.001654e-09, -2.279071e-09, -2.239586e-07, -5.061626e-11, 1.480055e-09, -1.797004e-10, -2.938883e-07, -7.459527e-10, 2.928120e-07, 1.813940e-10, -8.662315e-10, -1.293955e-10, 8.162224e-11, -7.602602e-13
-4.653191e-03, 8.738328e-07, 8.477591e-10, -1.308597e-09, 2.450613e-10, -8.745967e-07, 1.029939e-03, -8.251485e-11, 2.710368e-07, 3.340915e-10, -2.047645e-09, -8.737882e-07, -1.029948e-03, -8.725702e-07, -9.631625e-10, 1.311425e-09, -2.713640e-07, 8.278789e-11, 1.870279e-09, -6.672012e-10, -3.542260e-07, -1.672208e-10, 3.530868e-07, 6.681294e-10, -1.096802e-09, -2.652105e-10, -1.350580e-10, -4.154610e-13
-4.094809e-03, 1.053315e-06, 2.740740e-10, 1.693992e-09, 3.749162e-10, -1.055130e-06, 1.413807e-03, 1.405951e-11, 3.284558e-07, 9.885280e-10, -2.032397e-09, -1.053493e-06, -1.413818e-03, -1.051987e-06, -1.366315e-09, -1.699230e-09, -3.288725e-07, -1.467532e-11, 2.213765e-09, -4.600226e-10, -4.276225e-07, -5.714762e-10, 4.259622e-07, 4.581055e-10, -1.292565e-09, -3.323547e-10, 2.212969e-11, 8.615565e-13
-3.601570e-03, 1.267419e-06, 9.842314e-10, -4.683255e-09, -1.771361e-10, -1.275550e-06, 1.944500e-03, -1.782721e-10, 3.983611e-07, 5.231675e-09, -4.455362e-10, -1.269616e-06, -1.944499e-03, -1.269026e-06, 4.035964e-10, 4.670608e-09, -3.984988e-07, 1.768026e-10, -1.061408e-10, -4.205080e-10, -5.169137e-07, -3.005856e-09, 5.140672e-07, 4.158032e-10, 5.839181e-11, -1.299417e-10, -2.419319e-10, 2.117255e-12
-3.166031e-03, 1.541236e-06, 1.978072e-09, -2.559549e-09, 6.236353e-10, -1.543573e-06, 2.673600e-03, -1.915075e-10, 4.837037e-07, 1.232956e-09, -5.074502e-09, -1.541433e-06, -2.673615e-03, -1.539318e-06, -2.453827e-09, 2.553575e-09, -4.842819e-07, 1.908506e-10, 4.683688e-09, -1.612087e-09, -6.253173e-07, -6.819641e-10, 6.230489e-07, 1.609970e-09, -2.744280e-09, -4.625025e-10, -2.986113e-10, 9.503951e-13
-2.781585e-03, 1.864569e-06, 1.793493e-09, -5.168263e-10, 7.518393e-10, -1.866511e-06, 3.686974e-03, -1.641797e-10, 5.872495e-07, 1.038726e-09, -5.493863e-09, -1.864551e-06, -3.686995e-03, -1.862033e-06, -2.919179e-09, 5.084755e-10, -5.879553e-07, 1.631746e-10, 5.252281e-09, -1.614601e-09, -7.568712e-07, -5.911291e-10, 7.544150e-07, 1.611327e-09, -3.104822e-09, -5.580303e-10, -2.152079e-10, 1.471926e-12
-2.442367e-03, 2.266129e-06, 4.335974e-09, -9.221992e-09, 8.269078e-10, -2.266902e-06, 5.087424e-03, -4.997656e-10, 7.141453e-07, 6.042925e-11, -8.716073e-09, -2.265523e-06, -5.087453e-03, -2.261875e-06, -3.504792e-09, 9.206525e-09, -7.151520e-07, 4.980871e-10, 7.399148e-09, -3.102986e-09, -9.182283e-07, 1.260110e-11, 9.152681e-07, 3.097590e-09, -4.322403e-09, -8.044710e-10, -7.653225e-10, 2.427431e-12
-2.143177e-03, 2.722199e-06, -1.615016e-09, 1.675475e-08, 1.645092e-09, -2.757042e-06, 7.046667e-03, 4.651737e-10, 8.680342e-07, 2.288589e-08, -5.722429e-09, -2.732174e-06, -7.046644e-03, -2.732317e-06, -5.669125e-09, -1.676167e-08, -8.679427e-07, -4.660236e-10, 7.930808e-09, -4.544459e-10, -1.116052e-06, -1.323292e-08, 1.105914e-06, 4.518563e-10, -4.573325e-09, 2.256746e-11, 7.247806e-10, 1.158856e-12
-1.879402e-03, 3.346629e-06, 9.549208e-09, -3.024550e-08, 4.023986e-10, -3.343588e-06, 9.737609e-03, -1.307634e-09, 1.057647e-06, -2.446543e-09, -1.260079e-08, -3.344798e-06, -9.737648e-03, -3.340478e-06, -2.589095e-09, 3.022673e-08, -1.058851e-06, 1.305544e-09, 8.454158e-09, -5.635645e-09, -1.353112e-06, 1.500144e-09, 1.350799e-06, 5.628955e-09, -4.979286e-09, -9.479070e-10, -2.010419e-09, 3.008567e-12
-1.646949e-03, 4.019098e-06, -1.930080e-09, 1.937346e-08, 1.831035e-09, -4.071990e-06, 1.354152e-02, 5.255321e-10, 1.285617e-06, 3.392974e-08, -6.337863e-09, -4.032915e-06, -1.354153e-02, -4.027439e-06, -6.335930e-09, -1.940386e-08, -1.287127e-06, -5.290059e-10, 8.820018e-09, -4.538812e-10, -1.650405e-06, -1.965397e-08, 1.630776e-06, 4.426476e-10, -5.123251e-09, -1.210720e-09, 8.386848e-10, 5.053910e-12
-1.442193e-03, 4.902249e-06, 6.510860e-09, 1.258527e-08, 5.124141e-09, -4.920377e-06, 1.883149e-02, -1.846606e-10, 1.569389e-06, 1.281777e-08, -3.044105e-08, -4.909114e-06, -1.883141e-02, -4.916489e-06, -1.880316e-08, -1.258557e-08, -1.567253e-06, 1.845559e-10, 3.175564e-08, -7.751635e-09, -1.997164e-06, -7.419195e-09, 1.997309e-06, 7.751310e-09, -1.847598e-08, 1.615581e-09, -3.075213e-10, 1.473557e-13
-1.261919e-03, 5.967265e-06, -6.085635e-10, 4.016874e-08, 5.492722e-09, -5.963972e-06, 2.621746e-02, 8.963871e-10, 1.912359e-06, -1.007422e-09, -2.413273e-08, -5.968201e-06, -2.621740e-02, -5.976327e-06, -1.925178e-08, -4.016809e-08, -1.909987e-06, -8.962846e-10, 2.904622e-08, -4.119402e-09, -2.427207e-06, 6.335224e-10, 2.434145e-06, 4.119757e-09, -1.684463e-08, 1.773195e-09, 1.336622e-09, -1.597667e-13
-1.103278e-03, 7.272755e-06, 4.171517e-09, -8.323607e-09, 8.001317e-10, -7.260444e-06, 3.652620e-02, -4.755018e-10, 2.331829e-06, -7.158969e-09, -8.261960e-09, -7.270431e-06, -3.652617e-02, -7.275516e-06, -3.293141e-09, 8.323400e-09, -2.330354e-06, 4.755902e-10, 6.888406e-09, -2.967480e-09, -2.957668e-06, 4.192568e-09, 2.965034e-06, 2.967795e-09, -4.022738e-09, 1.105205e-09, -7.372735e-10, -1.419109e-13
-9.637457e-04, 8.852046e-06, 6.129972e-09, 9.968596e-09, 4.518902e-09, -8.860255e-06, 5.094057e-02, -2.125487e-10, 2.844511e-06, 6.215867e-09, -2.712793e-08, -8.855607e-06, -5.094052e-02, -8.860873e-06, -1.653189e-08, -9.950907e-09, -2.842977e-06, 2.143645e-10, 2.804154e-08, -7.025933e-09, -3.608227e-06, -3.573059e-09, 3.609714e-06, 7.031793e-09, -1.631598e-08, 1.146399e-09, -3.621249e-10, -2.633924e-12
-8.410872e-04, 1.080352e-05, 1.431685e-08, 1.040499e-07, 2.210818e-08, -1.083971e-05, 7.100984e-02, 1.145601e-09, 3.475840e-06, 2.741366e-08, -1.157621e-07, -1.082011e-05, -7.100959e-02, -1.084725e-05, -7.931682e-08, -1.040604e-07, -3.467949e-06, -1.146305e-09, 1.275416e-07, -2.576649e-08, -4.397573e-06, -1.582302e-08, 4.406972e-06, 2.576425e-08, -7.423341e-08, 5.936040e-09, 1.700743e-09, 1.002689e-12
-7.333229e-04, 1.315861e-05, 4.541550e-09, 4.157158e-08, 8.446861e-09, -1.317195e-05, 9.922855e-02, 6.074187e-10, 4.233567e-06, 1.112416e-08, -4.304257e-08, -1.316553e-05, -9.922844e-02, -1.317862e-05, -3.015434e-08, -4.153693e-08, -4.229749e-06, -6.039814e-10, 4.817461e-08, -9.334696e-09, -5.358548e-06, -6.258842e-09, 5.364357e-06, 9.345801e-09, -2.792944e-08, 2.865037e-09, 8.408072e-10, -4.991530e-12
-6.387006e-04, 1.602064e-05, 1.172920e-08, -1.732349e-08, 3.495644e-09, -1.599543e-05, 1.385984e-01, -1.192482e-09, 5.154260e-06, -1.453202e-08, -2.875464e-08, -1.601527e-05, -1.385984e-01, -1.602282e-05, -1.362331e-08, 1.735166e-08, -5.152060e-06, 1.195695e-09, 2.632972e-08, -9.267665e-09, -6.518012e-06, 8.584284e-09, 6.531042e-06, 9.278042e-09, -1.536871e-08, 1.625544e-09, -1.798045e-09, -4.669595e-12
-5.556695e-04, 1.932456e-05, -3.432938e-09, 1.528146e-07, 2.048904e-08, -1.964803e-05, 1.932101e-01, 3.535239e-09, 6.284172e-06, 2.251417e-07, -8.799412e-08, -1.944221e-05, -1.932090e-01, -1.955272e-05, -7.131426e-08, -1.526978e-07, -6.251974e-06, -3.522336e-09, 1.069846e-07, -1.458685e-08, -7.938088e-06, -1.304424e-07, 7.924767e-06, 1.462858e-08, -6.204713e-08, 2.421787e-08, 5.215347e-09, -1.877033e-11
-4.828576e-04, 2.353397e-05, -4.588528e-09, 1.121299e-07, 1.394668e-08, -2.357156e-05, 2.692789e-01, 2.726480e-09, 7.600912e-06, 3.061354e-08, -5.737597e-08, -2.355504e-05, -2.692785e-01, -2.359973e-05, -4.822899e-08, -1.120611e-07, -7.587896e-06, -2.719249e-09, 7.127132e-08, -8.694465e-09, -9.593670e-06, -1.762304e-08, 9.615591e-06, 8.717872e-09, -4.138025e-08, 9.778985e-09, 4.034079e-09, -1.052802e-11
-4.190514e-04, 2.834039e-05, 1.977917e-08, 2.180754e-07, 3.994797e-08, -2.846114e-05, 3.737323e-01, 2.984818e-09, 9.187329e-06, 1.007387e-07, -2.016191e-07, -2.840668e-05, -3.737311e-01, -2.854195e-05, -1.420488e-07, -2.180297e-07, -9.147878e-06, -2.979440e-09, 2.243316e-07, -4.316044e-08, -1.155654e-05, -5.720592e-08, 1.162134e-05, 4.317783e-08, -1.306961e-07, 2.960482e-08, 4.413252e-09, -7.827047e-12
-3.631779e-04, 3.427092e-05, -3.741682e-08, 1.807670e-07, 8.118939e-09, -3.400639e-05, 5.163614e-01, 6.630731e-09, 1.100726e-05, -1.756153e-07, 4.836407e-09, -3.419209e-05, -5.163616e-01, -3.417752e-05, -2.452736e-08, -1.807463e-07, -1.101153e-05, -6.628465e-09, 2.052582e-08, 1.400341e-08, -1.387820e-05, 1.016312e-07, 1.394485e-05, -1.399610e-08, -1.144726e-08, -3.210491e-09, 9.974818e-09, -3.285243e-12
-3.142886e-04, 4.068404e-05, -1.033884e-07, 6.137442e-07, 4.320677e-08, -4.058241e-05, 7.077627e-01, 2.138504e-08, 1.310789e-05, -5.990266e-08, -8.189689e-08, -4.066725e-05, -7.077623e-01, -4.072009e-05, -1.421511e-07, -6.137175e-07, -1.309246e-05, -2.138255e-08, 1.742018e-07, 2.172683e-08, -1.651330e-05, 3.475140e-08, 1.658187e-05, -2.171880e-08, -9.886093e-08, 1.153076e-08, 3.208753e-08, -3.608543e-12
-2.715453e-04, 4.788062e-05, -1.692080e-07, 7.381088e-07, 3.019387e-08, -4.748123e-05, 9.604013e-01, 2.909824e-08, 1.540404e-05, -2.512484e-07, 4.956265e-08, -4.778110e-05, -9.604011e-01, -4.784123e-05, -8.962323e-08, -7.380512e-07, -1.538646e-05, -2.909235e-08, 6.509342e-08, 6.841218e-08, -1.935979e-05, 1.463330e-07, 1.952123e-05, -6.839316e-08, -3.446513e-08, 1.311711e-08, 4.364178e-08, -8.552332e-12
-2.342079e-04, 5.538419e-05, -2.499396e-07, 1.135841e-06, 4.574906e-08, -5.510912e-05, 1.283474e+00, 4.316981e-08, 1.782861e-05, -1.709806e-07, 6.960802e-08, -5.532135e-05, -1.283474e+00, -5.538815e-05, -1.347401e-07, -1.135788e-06, -1.780914e-05, -4.316441e-08, 9.467420e-08, 1.002556e-07, -2.242984e-05, 9.929899e-08, 2.255962e-05, -1.002382e-07, -5.118515e-08, 1.458695e-08, 6.469913e-08, -7.844303e-12
-2.016224e-04, 6.275691e-05, -7.417493e-08, 4.912041e-07, 3.672644e-08, -6.214177e-05, 1.684562e+00, 1.618494e-08, 2.018096e-05, -4.020810e-07, -8.397897e-08, -6.258207e-05, -1.684563e+00, -6.258317e-05, -1.215712e-07, -4.911614e-07, -2.018068e-05, -1.618000e-08, 1.532601e-07, 1.103390e-08, -2.537974e-05, 2.332144e-07, 2.556078e-05, -1.101797e-08, -8.769409e-08, 2.223462e-10, 2.427704e-08, -7.167450e-12
-1.732120e-04, 6.945374e-05, -3.046465e-07, 1.306576e-06, 5.548452e-08, -6.886016e-05, 2.151365e+00, 5.259207e-08, 2.230854e-05, -3.843070e-07, 8.235485e-08, -6.930419e-05, -2.151365e+00, -6.939233e-05, -1.669521e-07, -1.306522e-06, -2.228278e-05, -5.258712e-08, 1.299394e-07, 1.220037e-07, -2.801440e-05, 2.216010e-07, 2.825220e-05, -1.219877e-07, -6.842750e-08, 1.925357e-08, 7.882236e-08, -7.208129e-12
-1.484674e-04, 7.414660e-05, -2.080532e-07, 8.302182e-07, 2.015252e-08, -7.335573e-05, 2.668789e+00, 3.331608e-08, 2.378546e-05, -5.337329e-07, 1.390797e-07, -7.390053e-05, -2.668790e+00, -7.381328e-05, -4.884442e-08, -8.302085e-07, -2.381100e-05, -3.331528e-08, -1.884506e-08, 9.791897e-08, -2.994012e-05, 3.081995e-07, 3.010691e-05, -9.791637e-08, 1.376464e-08, -1.911073e-08, 4.993180e-08, -1.167751e-12
-1.269396e-04, 7.576527e-05, -4.183736e-07, 2.435590e-06, 1.767910e-07, -7.533620e-05, 3.186048e+00, 8.695512e-08, 2.446567e-05, -2.414112e-07, -3.432785e-07, -7.570842e-05, -3.186047e+00, -7.598841e-05, -5.849750e-07, -2.435547e-06, -2.438380e-05, -8.695123e-08, 7.282961e-07, 8.591248e-08, -3.064252e-05, 1.414750e-07, 3.097466e-05, -8.589988e-08, -4.115296e-07, 6.120535e-08, 1.302124e-07, -5.663655e-12
-1.082327e-04, 7.466659e-05, -2.947446e-07, 1.342521e-06, 5.393797e-08, -7.355117e-05, 3.639033e+00, 5.093475e-08, 2.395726e-05, -7.337122e-07, 8.226145e-08, -7.435168e-05, -3.639034e+00, -7.436652e-05, -1.586480e-07, -1.342485e-06, -2.395290e-05, -5.093123e-08, 1.109267e-07, 1.181761e-07, -3.004299e-05, 4.244128e-07, 3.037989e-05, -1.181647e-07, -6.006704e-08, 3.194391e-09, 7.626921e-08, -5.113442e-12
-9.199783e-05, 7.003817e-05, -4.659051e-07, 1.670324e-06, 5.699831e-08, -6.834219e-05, 3.958516e+00, 7.643321e-08, 2.231743e-05, -1.145980e-06, 2.454748e-07, -6.950574e-05, -3.958519e+00, -6.929695e-05, -1.633946e-07, -1.670340e-06, -2.237843e-05, -7.643448e-08, 7.704307e-08, 2.083998e-07, -2.800961e-05, 6.621331e-07, 2.835141e-05, -2.084040e-07, -2.981672e-08, -4.570926e-08, 1.143732e-07, 1.851434e-12
-7.792758e-05, 6.115982e-05, 1.155041e-07, 8.099825e-08, 6.670625e-08, -6.110095e-05, 4.099430e+00, -7.147467e-09, 1.976519e-05, -3.217019e-08, -4.288228e-07, -6.114922e-05, -4.099430e+00, -6.117404e-05, -2.465945e-07, -8.100371e-08, -1.975795e-05, 7.146850e-09, 4.274408e-07, -1.173554e-07, -2.489781e-05, 1.937047e-08, 2.493373e-05, 1.173535e-07, -2.497964e-07, 5.421505e-09, -1.063709e-08, 8.979442e-13
-6.575139e-05, 5.125530e-05, -1.607208e-08, 6.933345e-07, 8.840843e-08, -5.105419e-05, 4.025117e+00, 1.526019e-08, 1.655496e-05, -1.260846e-07, -3.800215e-07, -5.119997e-05, -4.025117e+00, -5.120554e-05, -3.076466e-07, -6.933491e-07, -1.655333e-05, -1.526150e-08, 4.581004e-07, -6.256642e-08, -2.083732e-05, 7.414745e-08, 2.090093e-05, 6.256216e-08, -2.665098e-07, 1.205992e-09, 2.287120e-08, 1.913731e-12
-5.523117e-05, 4.080108e-05, 3.251655e-08, 4.635738e-07, 7.382504e-08, -4.071156e-05, 3.756791e+00, 6.022353e-09, 1.317776e-05, -5.286186e-08, -3.664311e-07, -4.077967e-05, -3.756791e+00, -4.079516e-05, -2.600826e-07, -4.635758e-07, -1.317324e-05, -6.022587e-09, 4.029459e-07, -7.728617e-08, -1.658868e-05, 3.147882e-08, 1.662677e-05, 7.728541e-08, -2.361935e-07, 3.378775e-09, 9.056987e-09, 3.405286e-13
-4.615748e-05, 3.080799e-05, -7.912721e-09, 1.030156e-07, 1.149837e-08, -3.083434e-05, 3.353799e+00, 2.835411e-09, 9.981034e-06, 2.321014e-08, -4.326333e-08, -3.081705e-05, -3.353799e+00, -3.082057e-05, -3.966296e-08, -1.030205e-07, -9.980009e-06, -2.835915e-09, 5.732520e-08, -4.967995e-09, -1.258108e-05, -1.230813e-08, 1.257665e-05, 4.966366e-09, -3.308195e-08, 7.704246e-10, 4.243288e-09, 7.325075e-13
-3.834621e-05, 2.240770e-05, 5.059062e-08, 1.861125e-07, 4.827537e-08, -2.233034e-05, 2.868594e+00, -3.582878e-10, 7.246685e-06, -4.540577e-08, -2.730258e-07, -2.238950e-05, -2.868594e+00, -2.240411e-05, -1.741522e-07, -1.861152e-07, -7.242409e-06, 3.580269e-10, 2.855527e-07, -6.671700e-08, -9.112488e-06, 2.708637e-08, 9.146302e-06, 6.671616e-08, -1.671012e-07, 3.187803e-09, -4.846035e-10, 3.798524e-13
-3.163562e-05, 1.556007e-05, -2.284988e-08, 1.819844e-07, 1.449687e-08, -1.555079e-05, 2.369513e+00, 5.458609e-09, 5.054490e-06, -7.326255e-10, -3.978966e-08, -1.556242e-05, -2.369513e+00, -1.558248e-05, -4.813703e-08, -1.819868e-07, -5.048622e-06, -5.458801e-09, 6.237377e-08, 8.550570e-10, -6.356030e-06, 1.069389e-09, 6.373828e-06, -8.556803e-10, -3.605176e-08, 4.379637e-09, 8.159332e-09, 2.796888e-13
-2.588369e-05, 1.051343e-05, 1.604235e-08, 1.470548e-07, 2.651031e-08, -1.057746e-05, 1.890575e+00, 1.514407e-09, 3.412713e-06, 4.563026e-08, -1.366635e-07, -1.053361e-05, -1.890575e+00, -1.054040e-05, -9.410401e-08, -1.470570e-07, -3.410737e-06, -1.514641e-09, 1.484268e-07, -3.015977e-08, -4.304749e-06, -2.586464e-08, 4.291355e-06, 3.015902e-08, -8.692227e-08, 1.484523e-09, 2.299009e-09, 3.405665e-13
-2.096579e-05, 6.908462e-06, 1.367657e-08, 1.208669e-07, 2.215047e-08, -6.863143e-06, 1.468360e+00, 1.222618e-09, 2.228531e-06, -3.159195e-08, -1.145442e-07, -6.892618e-06, -1.468361e+00, -6.879985e-06, -7.871430e-08, -1.208677e-07, -2.232221e-06, -1.222718e-09, 1.244249e-07, -2.534854e-08, -2.807286e-06, 1.822093e-08, 2.811238e-06, 2.534822e-08, -7.284274e-08, -2.758608e-09, 1.861803e-09, 1.449077e-13
-1.677263e-05, 4.383915e-06, -2.269930e-09, 1.163652e-08, 2.031998e-10, -4.412962e-06, 1.109069e+00, 3.618485e-10, 1.420785e-06, 1.920721e-08, 1.738363e-09, -4.393673e-06, -1.109069e+00, -4.400579e-06, -3.284452e-10, -1.163657e-08, -1.418771e-06, -3.618457e-10, -8.827681e-10, 1.095851e-09, -1.789609e-06, -1.126594e-08, 1.786094e-06, -1.095842e-09, 4.650192e-10, 1.507354e-09, 5.389747e-10, -4.016824e-15
-1.320845e-05, 2.706501e-06, -2.935156e-09, 2.757300e-08, 1.266542e-09, -2.718271e-06, 8.168866e-01, 6.139162e-10, 8.768959e-07, 7.989695e-09, -2.012277e-09, -2.710717e-06, -8.168865e-01, -2.714644e-06, -3.680857e-09, -2.757310e-08, -8.757500e-07, -6.139171e-10, 3.069857e-09, 6.326683e-10, -1.103467e-06, -4.667428e-09, 1.102876e-06, -6.326718e-10, -2.013409e-09, 8.558837e-10, 9.152487e-10, 1.462133e-15
-1.018937e-05, 1.621710e-06, -6.779895e-10, 3.434540e-09, 3.860142e-11, -1.629019e-06, 5.844504e-01, 1.049263e-10, 5.248986e-07, 4.893825e-09, 6.296470e-10, -1.623946e-06, -5.844504e-01, -1.624606e-06, -9.830769e-12, -3.434469e-09, -5.247082e-07, -1.049234e-10, -4.134709e-10, 3.462468e-10, -6.612093e-07, -2.834272e-09, 6.595605e-07, -3.462370e-10, 2.229598e-10, 1.443007e-10, 1.556740e-10, -4.360651e-15
-7.642031e-06, 9.383997e-07, -1.540550e-10, 7.312652e-09, 7.368261e-11, -9.382547e-07, 4.044136e-01, 3.322667e-11, 3.033069e-07, -2.271013e-11, 1.296559e-10, -9.384182e-07, -4.044136e-01, -9.386623e-07, 4.942970e-11, -7.312711e-09, -3.032354e-07, -3.323163e-11, -9.940025e-10, 5.335657e-11, -3.812844e-07, 2.321868e-11, 3.815096e-07, -5.337267e-11, 3.889304e-10, 5.287500e-11, 4.942022e-11, 7.228621e-15
-5.502262e-06, 5.176211e-07, -3.018072e-10, 3.271398e-09, 1.570807e-10, -5.210733e-07, 2.673703e-01, 6.686264e-11, 1.675325e-07, 2.345607e-09, -3.090621e-10, -5.186139e-07, -2.673703e-01, -5.185908e-07, -4.537486e-10, -3.271414e-09, -1.675416e-07, -6.686400e-11, 3.974792e-10, 4.564154e-11, -2.110128e-07, -1.346074e-09, 2.100019e-07, -4.564594e-11, -2.617651e-10, -4.198007e-12, 9.936617e-11, 1.977150e-15
-3.714027e-06, 2.666417e-07, -3.151368e-11, 2.952382e-10, -2.439519e-11, -2.685558e-07, 1.655739e-01, 1.158715e-12, 8.655799e-08, 1.331630e-09, 1.627088e-10, -2.672796e-07, -1.655739e-01, -2.676870e-07, 1.067551e-10, -2.952180e-10, -8.644063e-08, -1.157209e-12, -2.254531e-10, 3.860457e-11, -1.086482e-07, -7.664556e-10, 1.083896e-07, -3.859966e-11, 1.208298e-10, 8.817174e-11, 1.443013e-12, -2.200949e-15
-2.228416e-06, 1.218267e-07, 6.756919e-11, 2.762531e-10, -6.491889e-11, -1.233430e-07, 9.117794e-02, -1.904490e-11, 3.974662e-08, 1.091104e-09, 2.541704e-10, -1.223083e-07, -9.117794e-02, -1.224889e-07, 2.568244e-10, -2.762550e-10, -3.969621e-08, 1.904477e-11, -4.884333e-10, 1.818796e-11, -4.982795e-08, -6.190730e-10, 4.952818e-08, -1.818836e-11, 2.543685e-10, 3.916348e-11, -2.837833e-11, 1.828530e-16
-1.002787e-06, 4.230407e-08, -3.637584e-11, -6.798487e-12, -1.765611e-11, -4.281858e-08, 3.771898e-02, 3.111691e-12, 1.381338e-08, 3.368257e-10, 1.255010e-10, -4.245922e-08, -3.771898e-02, -4.250115e-08, 7.147117e-11, 6.795866e-12, -1.380301e-08, -3.111757e-12, -1.253595e-10, 3.434410e-11, -1.716575e-08, -1.987019e-10, 1.704796e-08, -3.434433e-11, 7.466035e-11, 9.201768e-12, 3.597575e-12, 9.932481e-17
0.000000e+00, 1.708442e-10, 1.429785e-12, -2.176509e-12, -7.011748e-13, -1.691199e-10, 4.001064e-04, -9.426703e-13, 1.473903e-10, -1.180026e-12, -3.505211e-12, -1.693745e-10, -4.001064e-04, -1.705616e-10, -2.776576e-12, 2.176465e-12, -1.467691e-10, 9.426708e-13, 4.996302e-12, 1.497235e-13, 4.326483e-11, 1.373793e-12, -4.331068e-11, -1.497232e-13, -4.908354e-12, 2.821430e-15, 6.358955e-17, -4.849147e-19
1.002787e-06, -2.338621e-08, -2.558006e-11, -2.547100e-11, -5.644540e-12, 2.360433e-08, -3.048627e-02, 2.777610e-12, -7.533879e-09, -1.485215e-10, 4.540039e-11, 2.345920e-08, 3.048627e-02, 2.349821e-08, 1.417563e-11, 2.547129e-11, 7.521659e-09, -2.777605e-12, -2.258266e-11, 1.788927e-11, 9.671943e-09, 8.537498e-11, -9.636988e-09, -1.788925e-11, 1.509399e-11, -8.862511e-12, 4.779134e-12, -7.997725e-18
2.228416e-06, -3.144389e-08, -5.092875e-11, 8.035925e-10, 8.211102e-11, 3.158119e-08, -5.749381e-02, 1.996685e-11, -1.015111e-08, -9.980763e-11, -3.184472e-10, 3.149687e-08, 5.749381e-02, 3.154869e-08, -2.872658e-10, -8.035922e-10, 1.013573e-08, -1.996682e-11, 4.052014e-10, -3.985530e-11, 1.288514e-08, 5.721063e-11, -1.288426e-08, 3.985540e-11, -2.359911e-10, -1.162057e-11, 2.967780e-11, -4.372547e-17
3.714027e-06, -1.910434e-08, -6.089969e-11, 1.543362e-10, 2.267913e-11, 1.921827e-08, -6.860416e-02, 1.227963e-11, -6.206508e-09, -7.631670e-11, -4.825891e-11, 1.915956e-08, 6.860416e-02, 1.925610e-08, -8.647893e-11, -1.543363e-10, 6.178153e-09, -1.227965e-11, 1.326540e-10, 1.361501e-11, 7.822282e-09, 4.662438e-11, -7.859948e-09, -1.361507e-11, -6.998750e-11, -2.148450e-11, 1.859318e-11, 2.726570e-17
5.502262e-06, 0.000000e+00, 0.000000e+00, 0.000000e+00, 0.000000e+00, 0.000000e+00, 0.000000e+00, 0.000000e+00, 0.000000e+00, 0.000000e+00, 0.000000e+00, 0.000000e+00, 0.000000e+00, 0.000000e+00, 0.000000e+00, 0.000000e+00, 0.000000e+00, 0.000000e+00, 0.000000e+00, 0.000000e+00, 0.000000e+00, 0.000000e+00, 0.000000e+00, 0.000000e+00, 0.000000e+00, 0.000000e+00, 0.000000e+00, 0.000000e+00
7.642031e-06, 0.000000e+00, 0.000000e+00, 0.000000e+00, 0.000000e+00, 0.000000e+00, 0.000000e+00, 0.000000e+00, 0.000000e+00, 0.000000e+00, 0.000000e+00, 0.000000e+00, 0.000000e+00, 0.000000e+00, 0.000000e+00, 0.000000e+00, 0.000000e+00, 0.000000e+00, 0.000000e+00, 0.000000e+00, 0.000000e+00, 0.000000e+00, 0.000000e+00, 0.000000e+00, 0.000000e+00, 0.000000e+00, 0.000000e+00, 0.000000e+00
1.018937e-05, 0.000000e+00, 0.000000e+00, 0.000000e+00, 0.000000e+00, 0.000000e+00, 0.000000e+00, 0.000000e+00, 0.000000e+00, 0.000000e+00, 0.000000e+00, 0.000000e+00, 0.000000e+00, 0.000000e+00, 0.000000e+00, 0.000000e+00, 0.000000e+00, 0.000000e+00, 0.000000e+00, 0.000000e+00, 0.000000e+00, 0.000000e+00, 0.000000e+00, 0.000000e+00, 0.000000e+00, 0.000000e+00, 0.000000e+00, 0.000000e+00
1.320845e-05, 0.000000e+00, 0.000000e+00, 0.000000e+00, 0.000000e+00, 0.000000e+00, 0.000000e+00, 0.000000e+00, 0.000000e+00, 0.000000e+00, 0.000000e+00, 0.000000e+00, 0.000000e+00, 0.000000e+00, 0.000000e+00, 0.000000e+00, 0.000000e+00, 0.000000e+00, 0.000000e+00, 0.000000e+00, 0.000000e+00, 0.000000e+00, 0.000000e+00, 0.000000e+00, 0.000000e+00, 0.000000e+00, 0.000000e+00, 0.000000e+00
1.677263e-05, 0.000000e+00, 0.000000e+00, 0.000000e+00, 0.000000e+00, 0.000000e+00, 0.000000e+00, 0.000000e+00, 0.000000e+00, 0.000000e+00, 0.000000e+00, 0.000000e+00, 0.000000e+00, 0.000000e+00, 0.000000e+00, 0.000000e+00, 0.000000e+00, 0.000000e+00, 0.000000e+00, 0.000000e+00, 0.000000e+00, 0.000000e+00, 0.000000e+00, 0.000000e+00, 0.000000e+00, 0.000000e+00, 0.000000e+00, 0.000000e+00
2.096579e-05, 0.000000e+00, 0.000000e+00, 0.000000e+00, 0.000000e+00, 0.000000e+00, 0.000000e+00, 0.000000e+00, 0.000000e+00, 0.000000e+00, 0.000000e+00, 0.000000e+00, 0.000000e+00, 0.000000e+00, 0.000000e+00, 0.000000e+00, 0.000000e+00, 0.000000e+00, 0.000000e+00, 0.000000e+00, 0.000000e+00, 0.000000e+00, 0.000000e+00, 0.000000e+00, 0.000000e+00, 0.000000e+00, 0.000000e+00, 0.000000e+00
2.588369e-05, 0.000000e+00, 0.000000e+00, 0.000000e+00, 0.000000e+00, 0.000000e+00, 0.000000e+00, 0.000000e+00, 0.000000e+00, 0.000000e+00, 0.000000e+00, 0.000000e+00, 0.000000e+00, 0.000000e+00, 0.000000e+00, 0.000000e+00, 0.000000e+00, 0.000000e+00, 0.000000e+00, 0.000000e+00, 0.000000e+00, 0.000000e+00, 0.000000e+00, 0.000000e+00, 0.000000e+00, 0.000000e+00, 0.000000e+00, 0.000000e+00
3.163562e-05, 0.000000e+00, 0.000000e+00, 0.000000e+00, 0.000000e+00, 0.000000e+00, 0.000000e+00, 0.000000e+00, 0.000000e+00, 0.000000e+00, 0.000000e+00, 0.000000e+00, 0.000000e+00, 0.000000e+00, 0.000000e+00, 0.000000e+00, 0.000000e+00, 0.000000e+00, 0.000000e+00, 0.000000e+00, 0.000000e+00, 0.000000e+00, 0.000000e+00, 0.000000e+00, 0.000000e+00, 0.000000e+00, 0.000000e+00, 0.000000e+00
3.834621e-05, 0.000000e+00, 0.000000e+00, 0.000000e+00, 0.000000e+00, 0.000000e+00, 0.000000e+00, 0.000000e+00, 0.000000e+00, 0.000000e+00, 0.000000e+00, 0.000000e+00, 0.000000e+00, 0.000000e+00, 0.000000e+00, 0.000000e+00, 0.000000e+00, 0.000000e+00, 0.000000e+00, 0.000000e+00, 0.000000e+00, 0.000000e+00, 0.000000e+00, 0.000000e+00, 0.000000e+00, 0.000000e+00, 0.000000e+00, 0.000000e+00
4.615748e-05, 0.000000e+00, 0.000000e+00, 0.000000e+00, 0.000000e+00, 0.000000e+00, 0.000000e+00, 0.000000e+00, 0.000000e+00, 0.000000e+00, 0.000000e+00, 0.000000e+00, 0.000000e+00, 0.000000e+00, 0.000000e+00, 0.000000e+00, 0.000000e+00, 0.000000e+00, 0.000000e+00, 0.000000e+00, 0.000000e+00, 0.000000e+00, 0.000000e+00, 0.000000e+00, 0.000000e+00, 0.000000e+00, 0.000000e+00, 0.000000e+00
5.523117e-05, 0.000000e+00, 0.000000e+00, 0.000000e+00, 0.000000e+00, 0.000000e+00, 0.000000e+00, 0.000000e+00, 0.000000e+00, 0.000000e+00, 0.000000e+00, 0.000000e+00, 0.000000e+00, 0.000000e+00, 0.000000e+00, 0.000000e+00, 0.000000e+00, 0.000000e+00, 0.000000e+00, 0.000000e+00, 0.000000e+00, 0.000000e+00, 0.000000e+00, 0.000000e+00, 0.000000e+00, 0.000000e+00, 0.000000e+00, 0.000000e+00
6.575139e-05, 0.000000e+00, 0.000000e+00, 0.000000e+00, 0.000000e+00, 0.000000e+00, 0.000000e+00, 0.000000e+00, 0.000000e+00, 0.000000e+00, 0.000000e+00, 0.000000e+00, 0.000000e+00, 0.000000e+00, 0.000000e+00, 0.000000e+00, 0.000000e+00, 0.000000e+00, 0.000000e+00, 0.000000e+00, 0.000000e+00, 0.000000e+00, 0.000000e+00, 0.000000e+00, 0.000000e+00, 0.000000e+00, 0.000000e+00, 0.000000e+00
7.792758e-05, 0.000000e+00, 0.000000e+00, 0.000000e+00, 0.000000e+00, 0.000000e+00, 0.000000e+00, 0.000000e+00, 0.000000e+00, 0.000000e+00, 0.000000e+00, 0.000000e+00, 0.000000e+00, 0.000000e+00, 0.000000e+00, 0.000000e+00, 0.000000e+00, 0.000000e+00, 0.000000e+00, 0.000000e+00, 0.000000e+00, 0.000000e+00, 0.000000e+00, 0.000000e+00, 0.000000e+00, 0.000000e+00, 0.000000e+00, 0.000000e+00
9.199783e-05, 0.000000e+00, 0.000000e+00, 0.000000e+00, 0.000000e+00, 0.000000e+00, 0.000000e+00, 0.000000e+00, 0.000000e+00, 0.000000e+00, 0.000000e+00, 0.000000e+00, 0.000000e+00, 0.000000e+00, 0.000000e+00, 0.000000e+00, 0.000000e+00, 0.000000e+00, 0.000000e+00, 0.000000e+00, 0.000000e+00, 0.000000e+00, 0.000000e+00, 0.000000e+00, 0.000000e+00, 0.000000e+00, 0.000000e+00, 0.000000e+00
1.082327e-04, 0.000000e+00, 0.000000e+00, 0.000000e+00, 0.000000e+00, 0.000000e+00, 0.000000e+00, 0.000000e+00, 0.000000e+00, 0.000000e+00, 0.000000e+00, 0.000000e+00, 0.000000e+00, 0.000000e+00, 0.000000e+00, 0.000000e+00, 0.000000e+00, 0.000000e+00, 0.000000e+00, 0.000000e+00, 0.000000e+00, 0.000000e+00, 0.000000e+00, 0.000000e+00, 0.000000e+00, 0.000000e+00, 0.000000e+00, 0.000000e+00
1.269396e-04, 0.000000e+00, 0.000000e+00, 0.000000e+00, 0.000000e+00, 0.000000e+00, 0.000000e+00, 0.000000e+00, 0.000000e+00, 0.000000e+00, 0.000000e+00, 0.000000e+00, 0.000000e+00, 0.000000e+00, 0.000000e+00, 0.000000e+00, 0.000000e+00, 0.000000e+00, 0.000000e+00, 0.000000e+00, 0.000000e+00, 0.000000e+00, 0.000000e+00, 0.000000e+00, 0.000000e+00, 0.000000e+00, 0.000000e+00, 0.000000e+00
1.484674e-04, 0.000000e+00, 0.000000e+00, 0.000000e+00, 0.000000e+00, 0.000000e+00, 0.000000e+00, 0.000000e+00, 0.000000e+00, 0.000000e+00, 0.000000e+00, 0.000000e+00, 0.000000e+00, 0.000000e+00, 0.000000e+00, 0.000000e+00, 0.000000e+00, 0.000000e+00, 0.000000e+00, 0.000000e+00, 0.000000e+00, 0.000000e+00, 0.000000e+00, 0.000000e+00, 0.000000e+00, 0.000000e+00, 0.000000e+00, 0.000000e+00
1.732120e-04, 0.000000e+00, 0.000000e+00, 0.000000e+00, 0.000000e+00, 0.000000e+00, 0.000000e+00, 0.000000e+00, 0.000000e+00, 0.000000e+00, 0.000000e+00, 0.000000e+00, 0.000000e+00, 0.000000e+00, 0.000000e+00, 0.000000e+00, 0.000000e+00, 0.000000e+00, 0.000000e+00, 0.000000e+00, 0.000000e+00, 0.000000e+00, 0.000000e+00, 0.000000e+00, 0.000000e+00, 0.000000e+00, 0.000000e+00, 0.000000e+00
2.016224e-04, 0.000000e+00, 0.000000e+00, 0.000000e+00, 0.000000e+00, 0.000000e+00, 0.000000e+00, 0.000000e+00, 0.000000e+00, 0.000000e+00, 0.000000e+00, 0.000000e+00, 0.000000e+00, 0.000000e+00, 0.000000e+00, 0.000000e+00, 0.000000e+00, 0.000000e+00, 0.000000e+00, 0.000000e+00, 0.000000e+00, 0.000000e+00, 0.000000e+00, 0.000000e+00, 0.000000e+00, 0.000000e+00, 0.000000e+00, 0.000000e+00
2.342079e-04, 0.000000e+00, 0.000000e+00, 0.000000e+00, 0.000000e+00, 0.000000e+00, 0.000000e+00, 0.000000e+00, 0.000000e+00, 0.000000e+00, 0.000000e+00, 0.000000e+00, 0.000000e+00, 0.000000e+00, 0.000000e+00, 0.000000e+00, 0.000000e+00, 0.000000e+00, 0.000000e+00, 0.000000e+00, 0.000000e+00, 0.000000e+00, 0.000000e+00, 0.000000e+00, 0.000000e+00, 0.000000e+00, 0.000000e+00, 0.000000e+00
2.715453e-04, 0.000000e+00, 0.000000e+00, 0.000000e+00, 0.000000e+00, 0.000000e+00, 0.000000e+00, 0.000000e+00, 0.000000e+00, 0.000000e+00, 0.000000e+00, 0.000000e+00, 0.000000e+00, 0.000000e+00, 0.000000e+00, 0.000000e+00, 0.000000e+00, 0.000000e+00, 0.000000e+00, 0.000000e+00, 0.000000e+00, 0.000000e+00, 0.000000e+00, 0.000000e+00, 0.000000e+00, 0.000000e+00, 0.000000e+00, 0.000000e+00
3.142886e-04, 0.000000e+00, 0.000000e+00, 0.000000e+00, 0.000000e+00, 0.000000e+00, 0.000000e+00, 0.000000e+00, 0.000000e+00, 0.000000e+00, 0.000000e+00, 0.000000e+00, 0.000000e+00, 0.000000e+00, 0.000000e+00, 0.000000e+00, 0.000000e+00, 0.000000e+00, 0.000000e+00, 0.000000e+00, 0.000000e+00, 0.000000e+00, 0.000000e+00, 0.000000e+00, 0.000000e+00, 0.000000e+00, 0.000000e+00, 0.000000e+00
3.631779e-04, 0.000000e+00, 0.000000e+00, 0.000000e+00, 0.000000e+00, 0.000000e+00, 0.000000e+00, 0.000000e+00, 0.000000e+00, 0.000000e+00, 0.000000e+00, 0.000000e+00, 0.000000e+00, 0.000000e+00, 0.000000e+00, 0.000000e+00, 0.000000e+00, 0.000000e+00, 0.000000e+00, 0.000000e+00, 0.000000e+00, 0.000000e+00, 0.000000e+00, 0.000000e+00, 0.000000e+00, 0.000000e+00, 0.000000e+00, 0.000000e+00
4.190514e-04, 0.000000e+00, 0.000000e+00, 0.000000e+00, 0.000000e+00, 0.000000e+00, 0.000000e+00, 0.000000e+00, 0.000000e+00, 0.000000e+00, 0.000000e+00, 0.000000e+00, 0.000000e+00, 0.000000e+00, 0.000000e+00, 0.000000e+00, 0.000000e+00, 0.000000e+00, 0.000000e+00, 0.000000e+00, 0.000000e+00, 0.000000e+00, 0.000000e+00, 0.000000e+00, 0.000000e+00, 0.000000e+00, 0.000000e+00, 0.000000e+00
4.828576e-04, 0.000000e+00, 0.000000e+00, 0.000000e+00, 0.000000e+00, 0.000000e+00, 0.000000e+00, 0.000000e+00, 0.000000e+00, 0.000000e+00, 0.000000e+00, 0.000000e+00, 0.000000e+00, 0.000000e+00, 0.000000e+00, 0.000000e+00, 0.000000e+00, 0.000000e+00, 0.000000e+00, 0.000000e+00, 0.000000e+00, 0.000000e+00, 0.000000e+00, 0.000000e+00, 0.000000e+00, 0.000000e+00, 0.000000e+00, 0.000000e+00
5.556695e-04, 0.000000e+00, 0.000000e+00, 0.000000e+00, 0.000000e+00, 0.000000e+00, 0.000000e+00, 0.000000e+00, 0.000000e+00, 0.000000e+00, 0.000000e+00, 0.000000e+00, 0.000000e+00, 0.000000e+00, 0.000000e+00, 0.000000e+00, 0.000000e+00, 0.000000e+00, 0.000000e+00, 0.000000e+00, 0.000000e+00, 0.000000e+00, 0.000000e+00, 0.000000e+00, 0.000000e+00, 0.000000e+00, 0.000000e+00, 0.000000e+00
6.387006e-04, 0.000000e+00, 0.000000e+00, 0.000000e+00, 0.000000e+00, 0.000000e+00, 0.000000e+00, 0.000000e+00, 0.000000e+00, 0.000000e+00, 0.000000e+00, 0.000000e+00, 0.000000e+00, 0.000000e+00, 0.000000e+00, 0.000000e+00, 0.000000e+00, 0.000000e+00, 0.000000e+00, 0.000000e+00, 0.000000e+00, 0.000000e+00, 0.000000e+00, 0.000000e+00, 0.000000e+00, 0.000000e+00, 0.000000e+00, 0.000000e+00
7.333229e-04, 0.000000e+00, 0.000000e+00, 0.000000e+00, 0.000000e+00, 0.000000e+00, 0.000000e+00, 0.000000e+00, 0.000000e+00, 0.000000e+00, 0.000000e+00, 0.000000e+00, 0.000000e+00, 0.000000e+00, 0.000000e+00, 0.000000e+00, 0.000000e+00, 0.000000e+00, 0.000000e+00, 0.000000e+00, 0.000000e+00, 0.000000e+00, 0.000000e+00, 0.000000e+00, 0.000000e+00, 0.000000e+00, 0.000000e+00, 0.000000e+00
8.410872e-04, 0.000000e+00, 0.000000e+00, 0.000000e+00, 0.000000e+00, 0.000000e+00, 0.000000e+00, 0.000000e+00, 0.000000e+00, 0.000000e+00, 0.000000e+00, 0.000000e+00, 0.000000e+00, 0.000000e+00, 0.000000e+00, 0.000000e+00, 0.000000e+00, 0.000000e+00, 0.000000e+00, 0.000000e+00, 0.000000e+00, 0.000000e+00, 0.000000e+00, 0.000000e+00, 0.000000e+00, 0.000000e+00, 0.000000e+00, 0.000000e+00
9.637457e-04, 0.000000e+00, 0.000000e+00, 0.000000e+00, 0.000000e+00, 0.000000e+00, 0.000000e+00, 0.000000e+00, 0.000000e+00, 0.000000e+00, 0.000000e+00, 0.000000e+00, 0.000000e+00, 0.000000e+00, 0.000000e+00, 0.000000e+00, 0.000000e+00, 0.000000e+00, 0.000000e+00, 0.000000e+00, 0.000000e+00, 0.000000e+00, 0.000000e+00, 0.000000e+00, 0.000000e+00, 0.000000e+00, 0.000000e+00, 0.000000e+00
1.103278e-03, 0.000000e+00, 0.000000e+00, 0.000000e+00, 0.000000e+00, 0.000000e+00, 0.000000e+00, 0.000000e+00, 0.000000e+00, 0.000000e+00, 0.000000e+00, 0.000000e+00, 0.000000e+00, 0.000000e+00, 0.000000e+00, 0.000000e+00, 0.000000e+00, 0.000000e+00, 0.000000e+00, 0.000000e+00, 0.000000e+00, 0.000000e+00, 0.000000e+00, 0.000000e+00, 0.000000e+00, 0.000000e+00, 0.000000e+00, 0.000000e+00
1.261919e-03, 0.000000e+00, 0.000000e+00, 0.000000e+00, 0.000000e+00, 0.000000e+00, 0.000000e+00, 0.000000e+00, 0.000000e+00, 0.000000e+00, 0.000000e+00, 0.000000e+00, 0.000000e+00, 0.000000e+00, 0.000000e+00, 0.000000e+00, 0.000000e+00, 0.000000e+00, 0.000000e+00, 0.000000e+00, 0.000000e+00, 0.000000e+00, 0.000000e+00, 0.000000e+00, 0.000000e+00, 0.000000e+00, 0.000000e+00, 0.000000e+00
1.442193e-03, 0.000000e+00, 0.000000e+00, 0.000000e+00, 0.000000e+00, 0.000000e+00, 0.000000e+00, 0.000000e+00, 0.000000e+00, 0.000000e+00, 0.000000e+00, 0.000000e+00, 0.000000e+00, 0.000000e+00, 0.000000e+00, 0.000000e+00, 0.000000e+00, 0.000000e+00, 0.000000e+00, 0.000000e+00, 0.000000e+00, 0.000000e+00, 0.000000e+00, 0.000000e+00, 0.000000e+00, 0.000000e+00, 0.000000e+00, 0.000000e+00
1.646949e-03, 0.000000e+00, 0.000000e+00, 0.000000e+00, 0.000000e+00, 0.000000e+00, 0.000000e+00, 0.000000e+00, 0.000000e+00, 0.000000e+00, 0.000000e+00, 0.000000e+00, 0.000000e+00, 0.000000e+00, 0.000000e+00, 0.000000e+00, 0.000000e+00, 0.000000e+00, 0.000000e+00, 0.000000e+00, 0.000000e+00, 0.000000e+00, 0.000000e+00, 0.000000e+00, 0.000000e+00, 0.000000e+00, 0.000000e+00, 0.000000e+00
1.879402e-03, 0.000000e+00, 0.000000e+00, 0.000000e+00, 0.000000e+00, 0.000000e+00, 0.000000e+00, 0.000000e+00, 0.000000e+00, 0.000000e+00, 0.000000e+00, 0.000000e+00, 0.000000e+00, 0.000000e+00, 0.000000e+00, 0.000000e+00, 0.000000e+00, 0.000000e+00, 0.000000e+00, 0.000000e+00, 0.000000e+00, 0.000000e+00, 0.000000e+00, 0.000000e+00, 0.000000e+00, 0.000000e+00, 0.000000e+00, 0.000000e+00
2.143177e-03, 0.000000e+00, 0.000000e+00, 0.000000e+00, 0.000000e+00, 0.000000e+00, 0.000000e+00, 0.000000e+00, 0.000000e+00, 0.000000e+00, 0.000000e+00, 0.000000e+00, 0.000000e+00, 0.000000e+00, 0.000000e+00, 0.000000e+00, 0.000000e+00, 0.000000e+00, 0.000000e+00, 0.000000e+00, 0.000000e+00, 0.000000e+00, 0.000000e+00, 0.000000e+00, 0.000000e+00, 0.000000e+00, 0.000000e+00, 0.000000e+00
2.442367e-03, 0.000000e+00, 0.000000e+00, 0.000000e+00, 0.000000e+00, 0.000000e+00, 0.000000e+00, 0.000000e+00, 0.000000e+00, 0.000000e+00, 0.000000e+00, 0.000000e+00, 0.000000e+00, 0.000000e+00, 0.000000e+00, 0.000000e+00, 0.000000e+00, 0.000000e+00, 0.000000e+00, 0.000000e+00, 0.000000e+00, 0.000000e+00, 0.000000e+00, 0.000000e+00, 0.000000e+00, 0.000000e+00, 0.000000e+00, 0.000000e+00
2.781585e-03, 0.000000e+00, 0.000000e+00, 0.000000e+00, 0.000000e+00, 0.000000e+00, 0.000000e+00, 0.000000e+00, 0.000000e+00, 0.000000e+00, 0.000000e+00, 0.000000e+00, 0.000000e+00, 0.000000e+00, 0.000000e+00, 0.000000e+00, 0.000000e+00, 0.000000e+00, 0.000000e+00, 0.000000e+00, 0.000000e+00, 0.000000e+00, 0.000000e+00, 0.000000e+00, 0.000000e+00, 0.000000e+00, 0.000000e+00, 0.000000e+00
3.166031e-03, 0.000000e+00, 0.000000e+00, 0.000000e+00, 0.000000e+00, 0.000000e+00, 0.000000e+00, 0.000000e+00, 0.000000e+00, 0.000000e+00, 0.000000e+00, 0.000000e+00, 0.000000e+00, 0.000000e+00, 0.000000e+00, 0.000000e+00, 0.000000e+00, 0.000000e+00, 0.000000e+00, 0.000000e+00, 0.000000e+00, 0.000000e+00, 0.000000e+00, 0.000000e+00, 0.000000e+00, 0.000000e+00, 0.000000e+00, 0.000000e+00
3.601570e-03, 0.000000e+00, 0.000000e+00, 0.000000e+00, 0.000000e+00, 0.000000e+00, 0.000000e+00, 0.000000e+00, 0.000000e+00, 0.000000e+00, 0.000000e+00, 0.000000e+00, 0.000000e+00, 0.000000e+00, 0.000000e+00, 0.000000e+00, 0.000000e+00, 0.000000e+00, 0.000000e+00, 0.000000e+00, 0.000000e+00, 0.000000e+00, 0.000000e+00, 0.000000e+00, 0.000000e+00, 0.000000e+00, 0.000000e+00, 0.000000e+00
4.094809e-03, 0.000000e+00, 0.000000e+00, 0.000000e+00, 0.000000e+00, 0.000000e+00, 0.000000e+00, 0.000000e+00, 0.000000e+00, 0.000000e+00, 0.000000e+00, 0.000000e+00, 0.000000e+00, 0.000000e+00, 0.000000e+00, 0.000000e+00, 0.000000e+00, 0.000000e+00, 0.000000e+00, 0.000000e+00, 0.000000e+00, 0.000000e+00, 0.000000e+00, 0.000000e+00, 0.000000e+00, 0.000000e+00, 0.000000e+00, 0.000000e+00
4.653191e-03, 0.000000e+00, 0.000000e+00, 0.000000e+00, 0.000000e+00, 0.000000e+00, 0.000000e+00, 0.000000e+00, 0.000000e+00, 0.000000e+00, 0.000000e+00, 0.000000e+00, 0.000000e+00, 0.000000e+00, 0.000000e+00, 0.000000e+00, 0.000000e+00, 0.000000e+00, 0.000000e+00, 0.000000e+00, 0.000000e+00, 0.000000e+00, 0.000000e+00, 0.000000e+00, 0.000000e+00, 0.000000e+00, 0.000000e+00, 0.000000e+00
5.285106e-03, 0.000000e+00, 0.000000e+00, 0.000000e+00, 0.000000e+00, 0.000000e+00, 0.000000e+00, 0.000000e+00, 0.000000e+00, 0.000000e+00, 0.000000e+00, 0.000000e+00, 0.000000e+00, 0.000000e+00, 0.000000e+00, 0.000000e+00, 0.000000e+00, 0.000000e+00, 0.000000e+00, 0.000000e+00, 0.000000e+00, 0.000000e+00, 0.000000e+00, 0.000000e+00, 0.000000e+00, 0.000000e+00, 0.000000e+00, 0.000000e+00
6.000000e-03, 0.000000e+00, 0.000000e+00, 0.000000e+00, 0.000000e+00, 0.000000e+00, 0.000000e+00, 0.000000e+00, 0.000000e+00, 0.000000e+00, 0.000000e+00, 0.000000e+00, 0.000000e+00, 0.000000e+00, 0.000000e+00, 0.000000e+00, 0.000000e+00, 0.000000e+00, 0.000000e+00, 0.000000e+00, 0.000000e+00, 0.000000e+00, 0.000000e+00, 0.000000e+00, 0.000000e+00, 0.000000e+00, 0.000000e+00, 0.000000e+00
6.710732e-03, 0.000000e+00, 0.000000e+00, 0.000000e+00, 0.000000e+00, 0.000000e+00, 0.000000e+00, 0.000000e+00, 0.000000e+00, 0.000000e+00, 0.000000e+00, 0.000000e+00, 0.000000e+00, 0.000000e+00, 0.000000e+00, 0.000000e+00, 0.000000e+00, 0.000000e+00, 0.000000e+00, 0.000000e+00, 0.000000e+00, 0.000000e+00, 0.000000e+00, 0.000000e+00, 0.000000e+00, 0.000000e+00, 0.000000e+00, 0.000000e+00
8.229720e-03, 0.000000e+00, 0.000000e+00, 0.000000e+00, 0.000000e+00, 0.000000e+00, 0.000000e+00, 0.000000e+00, 0.000000e+00, 0.000000e+00, 0.000000e+00, 0.000000e+00, 0.000000e+00, 0.000000e+00, 0.000000e+00, 0.000000e+00, 0.000000e+00, 0.000000e+00, 0.000000e+00, 0.000000e+00, 0.000000e+00, 0.000000e+00, 0.000000e+00, 0.000000e+00, 0.000000e+00, 0.000000e+00, 0.000000e+00, 0.000000e+00
9.748707e-03, 0.000000e+00, 0.000000e+00, 0.000000e+00, 0.000000e+00, 0.000000e+00, 0.000000e+00, 0.000000e+00, 0.000000e+00, 0.000000e+00, 0.000000e+00, 0.000000e+00, 0.000000e+00, 0.000000e+00, 0.000000e+00, 0.000000e+00, 0.000000e+00, 0.000000e+00, 0.000000e+00, 0.000000e+00, 0.000000e+00, 0.000000e+00, 0.000000e+00, 0.000000e+00, 0.000000e+00, 0.000000e+00, 0.000000e+00, 0.000000e+00
1.126769e-02, 0.000000e+00, 0.000000e+00, 0.000000e+00, 0.000000e+00, 0.000000e+00, 0.000000e+00, 0.000000e+00, 0.000000e+00, 0.000000e+00, 0.000000e+00, 0.000000e+00, 0.000000e+00, 0.000000e+00, 0.000000e+00, 0.000000e+00, 0.000000e+00, 0.000000e+00, 0.000000e+00, 0.000000e+00, 0.000000e+00, 0.000000e+00, 0.000000e+00, 0.000000e+00, 0.000000e+00, 0.000000e+00, 0.000000e+00, 0.000000e+00
1.278668e-02, 0.000000e+00, 0.000000e+00, 0.000000e+00, 0.000000e+00, 0.000000e+00, 0.000000e+00, 0.000000e+00, 0.000000e+00, 0.000000e+00, 0.000000e+00, 0.000000e+00, 0.000000e+00, 0.000000e+00, 0.000000e+00, 0.000000e+00, 0.000000e+00, 0.000000e+00, 0.000000e+00, 0.000000e+00, 0.000000e+00, 0.000000e+00, 0.000000e+00, 0.000000e+00, 0.000000e+00, 0.000000e+00, 0.000000e+00, 0.000000e+00
1.430567e-02, 0.000000e+00, 0.000000e+00, 0.000000e+00, 0.000000e+00, 0.000000e+00, 0.000000e+00, 0.000000e+00, 0.000000e+00, 0.000000e+00, 0.000000e+00, 0.000000e+00, 0.000000e+00, 0.000000e+00, 0.000000e+00, 0.000000e+00, 0.000000e+00, 0.000000e+00, 0.000000e+00, 0.000000e+00, 0.000000e+00, 0.000000e+00, 0.000000e+00, 0.000000e+00, 0.000000e+00, 0.000000e+00, 0.000000e+00, 0.000000e+00
1.582466e-02, 0.000000e+00, 0.000000e+00, 0.000000e+00, 0.000000e+00, 0.000000e+00, 0.000000e+00, 0.000000e+00, 0.000000e+00, 0.000000e+00, 0.000000e+00, 0.000000e+00, 0.000000e+00, 0.000000e+00, 0.000000e+00, 0.000000e+00, 0.000000e+00, 0.000000e+00, 0.000000e+00, 0.000000e+00, 0.000000e+00, 0.000000e+00, 0.000000e+00, 0.000000e+00, 0.000000e+00, 0.000000e+00, 0.000000e+00, 0.000000e+00
1.734364e-02, 0.000000e+00, 0.000000e+00, 0.000000e+00, 0.000000e+00, 0.000000e+00, 0.000000e+00, 0.000000e+00, 0.000000e+00, 0.000000e+00, 0.000000e+00, 0.000000e+00, 0.000000e+00, 0.000000e+00, 0.000000e+00, 0.000000e+00, 0.000000e+00, 0.000000e+00, 0.000000e+00, 0.000000e+00, 0.000000e+00, 0.000000e+00, 0.000000e+00, 0.000000e+00, 0.000000e+00, 0.000000e+00, 0.000000e+00, 0.000000e+00
1.886263e-02, 0.000000e+00, 0.000000e+00, 0.000000e+00, 0.000000e+00, 0.000000e+00, 0.000000e+00, 0.000000e+00, 0.000000e+00, 0.000000e+00, 0.000000e+00, 0.000000e+00, 0.000000e+00, 0.000000e+00, 0.000000e+00, 0.000000e+00, 0.000000e+00, 0.000000e+00, 0.000000e+00, 0.000000e+00, 0.000000e+00, 0.000000e+00, 0.000000e+00, 0.000000e+00, 0.000000e+00, 0.000000e+00, 0.000000e+00, 0.000000e+00
2.038162e-02, 0.000000e+00, 0.000000e+00, 0.000000e+00, 0.000000e+00, 0.000000e+00, 0.000000e+00, 0.000000e+00, 0.000000e+00, 0.000000e+00, 0.000000e+00, 0.000000e+00, 0.000000e+00, 0.000000e+00, 0.000000e+00, 0.000000e+00, 0.000000e+00, 0.000000e+00, 0.000000e+00, 0.000000e+00, 0.000000e+00, 0.000000e+00, 0.000000e+00, 0.000000e+00, 0.000000e+00, 0.000000e+00, 0.000000e+00, 0.000000e+00
2.190061e-02, 0.000000e+00, 0.000000e+00, 0.000000e+00, 0.000000e+00, 0.000000e+00, 0.000000e+00, 0.000000e+00, 0.000000e+00, 0.000000e+00, 0.000000e+00, 0.000000e+00, 0.000000e+00, 0.000000e+00, 0.000000e+00, 0.000000e+00, 0.000000e+00, 0.000000e+00, 0.000000e+00, 0.000000e+00, 0.000000e+00, 0.000000e+00, 0.000000e+00, 0.000000e+00, 0.000000e+00, 0.000000e+00, 0.000000e+00, 0.000000e+00
2.341959e-02, 0.000000e+00, 0.000000e+00, 0.000000e+00, 0.000000e+00, 0.000000e+00, 0.000000e+00, 0.000000e+00, 0.000000e+00, 0.000000e+00, 0.000000e+00, 0.000000e+00, 0.000000e+00, 0.000000e+00, 0.000000e+00, 0.000000e+00, 0.000000e+00, 0.000000e+00, 0.000000e+00, 0.000000e+00, 0.000000e+00, 0.000000e+00, 0.000000e+00, 0.000000e+00, 0.000000e+00, 0.000000e+00, 0.000000e+00, 0.000000e+00
2.493858e-02, 0.000000e+00, 0.000000e+00, 0.000000e+00, 0.000000e+00, 0.000000e+00, 0.000000e+00, 0.000000e+00, 0.000000e+00, 0.000000e+00, 0.000000e+00, 0.000000e+00, 0.000000e+00, 0.000000e+00, 0.000000e+00, 0.000000e+00, 0.000000e+00, 0.000000e+00, 0.000000e+00, 0.000000e+00, 0.000000e+00, 0.000000e+00, 0.000000e+00, 0.000000e+00, 0.000000e+00, 0.000000e+00, 0.000000e+00, 0.000000e+00
2.645757e-02, 0.000000e+00, 0.000000e+00, 0.000000e+00, 0.000000e+00, 0.000000e+00, 0.000000e+00, 0.000000e+00, 0.000000e+00, 0.000000e+00, 0.000000e+00, 0.000000e+00, 0.000000e+00, 0.000000e+00, 0.000000e+00, 0.000000e+00, 0.000000e+00, 0.000000e+00, 0.000000e+00, 0.000000e+00, 0.000000e+00, 0.000000e+00, 0.000000e+00, 0.000000e+00, 0.000000e+00, 0.000000e+00, 0.000000e+00, 0.000000e+00
2.797656e-02, 0.000000e+00, 0.000000e+00, 0.000000e+00, 0.000000e+00, 0.000000e+00, 0.000000e+00, 0.000000e+00, 0.000000e+00, 0.000000e+00, 0.000000e+00, 0.000000e+00, 0.000000e+00, 0.000000e+00, 0.000000e+00, 0.000000e+00, 0.000000e+00, 0.000000e+00, 0.000000e+00, 0.000000e+00, 0.000000e+00, 0.000000e+00, 0.000000e+00, 0.000000e+00, 0.000000e+00, 0.000000e+00, 0.000000e+00, 0.000000e+00
