-4.865325e-02, -9.393917e-05, 1.639788e-08, 9.533554e-09, 1.639788e-08, -9.396986e-05, -1.721380e-08, 9.533554e-09, -1.721380e-08, -9.396108e-05
-4.821414e-02, -9.149874e-05, 9.324274e-09, -1.205268e-08, 9.324274e-09, -9.152034e-05, 1.169457e-08, -1.205268e-08, 1.169457e-08, -9.150177e-05
-4.777504e-02, -8.898588e-05, -1.829478e-08, 2.194746e-09, -1.829478e-08, -8.898676e-05, 1.186592e-08, 2.194746e-09, 1.186592e-08, -8.897144e-05
-4.733593e-02, -8.635688e-05, -8.357806e-09, -1.360752e-08, -8.357806e-09, -8.639171e-05, 1.760172e-08, -1.360752e-08, 1.760172e-08, -8.643110e-05
-4.689683e-02, -8.370452e-05, -2.666963e-08, -5.138843e-09, -2.666963e-08, -8.375323e-05, 1.707552e-08, -5.138843e-09, 1.707552e-08, -8.370614e-05
-4.645772e-02, -8.097668e-05, -1.296511e-08, 3.667935e-09, -1.296511e-08, -8.099364e-05, -3.037677e-09, 3.667935e-09, -3.037677e-09, -8.097686e-05
-4.601861e-02, -7.812536e-05, -9.440243e-09, -1.913623e-08, -9.440243e-09, -7.818125e-05, 1.554793e-09, -1.913623e-08, 1.554793e-09, -7.818905e-05
-4.557951e-02, -7.523147e-05, 2.615337e-09, -1.592582e-08, 2.615337e-09, -7.530446e-05, 1.782159e-08, -1.592582e-08, 1.782159e-08, -7.527070e-05
-4.514040e-02, -7.231069e-05, -6.012527e-10, 9.065173e-09, -6.012527e-10, -7.229157e-05, 6.420635e-09, 9.065173e-09, 6.420635e-09, -7.223848e-05
-4.470130e-02, -6.922897e-05, 2.776887e-09, -5.918692e-09, 2.776887e-09, -6.922243e-05, 1.461673e-08, -5.918692e-09, 1.461673e-08, -6.920229e-05
-4.426219e-02, -6.608261e-05, -1.645102e-08, 1.623630e-08, -1.645102e-08, -6.606103e-05, -1.475515e-08, 1.623630e-08, -1.475515e-08, -6.600026e-05
-4.382309e-02, -6.281192e-05, -2.536287e-09, 1.581018e-09, -2.536287e-09, -6.277661e-05, 7.828632e-09, 1.581018e-09, 7.828632e-09, -6.282845e-05
-4.338398e-02, -5.946718e-05, 2.059323e-08, 2.734674e-08, 2.059323e-08, -5.944456e-05, -7.601438e-09, 2.734674e-08, -7.601438e-09, -5.945411e-05
-4.294487e-02, -5.608183e-05, -1.433698e-09, 4.551469e-09, -1.433698e-09, -5.595528e-05, -5.620613e-10, 4.551469e-09, -5.620613e-10, -5.596576e-05
-4.250577e-02, -5.247196e-05, -1.222627e-08, -3.232740e-08, -1.222627e-08, -5.241842e-05, 1.109802e-08, -3.232740e-08, 1.109802e-08, -5.242736e-05
-4.206666e-02, -4.884524e-05, 1.069995e-08, 2.799379e-08, 1.069995e-08, -4.869562e-05, 8.939711e-09, 2.799379e-08, 8.939711e-09, -4.876380e-05
-4.162756e-02, -4.500431e-05, 5.121829e-08, -1.680195e-08, 5.121829e-08, -4.500954e-05, 2.143360e-08, -1.680195e-08, 2.143360e-08, -4.496574e-05
-4.118845e-02, -4.110359e-05, -1.371736e-08, 1.905486e-08, -1.371736e-08, -4.102932e-05, 2.539383e-08, 1.905486e-08, 2.539383e-08, -4.115265e-05
-4.074935e-02, -3.705304e-05, -1.909396e-08, 2.002677e-08, -1.909396e-08, -3.707189e-05, -9.683411e-09, 2.002677e-08, -9.683411e-09, -3.707796e-05
-4.031024e-02, -3.289985e-05, 5.902106e-09, 6.996825e-11, 5.902106e-09, -3.284818e-05, 2.346039e-08, 6.996825e-11, 2.346039e-08, -3.293285e-05
-3.987113e-02, -2.862805e-05, 5.752853e-09, -1.507028e-08, 5.752853e-09, -2.857220e-05, 3.211971e-08, -1.507028e-08, 3.211971e-08, -2.859313e-05
-3.943203e-02, -2.420562e-05, -3.152750e-10, 2.012429e-08, -3.152750e-10, -2.413229e-05, 2.198188e-08, 2.012429e-08, 2.198188e-08, -2.415232e-05
-3.899292e-02, -1.956454e-05, -1.133749e-08, 2.289291e-08, -1.133749e-08, -1.951377e-05, 1.713021e-09, 2.289291e-08, 1.713021e-09, -1.959150e-05
-3.855382e-02, -1.482503e-05, -2.774069e-08, 2.822403e-08, -2.774069e-08, -1.482852e-05, -1.602490e-08, 2.822403e-08, -1.602490e-08, -1.482926e-05
-3.811471e-02, -9.872067e-06, 1.889594e-08, -3.802523e-09, 1.889594e-08, -9.958952e-06, -1.762222e-08, -3.802523e-09, -1.762222e-08, -9.941908e-06
-3.767561e-02, -4.846700e-06, 5.057584e-08, 8.002910e-09, 5.057584e-08, -4.787236e-06, -5.056175e-09, 8.002910e-09, -5.056175e-09, -4.906171e-06
-3.723650e-02, 4.597920e-07, -1.101172e-08, 3.222657e-08, -1.101172e-08, 3.976338e-07, -4.585356e-09, 3.222657e-08, -4.585356e-09, 3.993545e-07
-3.679739e-02, 5.831217e-06, 3.783639e-08, 1.021099e-08, 3.783639e-08, 5.850145e-06, -7.511876e-08, 1.021099e-08, -7.511876e-08, 5.858495e-06
-3.635829e-02, 1.154151e-05, 1.681392e-08, 2.071501e-08, 1.681392e-08, 1.154302e-05, 3.251352e-09, 2.071501e-08, 3.251352e-09, 1.142405e-05
-3.591918e-02, 1.733790e-05, -1.947071e-08, -1.485008e-08, -1.947071e-08, 1.742407e-05, -3.284679e-08, -1.485008e-08, -3.284679e-08, 1.731903e-05
-3.548008e-02, 2.336535e-05, -1.996282e-09, 4.539175e-09, -1.996282e-09, 2.338247e-05, -6.442358e-08, 4.539175e-09, -6.442358e-08, 2.340285e-05
-3.504097e-02, 2.974455e-05, -4.120013e-08, 2.095692e-08, -4.120013e-08, 2.972136e-05, -1.190755e-08, 2.095692e-08, -1.190755e-08, 2.965747e-05
-3.460187e-02, 3.622047e-05, 3.603990e-08, -7.897034e-08, 3.603990e-08, 3.623803e-05, -3.875672e-08, -7.897034e-08, -3.875672e-08, 3.624882e-05
-3.416276e-02, 4.301480e-05, 6.170501e-08, -3.151188e-08, 6.170501e-08, 4.298825e-05, -2.053209e-08, -3.151188e-08, -2.053209e-08, 4.297263e-05
-3.372365e-02, 5.014422e-05, -5.350902e-08, -4.182604e-08, -5.350902e-08, 5.001865e-05, 4.040564e-08, -4.182604e-08, 4.040564e-08, 5.001733e-05
-3.328455e-02, 5.742423e-05, 5.650532e-08, -1.943235e-08, 5.650532e-08, 5.738704e-05, -3.575092e-08, -1.943235e-08, -3.575092e-08, 5.737209e-05
-3.284544e-02, 6.509265e-05, -1.925997e-08, -7.664052e-08, -1.925997e-08, 6.494721e-05, -4.252199e-08, -7.664052e-08, -4.252199e-08, 6.490424e-05
-3.240634e-02, 7.301870e-05, -4.278914e-08, -4.671038e-08, -4.278914e-08, 7.294462e-05, 3.057783e-08, -4.671038e-08, 3.057783e-08, 7.281517e-05
-3.196723e-02, 8.123959e-05, 1.111568e-08, -8.425921e-08, 1.111568e-08, 8.122472e-05, -2.538950e-08, -8.425921e-08, -2.538950e-08, 8.107501e-05
-3.152813e-02, 9.002121e-05, 8.962190e-09, -1.135486e-07, 8.962190e-09, 8.976610e-05, 3.010816e-08, -1.135486e-07, 3.010816e-08, 8.968845e-05
-3.108902e-02, 9.868075e-05, 4.055476e-08, -3.286002e-08, 4.055476e-08, 9.884249e-05, 3.288895e-08, -3.286002e-08, 3.288895e-08, 9.877322e-05
-3.064991e-02, 1.082234e-04, 1.415604e-08, 2.971665e-08, 1.415604e-08, 1.081589e-04, -1.005815e-08, 2.971665e-08, -1.005815e-08, 1.079541e-04
-3.021081e-02, 1.178263e-04, -8.793590e-08, 3.903661e-08, -8.793590e-08, 1.179736e-04, -2.692346e-08, 3.903661e-08, -2.692346e-08, 1.178923e-04
-2.977170e-02, 1.280317e-04, -2.517796e-08, 2.483657e-08, -2.517796e-08, 1.282125e-04, 4.794590e-09, 2.483657e-08, 4.794590e-09, 1.280449e-04
-2.933260e-02, 1.388136e-04, 5.954180e-08, 5.196744e-08, 5.954180e-08, 1.386665e-04, -3.772939e-08, 5.196744e-08, -3.772939e-08, 1.386960e-04
-2.889349e-02, 1.499229e-04, -5.398330e-09, -5.248540e-08, -5.398330e-09, 1.498843e-04, 6.565440e-09, -5.248540e-08, 6.565440e-09, 1.498801e-04
-2.845439e-02, 1.614424e-04, -5.033995e-08, -2.578190e-08, -5.033995e-08, 1.616203e-04, -2.971241e-08, -2.578190e-08, -2.971241e-08, 1.615894e-04
-2.801528e-02, 1.734437e-04, -7.547990e-08, 9.298460e-08, -7.547990e-08, 1.738867e-04, 2.949903e-08, 9.298460e-08, 2.949903e-08, 1.738636e-04
-2.757617e-02, 1.866214e-04, -1.762002e-08, -4.388426e-08, -1.762002e-08, 1.866251e-04, 1.578762e-07, -4.388426e-08, 1.578762e-07, 1.866933e-04
-2.713707e-02, 2.000240e-04, 5.305186e-08, -1.268218e-07, 5.305186e-08, 1.999261e-04, 3.736367e-08, -1.268218e-07, 3.736367e-08, 2.000774e-04
-2.669796e-02, 2.112750e-04, -1.089798e-08, -9.089006e-09, -1.089798e-08, 2.112744e-04, -7.628437e-09, -9.089006e-09, -7.628437e-09, 2.112901e-04
-2.625886e-02, 2.288519e-04, 4.390013e-08, -1.309614e-07, 4.390013e-08, 2.289189e-04, 1.135272e-07, -1.309614e-07, 1.135272e-07, 2.288825e-04
-2.581975e-02, 2.412797e-04, -1.687865e-08, 3.910025e-09, -1.687865e-08, 2.413275e-04, 3.244412e-09, 3.910025e-09, 3.244412e-09, 2.413484e-04
-2.538065e-02, 2.575119e-04, 1.468245e-09, -1.809135e-08, 1.468245e-09, 2.575328e-04, 2.583618e-09, -1.809135e-08, 2.583618e-09, 2.575323e-04
-2.494154e-02, 2.745491e-04, -2.038276e-08, -1.158253e-08, -2.038276e-08, 2.745840e-04, 7.600384e-09, -1.158253e-08, 7.600384e-09, 2.746141e-04
-2.450243e-02, 2.925265e-04, -7.585055e-10, -1.581340e-08, -7.585055e-10, 2.925308e-04, 1.181335e-08, -1.581340e-08, 1.181335e-08, 2.925667e-04
-2.406333e-02, 3.114974e-04, -6.685492e-09, -1.560721e-08, -6.685492e-09, 3.115574e-04, -5.131097e-09, -1.560721e-08, -5.131097e-09, 3.115461e-04
-2.362422e-02, 3.315595e-04, 6.440565e-09, -1.469753e-08, 6.440565e-09, 3.315715e-04, 1.099651e-08, -1.469753e-08, 1.099651e-08, 3.315050e-04
-2.318512e-02, 3.527470e-04, 2.470202e-08, -4.558616e-08, 2.470202e-08, 3.526730e-04, -1.911752e-08, -4.558616e-08, -1.911752e-08, 3.527345e-04
-2.274601e-02, 3.751465e-04, 2.369692e-08, 2.159570e-08, 2.369692e-08, 3.751591e-04, -2.203243e-09, 2.159570e-08, -2.203243e-09, 3.751027e-04
-2.230691e-02, 3.988607e-04, 3.603909e-08, 1.673603e-08, 3.603909e-08, 3.988516e-04, -2.892730e-08, 1.673603e-08, -2.892730e-08, 3.988742e-04
-2.186780e-02, 4.240964e-04, -1.307210e-08, 2.091159e-08, -1.307210e-08, 4.240095e-04, -3.442537e-08, 2.091159e-08, -3.442537e-08, 4.240412e-04
-2.142869e-02, 4.507609e-04, -6.743084e-09, -5.621734e-10, -6.743084e-09, 4.508233e-04, -3.692010e-08, -5.621734e-10, -3.692010e-08, 4.508004e-04
-2.098959e-02, 4.791709e-04, -4.019095e-09, -4.723114e-08, -4.019095e-09, 4.792204e-04, -3.214184e-08, -4.723114e-08, -3.214184e-08, 4.791862e-04
-2.055048e-02, 5.094700e-04, -3.933405e-08, -1.184129e-08, -3.933405e-08, 5.095650e-04, 1.796209e-08, -1.184129e-08, 1.796209e-08, 5.094802e-04
-2.011138e-02, 5.417339e-04, -3.543323e-08, -4.693826e-09, -3.543323e-08, 5.418656e-04, -4.179129e-08, -4.693826e-09, -4.179129e-08, 5.417671e-04
-1.967227e-02, 5.762102e-04, -4.634554e-08, -9.485095e-09, -4.634554e-08, 5.761801e-04, -1.599318e-08, -9.485095e-09, -1.599318e-08, 5.761959e-04
-1.923317e-02, 6.130200e-04, 1.073954e-08, -1.229707e-09, 1.073954e-08, 6.130574e-04, -1.488081e-08, -1.229707e-09, -1.488081e-08, 6.130697e-04
-1.879406e-02, 6.525190e-04, -2.840600e-08, 1.635744e-08, -2.840600e-08, 6.525063e-04, -7.739790e-08, 1.635744e-08, -7.739790e-08, 6.525042e-04
-1.835495e-02, 6.947138e-04, 3.120469e-09, 3.770103e-08, 3.120469e-09, 6.948037e-04, -2.990414e-08, 3.770103e-08, -2.990414e-08, 6.947805e-04
-1.791585e-02, 7.402109e-04, -2.747664e-08, 2.787197e-08, -2.747664e-08, 7.401838e-04, -5.879438e-08, 2.787197e-08, -5.879438e-08, 7.402179e-04
-1.747674e-02, 7.891039e-04, 4.725359e-08, 3.788033e-08, 4.725359e-08, 7.891943e-04, -2.086105e-08, 3.788033e-08, -2.086105e-08, 7.890854e-04
-1.703764e-02, 8.418899e-04, -8.399345e-08, -2.222937e-08, -8.399345e-08, 8.418485e-04, 6.983916e-08, -2.222937e-08, 6.983916e-08, 8.419028e-04
-1.659853e-02, 8.988681e-04, -4.077701e-08, -5.314637e-08, -4.077701e-08, 8.989207e-04, 5.094266e-08, -5.314637e-08, 5.094266e-08, 8.987815e-04
-1.615943e-02, 9.605622e-04, -4.434002e-08, -1.715994e-10, -4.434002e-08, 9.605583e-04, -1.688669e-08, -1.715994e-10, -1.688669e-08, 9.607461e-04
-1.572032e-02, 1.027474e-03, 6.902988e-10, -1.775233e-08, 6.902988e-10, 1.027591e-03, 7.306149e-08, -1.775233e-08, 7.306149e-08, 1.027402e-03
-1.528121e-02, 1.100225e-03, -1.161512e-07, 4.775107e-08, -1.161512e-07, 1.100320e-03, -1.727609e-08, 4.775107e-08, -1.727609e-08, 1.100552e-03
-1.484211e-02, 1.179653e-03, -1.813743e-10, 8.366753e-08, -1.813743e-10, 1.179730e-03, 1.967715e-08, 8.366753e-08, 1.967715e-08, 1.179766e-03
-1.440300e-02, 1.266344e-03, 1.218929e-07, -3.935431e-08, 1.218929e-07, 1.266556e-03, 1.491386e-07, -3.935431e-08, 1.491386e-07, 1.266641e-03
-1.396390e-02, 1.361316e-03, -6.438347e-08, 8.661245e-08, -6.438347e-08, 1.361628e-03, 5.782833e-08, 8.661245e-08, 5.782833e-08, 1.361765e-03
-1.352479e-02, 1.466146e-03, -2.203013e-08, -5.275721e-08, -2.203013e-08, 1.465905e-03, 1.272333e-08, -5.275721e-08, 1.272333e-08, 1.465830e-03
-1.308569e-02, 1.581111e-03, 7.552851e-08, -1.176456e-08, 7.552851e-08, 1.580959e-03, 9.702470e-08, -1.176456e-08, 9.702470e-08, 1.580960e-03
-1.264658e-02, 1.708822e-03, -1.591267e-07, 3.240773e-08, -1.591267e-07, 1.708521e-03, -2.837831e-08, 3.240773e-08, -2.837831e-08, 1.708175e-03
-1.220747e-02, 1.849855e-03, -7.868970e-08, 2.816811e-08, -7.868970e-08, 1.849821e-03, -6.910198e-08, 2.816811e-08, -6.910198e-08, 1.849785e-03
-1.176837e-02, 2.007386e-03, -1.112310e-07, 1.601298e-09, -1.112310e-07, 2.007329e-03, 7.284239e-08, 1.601298e-09, 7.284239e-08, 2.007206e-03
-1.132926e-02, 2.183838e-03, -7.175939e-09, 1.387278e-07, -7.175939e-09, 2.184020e-03, 1.950912e-07, 1.387278e-07, 1.950912e-07, 2.183918e-03
-1.089016e-02, 2.382018e-03, -2.878551e-07, -2.006789e-07, -2.878551e-07, 2.382400e-03, 2.051975e-07, -2.006789e-07, 2.051975e-07, 2.381717e-03
-1.045105e-02, 2.605706e-03, -1.803487e-07, -2.349819e-07, -1.803487e-07, 2.605629e-03, 8.395784e-08, -2.349819e-07, 8.395784e-08, 2.605663e-03
-1.001195e-02, 2.859276e-03, -4.514749e-08, -1.136440e-07, -4.514749e-08, 2.860130e-03, 2.455094e-07, -1.136440e-07, 2.455094e-07, 2.859360e-03
-9.572839e-03, 3.149414e-03, -1.801365e-07, -4.163165e-07, -1.801365e-07, 3.149730e-03, 9.295152e-08, -4.163165e-07, 9.295152e-08, 3.149047e-03
-9.133734e-03, 3.482377e-03, 2.769632e-07, 1.486899e-07, 2.769632e-07, 3.482348e-03, 4.402717e-08, 1.486899e-07, 4.402717e-08, 3.482438e-03
-8.694628e-03, 3.866525e-03, -4.351375e-07, 6.427092e-07, -4.351375e-07, 3.866926e-03, -2.981183e-07, 6.427092e-07, -2.981183e-07, 3.867089e-03
-8.255522e-03, 4.313646e-03, -1.795674e-07, 3.895460e-07, -1.795674e-07, 4.315349e-03, 6.678278e-07, 3.895460e-07, 6.678278e-07, 4.315235e-03
-7.816417e-03, 4.840217e-03, 2.869847e-07, 1.766132e-08, 2.869847e-07, 4.841490e-03, 1.600802e-07, 1.766132e-08, 1.600802e-07, 4.841052e-03
-7.377311e-03, 5.463344e-03, 6.788420e-07, -2.246414e-07, 6.788420e-07, 5.463947e-03, -4.140034e-07, -2.246414e-07, -4.140034e-07, 5.464627e-03
-6.938205e-03, 6.208960e-03, 1.062061e-07, 2.436897e-07, 1.062061e-07, 6.209927e-03, -4.201834e-08, 2.436897e-07, -4.201834e-08, 6.208748e-03
-6.499099e-03, 7.114183e-03, -2.767108e-07, -1.909798e-07, -2.767108e-07, 7.112939e-03, 2.000203e-07, -1.909798e-07, 2.000203e-07, 7.111032e-03
-6.059994e-03, 8.220529e-03, 4.551781e-08, 1.491928e-07, 4.551781e-08, 8.219912e-03, -7.631364e-07, 1.491928e-07, -7.631364e-07, 8.220093e-03
-5.620888e-03, 9.598623e-03, -1.360934e-06, -1.494329e-07, -1.360934e-06, 9.599466e-03, -9.001865e-07, -1.494329e-07, -9.001865e-07, 9.598882e-03
-5.181782e-03, 1.134828e-02, -5.575379e-07, -3.643483e-07, -5.575379e-07, 1.134500e-02, 6.116219e-07, -3.643483e-07, 6.116219e-07, 1.134889e-02
-4.710711e-03, 1.380176e-02, -6.073736e-07, -2.398270e-06, -6.073736e-07, 1.379891e-02, -4.179168e-06, -2.398270e-06, -4.179168e-06, 1.379893e-02
-4.239640e-03, 1.711822e-02, -8.249045e-07, -1.720941e-07, -8.249045e-07, 1.711657e-02, -3.061654e-06, -1.720941e-07, -3.061654e-06, 1.712005e-02
-3.768569e-03, 2.177161e-02, 6.730997e-06, -5.672906e-06, 6.730997e-06, 2.177109e-02, 1.069518e-06, -5.672906e-06, 1.069518e-06, 2.177127e-02
-3.297498e-03, 2.859737e-02, 3.356160e-06, -1.055533e-05, 3.356160e-06, 2.859830e-02, 2.053880e-06, -1.055533e-05, 2.053880e-06, 2.858039e-02
-2.826427e-03, 3.915248e-02, 1.845813e-06, -6.648216e-06, 1.845813e-06, 3.916699e-02, 9.927475e-07, -6.648216e-06, 9.927475e-07, 3.917157e-02
-2.355356e-03, 5.681714e-02, 1.517331e-05, -3.146998e-05, 1.517331e-05, 5.681813e-02, 3.704990e-05, -3.146998e-05, 3.704990e-05, 5.680336e-02
-1.884284e-03, 8.960163e-02, 2.151995e-07, -4.521586e-05, 2.151995e-07, 8.970132e-02, 3.439670e-07, -4.521586e-05, 3.439670e-07, 8.970981e-02
-1.413213e-03, 1.619298e-01, 3.297423e-05, -1.309651e-05, 3.297423e-05, 1.618315e-01, -1.477823e-05, -1.309651e-05, -1.477823e-05, 1.620790e-01
-9.421422e-04, 3.760543e-01, 3.018250e-05, -5.206637e-06, 3.018250e-05, 3.765312e-01, -1.266970e-04, -5.206637e-06, -1.266970e-04, 3.756518e-01
-6.000000e-04, 9.806144e-01, 4.002980e-04, 2.363345e-03, 4.002980e-04, 9.813673e-01, 1.178440e-03, 2.363345e-03, 1.178440e-03, 9.767583e-01
-4.972500e-04, 1.472662e+00, -2.277834e-03, 4.040730e-03, -2.277834e-03, 1.475260e+00, 1.903306e-03, 4.040730e-03, 1.903306e-03, 1.466762e+00
-4.118250e-04, 2.225925e+00, -2.489820e-03, 2.117646e-03, -2.489820e-03, 2.231442e+00, 5.127630e-04, 2.117646e-03, 5.127630e-04, 2.217368e+00
-3.408394e-04, 3.415257e+00, 1.182617e-03, 2.210968e-02, 1.182617e-03, 3.422279e+00, 2.208117e-03, 2.210968e-02, 2.208117e-03, 3.405255e+00
-2.818834e-04, 5.297755e+00, 1.568386e-02, 2.432243e-02, 1.568386e-02, 5.323631e+00, 8.758319e-03, 2.432243e-02, 8.758319e-03, 5.289565e+00
-2.329453e-04, 8.402021e+00, 3.521250e-02, 3.031906e-02, 3.521250e-02, 8.415072e+00, 6.879067e-03, 3.031906e-02, 6.879067e-03, 8.343981e+00
-1.923463e-04, 1.349680e+01, 1.922191e-02, 1.158834e-01, 1.922191e-02, 1.349501e+01, 4.237313e-02, 1.158834e-01, 4.237313e-02, 1.334846e+01
-1.586857e-04, 2.255351e+01, -2.803139e-02, 1.533436e-01, -2.803139e-02, 2.251535e+01, 1.143904e-01, 1.533436e-01, 1.143904e-01, 2.214195e+01
-1.307955e-04, 3.910604e+01, 2.073571e-01, -1.434482e-01, 2.073571e-01, 3.952610e+01, -1.444397e-01, -1.434482e-01, -1.444397e-01, 3.863177e+01
-1.077019e-04, 7.270445e+01, 1.236814e+00, 7.318098e-01, 1.236814e+00, 7.158635e+01, 4.845589e-01, 7.318098e-01, 4.845589e-01, 7.227662e+01
-8.859348e-05, 1.482762e+02, -2.106397e+00, -5.398888e-02, -2.106397e+00, 1.485247e+02, -3.450703e-01, -5.398888e-02, -3.450703e-01, 1.465399e+02
-7.279431e-05, 3.912251e+02, -4.981299e+00, 8.511384e-01, -4.981299e+00, 3.690623e+02, 6.884195e+00, 8.511384e-01, 6.884195e+00, 3.812704e+02
-5.974154e-05, 9.891407e+02, -3.597959e+01, 1.830189e+01, -3.597959e+01, 9.859597e+02, -6.175506e+00, 1.830189e+01, -6.175506e+00, 9.564755e+02
-4.896672e-05, 1.612830e+03, -1.651056e+01, -3.231161e+01, -1.651056e+01, 1.619624e+03, -3.681645e+01, -3.231161e+01, -3.681645e+01, 1.690386e+03
-4.008017e-05, 1.829783e+03, -1.485351e+01, -1.596881e+00, -1.485351e+01, 1.845336e+03, 8.592731e-02, -1.596881e+00, 8.592731e-02, 1.838348e+03
-3.275783e-05, 1.692290e+03, -9.920976e+00, 1.175426e+01, -9.920976e+00, 1.713397e+03, 1.498983e+01, 1.175426e+01, 1.498983e+01, 1.656869e+03
-2.673039e-05, 1.416180e+03, -3.271608e+01, -1.517372e+01, -3.271608e+01, 1.381363e+03, 9.940988e-01, -1.517372e+01, 9.940988e-01, 1.397590e+03
-2.177413e-05, 1.011924e+03, -2.121441e+01, 1.743163e+01, -2.121441e+01, 9.786563e+02, -1.252828e+01, 1.743163e+01, -1.252828e+01, 9.047425e+02
-1.770332e-05, 7.388741e+02, -1.787881e+01, -1.127946e+01, -1.787881e+01, 6.894921e+02, 5.645033e+00, -1.127946e+01, 5.645033e+00, 7.098799e+02
-1.436383e-05, 5.312746e+02, -6.322511e+00, -1.195402e+01, -6.322511e+00, 5.071372e+02, 7.378219e+00, -1.195402e+01, 7.378219e+00, 5.195341e+02
-1.162786e-05, 4.531626e+02, -1.750487e+01, 1.760065e+00, -1.750487e+01, 4.150290e+02, 7.776050e-02, 1.760065e+00, 7.776050e-02, 4.009677e+02
-9.389496e-06, 3.899634e+02, -1.469112e+01, -8.924668e+00, -1.469112e+01, 3.719193e+02, -5.329438e-01, -8.924668e+00, -5.329438e-01, 3.678581e+02
-7.561016e-06, 3.378178e+02, -4.196780e+00, 2.662672e-01, -4.196780e+00, 3.142694e+02, -4.493020e+00, 2.662672e-01, -4.493020e+00, 3.329822e+02
-6.069815e-06, 3.060892e+02, -4.864458e+00, -1.360988e+00, -4.864458e+00, 2.873502e+02, -3.739160e+00, -1.360988e+00, -3.739160e+00, 2.861336e+02
-4.855852e-06, 2.806910e+02, 1.071269e+01, -3.271632e+00, 1.071269e+01, 2.711400e+02, -2.995589e+00, -3.271632e+00, -2.995589e+00, 2.667286e+02
-3.869507e-06, 2.685318e+02, 6.266284e+00, -1.452516e+00, 6.266284e+00, 2.646819e+02, -7.578786e-01, -1.452516e+00, -7.578786e-01, 2.599685e+02
-3.069809e-06, 2.479756e+02, 5.698675e+00, -9.606043e-01, 5.698675e+00, 2.406311e+02, 3.841730e+00, -9.606043e-01, 3.841730e+00, 2.447105e+02
-2.422956e-06, 2.501018e+02, 8.934752e+00, -3.112288e+00, 8.934752e+00, 2.392472e+02, -3.047724e+00, -3.112288e+00, -3.047724e+00, 2.364241e+02
-1.901089e-06, 2.355709e+02, 2.897437e+00, -1.627428e+00, 2.897437e+00, 2.256566e+02, -1.635020e+00, -1.627428e+00, -1.635020e+00, 2.244049e+02
-1.481265e-06, 2.258611e+02, 3.355104e+00, -1.021757e+00, 3.355104e+00, 2.326180e+02, 2.818215e+00, -1.021757e+00, 2.818215e+00, 2.209256e+02
-1.144614e-06, 2.186425e+02, 7.749795e+00, 6.432427e-01, 7.749795e+00, 2.145379e+02, 1.131992e+00, 6.432427e-01, 1.131992e+00, 2.137296e+02
-8.756297e-07, 2.247816e+02, 4.327639e+00, -7.410771e-02, 4.327639e+00, 2.146169e+02, 1.940040e+00, -7.410771e-02, 1.940040e+00, 2.147890e+02
-6.615869e-07, 2.148972e+02, -3.668234e+00, 2.177073e+00, -3.668234e+00, 2.000537e+02, 3.311427e+00, 2.177073e+00, 3.311427e+00, 2.169459e+02
-4.920552e-07, 2.117004e+02, -6.132144e+00, 6.936932e+00, -6.132144e+00, 2.063533e+02, 1.419435e+00, 6.936932e+00, 1.419435e+00, 2.062281e+02
-3.584974e-07, 2.081556e+02, -2.708111e+00, -5.424078e-01, -2.708111e+00, 2.073393e+02, -2.935262e+00, -5.424078e-01, -2.935262e+00, 2.082926e+02
-2.539356e-07, 2.034391e+02, -6.326277e+00, -1.126085e+00, -6.326277e+00, 2.065663e+02, 2.366656e+00, -1.126085e+00, 2.366656e+00, 2.109915e+02
-1.726762e-07, 2.114200e+02, -3.617917e+00, -1.896218e+00, -3.617917e+00, 2.030898e+02, 4.232430e+00, -1.896218e+00, 4.232430e+00, 2.117322e+02
-1.100811e-07, 2.049257e+02, -2.524452e+00, 6.350125e-01, -2.524452e+00, 2.095749e+02, -2.272420e+00, 6.350125e-01, -2.272420e+00, 2.067175e+02
-6.237929e-08, 2.055237e+02, -2.154797e+00, 2.334276e+00, -2.154797e+00, 2.035978e+02, -2.286884e+00, 2.334276e+00, -2.286884e+00, 2.116652e+02
-2.651120e-08, 2.049771e+02, -2.277376e+00, 3.926286e+00, -2.277376e+00, 2.082761e+02, 2.620276e+00, 3.926286e+00, 2.620276e+00, 2.078995e+02
0.000000e+00, 2.060088e+02, -1.099729e+00, 3.106142e+00, -1.099729e+00, 2.049353e+02, 3.209040e-01, 3.106142e+00, 3.209040e-01, 2.006622e+02
2.651120e-08, 1.914806e+02, 1.524831e+00, -1.409590e-01, 1.524831e+00, 1.976083e+02, -7.877544e-02, -1.409590e-01, -7.877544e-02, 1.922600e+02
6.237929e-08, 1.937930e+02, -2.013010e+00, 2.809385e+00, -2.013010e+00, 1.999124e+02, -1.412928e+00, 2.809385e+00, -1.412928e+00, 1.920128e+02
1.100811e-07, 1.984181e+02, 3.062445e+00, -2.927177e-01, 3.062445e+00, 2.016863e+02, 1.469682e+00, -2.927177e-01, 1.469682e+00, 1.993754e+02
1.726762e-07, 1.984339e+02, 5.559617e-01, -1.441897e+00, 5.559617e-01, 1.983977e+02, -4.467655e+00, -1.441897e+00, -4.467655e+00, 1.963117e+02
2.539356e-07, 1.968926e+02, 5.616081e-01, -7.372103e-01, 5.616081e-01, 1.961932e+02, 2.657223e+00, -7.372103e-01, 2.657223e+00, 1.918403e+02
3.584974e-07, 1.954020e+02, -1.940422e+00, 3.566367e-01, -1.940422e+00, 1.966646e+02, -2.728226e+00, 3.566367e-01, -2.728226e+00, 1.945773e+02
4.920552e-07, 1.985591e+02, -7.796906e-01, -7.763457e-01, -7.796906e-01, 2.073865e+02, 6.684779e-02, -7.763457e-01, 6.684779e-02, 1.966724e+02
6.615869e-07, 2.084778e+02, 7.039080e-02, -3.948608e-01, 7.039080e-02, 2.017776e+02, -2.714002e+00, -3.948608e-01, -2.714002e+00, 1.956628e+02
8.756297e-07, 2.025015e+02, 1.242425e+00, -6.307473e-02, 1.242425e+00, 2.057715e+02, -3.575015e+00, -6.307473e-02, -3.575015e+00, 1.978989e+02
1.144614e-06, 1.979553e+02, 8.749298e-01, -4.992167e+00, 8.749298e-01, 1.931682e+02, -3.691911e+00, -4.992167e+00, -3.691911e+00, 2.033835e+02
1.481265e-06, 1.919352e+02, 2.223912e+00, -2.567334e+00, 2.223912e+00, 1.876264e+02, -5.519882e+00, -2.567334e+00, -5.519882e+00, 1.861756e+02
1.901089e-06, 1.909474e+02, 2.565622e+00, 4.838834e+00, 2.565622e+00, 1.886956e+02, -4.362275e+00, 4.838834e+00, -4.362275e+00, 1.820164e+02
2.422956e-06, 1.799103e+02, 4.962035e+00, 3.019109e-01, 4.962035e+00, 1.813996e+02, -5.892992e+00, 3.019109e-01, -5.892992e+00, 1.771738e+02
3.069809e-06, 1.800876e+02, 2.425895e+00, 9.334296e-01, 2.425895e+00, 1.823752e+02, -2.891742e+00, 9.334296e-01, -2.891742e+00, 1.821183e+02
3.869507e-06, 1.685216e+02, 9.770929e-01, -1.505080e+00, 9.770929e-01, 1.683858e+02, -1.559566e+00, -1.505080e+00, -1.559566e+00, 1.718072e+02
4.855852e-06, 1.630635e+02, -3.030604e+00, 3.400480e+00, -3.030604e+00, 1.678361e+02, -2.580572e+00, 3.400480e+00, -2.580572e+00, 1.647616e+02
6.069815e-06, 1.488916e+02, -1.139438e+00, 6.230394e-01, -1.139438e+00, 1.555618e+02, -4.827621e-01, 6.230394e-01, -4.827621e-01, 1.533663e+02
7.561016e-06, 1.414798e+02, -2.833037e+00, 1.159385e+00, -2.833037e+00, 1.463143e+02, -1.684808e+00, 1.159385e+00, -1.684808e+00, 1.381713e+02
9.389496e-06, 1.260007e+02, -4.637038e-01, 5.061468e-02, -4.637038e-01, 1.327911e+02, 6.753797e-01, 5.061468e-02, 6.753797e-01, 1.302266e+02
1.162786e-05, 1.146933e+02, -8.784709e-01, 3.688693e-01, -8.784709e-01, 1.217691e+02, 5.589633e-01, 3.688693e-01, 5.589633e-01, 1.176430e+02
1.436383e-05, 1.068172e+02, 7.321043e-01, -1.907951e-01, 7.321043e-01, 1.100799e+02, -9.009122e-01, -1.907951e-01, -9.009122e-01, 1.064731e+02
1.770332e-05, 9.545158e+01, -7.046234e-02, -8.808935e-02, -7.046234e-02, 9.519353e+01, -3.724623e-01, -8.808935e-02, -3.724623e-01, 9.390920e+01
2.177413e-05, 8.179972e+01, -3.797274e-01, 7.026349e-01, -3.797274e-01, 8.387228e+01, 7.021084e-01, 7.026349e-01, 7.021084e-01, 8.225298e+01
2.673039e-05, 7.005354e+01, 4.133658e-01, 9.100790e-01, 4.133658e-01, 6.959841e+01, -7.602016e-01, 9.100790e-01, -7.602016e-01, 7.050789e+01
3.275783e-05, 5.848557e+01, -2.672849e-01, 1.496721e-01, -2.672849e-01, 5.690365e+01, 4.466682e-01, 1.496721e-01, 4.466682e-01, 5.785816e+01
4.008017e-05, 4.732384e+01, -2.943883e-01, 2.419497e-01, -2.943883e-01, 4.722796e+01, -1.170899e-02, 2.419497e-01, -1.170899e-02, 4.778293e+01
4.896672e-05, 3.804039e+01, -9.515086e-02, 1.676155e-01, -9.515086e-02, 3.816727e+01, -1.436379e-01, 1.676155e-01, -1.436379e-01, 3.856648e+01
5.974154e-05, 3.055101e+01, -2.848503e-02, 4.993550e-02, -2.848503e-02, 3.107895e+01, -6.019345e-02, 4.993550e-02, -6.019345e-02, 3.047651e+01
7.279431e-05, 2.398258e+01, -2.743607e-02, 1.857519e-01, -2.743607e-02, 2.398915e+01, -9.762479e-02, 1.857519e-01, -9.762479e-02, 2.367547e+01
8.859348e-05, 1.828917e+01, -3.885956e-02, 1.070087e-01, -3.885956e-02, 1.824568e+01, -5.520527e-02, 1.070087e-01, -5.520527e-02, 1.822305e+01
1.077019e-04, 1.386930e+01, -7.851106e-02, 1.238119e-01, -7.851106e-02, 1.378647e+01, -2.360090e-02, 1.238119e-01, -2.360090e-02, 1.384274e+01
1.307955e-04, 1.049318e+01, -1.584177e-02, 5.022772e-02, -1.584177e-02, 1.041637e+01, 1.156460e-02, 5.022772e-02, 1.156460e-02, 1.040586e+01
1.586857e-04, 7.760416e+00, -3.666325e-02, 1.327195e-03, -3.666325e-02, 7.720032e+00, -2.528049e-02, 1.327195e-03, -2.528049e-02, 7.754851e+00
1.923463e-04, 5.627092e+00, 3.385877e-04, 2.124522e-02, 3.385877e-04, 5.602999e+00, 6.345400e-03, 2.124522e-02, 6.345400e-03, 5.667164e+00
2.329453e-04, 4.102120e+00, -7.499551e-03, 2.601146e-03, -7.499551e-03, 4.089399e+00, -6.336148e-03, 2.601146e-03, -6.336148e-03, 4.071708e+00
2.818834e-04, 2.950597e+00, 1.475878e-03, 1.056162e-03, 1.475878e-03, 2.948545e+00, -1.635911e-03, 1.056162e-03, -1.635911e-03, 2.954483e+00
3.408394e-04, 2.096123e+00, 8.030616e-03, 1.780282e-03, 8.030616e-03, 2.093805e+00, -5.493862e-04, 1.780282e-03, -5.493862e-04, 2.100222e+00
4.118250e-04, 1.491506e+00, -1.786559e-03, -1.245726e-03, -1.786559e-03, 1.490295e+00, -1.450761e-03, -1.245726e-03, -1.450761e-03, 1.490328e+00
4.972500e-04, 1.057293e+00, 1.542033e-03, 1.694698e-04, 1.542033e-03, 1.056036e+00, 8.039592e-04, 1.694698e-04, 8.039592e-04, 1.057870e+00
6.000000e-04, 7.433981e-01, -1.601892e-03, 8.490332e-05, -1.601892e-03, 7.427960e-01, 3.441767e-04, 8.490332e-05, 3.441767e-04, 7.435405e-01
9.421422e-04, 3.166557e-01, -5.646091e-05, -5.063919e-05, -5.646091e-05, 3.162531e-01, -2.151296e-05, -5.063919e-05, -2.151296e-05, 3.161198e-01
1.413213e-03, 1.443924e-01, 3.006314e-05, 6.302372e-05, 3.006314e-05, 1.443501e-01, 1.967151e-05, 6.302372e-05, 1.967151e-05, 1.442642e-01
1.884284e-03, 8.219970e-02, 2.534197e-05, -9.463068e-06, 2.534197e-05, 8.219050e-02, -1.651055e-05, -9.463068e-06, -1.651055e-05, 8.224189e-02
2.355356e-03, 5.301887e-02, 2.601737e-05, -9.784562e-06, 2.601737e-05, 5.299017e-02, -7.039537e-06, -9.784562e-06, -7.039537e-06, 5.299739e-02
2.826427e-03, 3.694393e-02, -6.958422e-06, -2.669795e-06, -6.958422e-06, 3.696526e-02, 6.529208e-06, -2.669795e-06, 6.529208e-06, 3.695935e-02
3.297498e-03, 2.719706e-02, 6.376347e-07, -5.810890e-06, 6.376347e-07, 2.721099e-02, -2.047544e-07, -5.810890e-06, -2.047544e-07, 2.719687e-02
3.768569e-03, 2.084514e-02, -8.242555e-08, -4.286578e-06, -8.242555e-08, 2.085293e-02, 1.945899e-06, -4.286578e-06, 1.945899e-06, 2.084386e-02
4.239640e-03, 1.645969e-02, -1.343184e-06, -1.068442e-06, -1.343184e-06, 1.646798e-02, 9.791882e-07, -1.068442e-06, 9.791882e-07, 1.646436e-02
4.710711e-03, 1.332409e-02, -7.914076e-07, -2.847916e-06, -7.914076e-07, 1.332740e-02, -3.935545e-08, -2.847916e-06, -3.935545e-08, 1.332476e-02
5.181782e-03, 1.099604e-02, -7.700233e-08, -9.098715e-07, -7.700233e-08, 1.099450e-02, -5.318853e-08, -9.098715e-07, -5.318853e-08, 1.099372e-02
5.652853e-03, 9.219107e-03, 1.154523e-07, -1.960171e-06, 1.154523e-07, 9.217980e-03, 3.416272e-07, -1.960171e-06, 3.416272e-07, 9.219462e-03
6.123924e-03, 7.833767e-03, -6.442104e-07, -3.719545e-07, -6.442104e-07, 7.833814e-03, 3.166280e-07, -3.719545e-07, 3.166280e-07, 7.832242e-03
6.594996e-03, 6.731599e-03, -1.697587e-07, 2.038719e-07, -1.697587e-07, 6.730797e-03, -5.364397e-07, 2.038719e-07, -5.364397e-07, 6.730974e-03
7.066067e-03, 5.845279e-03, -7.604902e-07, 1.592847e-07, -7.604902e-07, 5.844579e-03, 1.620724e-07, 1.592847e-07, 1.620724e-07, 5.844689e-03
7.537138e-03, 5.115087e-03, 3.466073e-07, 3.359034e-07, 3.466073e-07, 5.115142e-03, -3.732671e-07, 3.359034e-07, -3.732671e-07, 5.114640e-03
8.008209e-03, 4.511657e-03, 1.161529e-07, -1.987315e-07, 1.161529e-07, 4.511459e-03, -4.008934e-07, -1.987315e-07, -4.008934e-07, 4.512150e-03
8.479280e-03, 4.005090e-03, -1.116191e-07, -4.631292e-07, -1.116191e-07, 4.004437e-03, -7.420870e-08, -4.631292e-07, -7.420870e-08, 4.004913e-03
8.950351e-03, 3.576674e-03, 3.405249e-07, -2.518948e-07, 3.405249e-07, 3.575886e-03, -1.950417e-07, -2.518948e-07, -1.950417e-07, 3.576643e-03
9.421422e-03, 3.209512e-03, -2.892573e-07, -1.649170e-07, -2.892573e-07, 3.208785e-03, -3.201565e-07, -1.649170e-07, -3.201565e-07, 3.209474e-03
9.892493e-03, 2.894268e-03, -2.273299e-07, -1.825751e-07, -2.273299e-07, 2.894430e-03, -1.924923e-07, -1.825751e-07, -1.924923e-07, 2.894361e-03
1.036356e-02, 2.620861e-03, -1.092987e-07, -3.250639e-08, -1.092987e-07, 2.620265e-03, -9.238295e-08, -3.250639e-08, -9.238295e-08, 2.620370e-03
1.083464e-02, 2.382044e-03, -1.105884e-07, 6.365660e-08, -1.105884e-07, 2.381758e-03, -5.142014e-08, 6.365660e-08, -5.142014e-08, 2.381942e-03
1.130571e-02, 2.172365e-03, -9.247810e-08, 4.079177e-08, -9.247810e-08, 2.172289e-03, -1.480952e-07, 4.079177e-08, -1.480952e-07, 2.172095e-03
1.177678e-02, 1.987313e-03, 8.736678e-08, 1.644769e-08, 8.736678e-08, 1.987317e-03, -8.414763e-08, 1.644769e-08, -8.414763e-08, 1.987202e-03
1.224785e-02, 1.834769e-03, 1.393121e-08, -5.316138e-09, 1.393121e-08, 1.834765e-03, 5.905725e-09, -5.316138e-09, 5.905725e-09, 1.834759e-03
1.271892e-02, 1.687369e-03, 2.220006e-08, 4.335373e-09, 2.220006e-08, 1.687362e-03, 4.233055e-09, 4.335373e-09, 4.233055e-09, 1.687364e-03
1.318999e-02, 1.555575e-03, 1.522885e-08, 9.262905e-10, 1.522885e-08, 1.555573e-03, 1.700744e-09, 9.262905e-10, 1.700744e-09, 1.555556e-03
1.366106e-02, 1.437094e-03, 7.835325e-09, 7.379128e-09, 7.835325e-09, 1.437100e-03, 3.204443e-09, 7.379128e-09, 3.204443e-09, 1.437105e-03
1.413213e-02, 1.330395e-03, -9.314422e-09, -8.022016e-09, -9.314422e-09, 1.330392e-03, 1.455277e-09, -8.022016e-09, 1.455277e-09, 1.330401e-03
1.460320e-02, 1.233855e-03, -4.444159e-09, 7.227207e-09, -4.444159e-09, 1.233833e-03, 4.834477e-09, 7.227207e-09, 4.834477e-09, 1.233831e-03
1.507428e-02, 1.146326e-03, -5.738451e-10, 2.599003e-10, -5.738451e-10, 1.146300e-03, 5.782369e-10, 2.599003e-10, 5.782369e-10, 1.146306e-03
1.554535e-02, 1.066582e-03, -8.436444e-09, 3.165227e-09, -8.436444e-09, 1.066579e-03, -2.201700e-09, 3.165227e-09, -2.201700e-09, 1.066576e-03
1.601642e-02, 9.938751e-04, 8.207567e-10, -5.984907e-09, 8.207567e-10, 9.938893e-04, 9.683594e-09, -5.984907e-09, 9.683594e-09, 9.938905e-04
1.648749e-02, 9.273078e-04, 3.959456e-09, 1.532683e-09, 3.959456e-09, 9.273039e-04, -4.133250e-09, 1.532683e-09, -4.133250e-09, 9.273001e-04
1.695856e-02, 8.662615e-04, 6.522042e-09, -5.302113e-09, 6.522042e-09, 8.662641e-04, 4.524212e-10, -5.302113e-09, 4.524212e-10, 8.662770e-04
1.742963e-02, 8.101632e-04, 2.246415e-09, -1.103336e-09, 2.246415e-09, 8.101584e-04, 3.272356e-09, -1.103336e-09, 3.272356e-09, 8.101623e-04
1.790070e-02, 7.584507e-04, -7.747776e-10, -3.967141e-09, -7.747776e-10, 7.584394e-04, 3.620840e-09, -3.967141e-09, 3.620840e-09, 7.584502e-04
1.837177e-02, 7.107045e-04, 1.320788e-09, -4.119089e-09, 1.320788e-09, 7.107091e-04, 5.211991e-09, -4.119089e-09, 5.211991e-09, 7.107091e-04
1.884284e-02, 6.665449e-04, -2.703296e-10, -8.086250e-09, -2.703296e-10, 6.665409e-04, 4.749164e-09, -8.086250e-09, 4.749164e-09, 6.665509e-04
1.931392e-02, 6.256264e-04, -4.190972e-10, -5.534351e-09, -4.190972e-10, 6.256298e-04, 2.803933e-09, -5.534351e-09, 2.803933e-09, 6.256363e-04
1.978499e-02, 5.876238e-04, -1.231847e-09, -1.235777e-09, -1.231847e-09, 5.876263e-04, -7.032032e-10, -1.235777e-09, -7.032032e-10, 5.876290e-04
2.025606e-02, 5.522946e-04, 1.207781e-09, -2.502555e-09, 1.207781e-09, 5.522943e-04, -3.220008e-09, -2.502555e-09, -3.220008e-09, 5.522906e-04
2.072713e-02, 5.193726e-04, -1.707555e-09, -9.695744e-10, -1.707555e-09, 5.193648e-04, 4.899868e-09, -9.695744e-10, 4.899868e-09, 5.193665e-04
2.119820e-02, 4.886676e-04, -8.385317e-10, 8.966024e-11, -8.385317e-10, 4.886642e-04, 5.847172e-10, 8.966024e-11, 5.847172e-10, 4.886615e-04
2.166927e-02, 4.599998e-04, 7.470124e-10, 9.356059e-11, 7.470124e-10, 4.600030e-04, -3.070628e-09, 9.356059e-11, -3.070628e-09, 4.600009e-04
2.214034e-02, 4.331685e-04, -1.392822e-10, 4.638701e-10, -1.392822e-10, 4.331758e-04, -2.018676e-09, 4.638701e-10, -2.018676e-09, 4.331745e-04
2.261141e-02, 4.080483e-04, 1.587420e-10, 8.463536e-10, 1.587420e-10, 4.080542e-04, -1.943471e-09, 8.463536e-10, -1.943471e-09, 4.080500e-04
2.308248e-02, 3.844968e-04, -1.253590e-10, 7.992996e-10, -1.253590e-10, 3.844984e-04, -5.282747e-12, 7.992996e-10, -5.282747e-12, 3.844988e-04
2.355356e-02, 3.623782e-04, -5.939580e-10, 3.955423e-10, -5.939580e-10, 3.623749e-04, -8.787607e-11, 3.955423e-10, -8.787607e-11, 3.623792e-04
2.402463e-02, 3.415920e-04, 1.815808e-09, 1.003886e-09, 1.815808e-09, 3.415899e-04, 8.544044e-10, 1.003886e-09, 8.544044e-10, 3.415885e-04
2.449570e-02, 3.220388e-04, -1.227798e-09, 5.642217e-11, -1.227798e-09, 3.220327e-04, 1.684463e-09, 5.642217e-11, 1.684463e-09, 3.220365e-04
2.496677e-02, 3.036237e-04, -1.897025e-09, 1.442730e-09, -1.897025e-09, 3.036233e-04, 2.338912e-10, 1.442730e-09, 2.338912e-10, 3.036255e-04
2.543784e-02, 2.862598e-04, -1.174633e-09, 2.271204e-10, -1.174633e-09, 2.862619e-04, 2.015884e-09, 2.271204e-10, 2.015884e-09, 2.862595e-04
2.590891e-02, 2.698880e-04, 1.592670e-09, -6.763138e-10, 1.592670e-09, 2.698880e-04, -2.282687e-10, -6.763138e-10, -2.282687e-10, 2.698863e-04
2.637998e-02, 2.544292e-04, -1.157192e-09, 2.163056e-09, -1.157192e-09, 2.544295e-04, -5.501771e-10, 2.163056e-09, -5.501771e-10, 2.544310e-04
2.685105e-02, 2.398206e-04, -9.845695e-10, 1.796897e-09, -9.845695e-10, 2.398218e-04, 5.741660e-10, 1.796897e-09, 5.741660e-10, 2.398231e-04
2.732212e-02, 2.260111e-04, -1.349784e-09, -6.332775e-10, -1.349784e-09, 2.260080e-04, 4.215601e-10, -6.332775e-10, 4.215601e-10, 2.260116e-04
2.779320e-02, 2.129377e-04, -2.401985e-10, 7.063958e-10, -2.401985e-10, 2.129373e-04, -1.573014e-10, 7.063958e-10, -1.573014e-10, 2.129383e-04
2.826427e-02, 2.005527e-04, -1.076168e-09, 5.027252e-10, -1.076168e-09, 2.005520e-04, -3.694451e-10, 5.027252e-10, -3.694451e-10, 2.005555e-04
2.873534e-02, 1.888376e-04, -5.553700e-10, 6.937258e-10, -5.553700e-10, 1.888356e-04, 7.967623e-11, 6.937258e-10, 7.967623e-11, 1.888366e-04
2.920641e-02, 1.777191e-04, 4.659677e-10, -1.889744e-09, 4.659677e-10, 1.777189e-04, -1.035568e-10, -1.889744e-09, -1.035568e-10, 1.777195e-04
2.967748e-02, 1.671726e-04, -3.283237e-10, -1.137888e-09, -3.283237e-10, 1.671720e-04, -3.272171e-10, -1.137888e-09, -3.272171e-10, 1.671727e-04
3.014855e-02, 1.571669e-04, 1.722879e-10, -1.601109e-09, 1.722879e-10, 1.571664e-04, -1.070453e-09, -1.601109e-09, -1.070453e-09, 1.571668e-04
3.061962e-02, 1.476561e-04, 5.990340e-10, -1.847410e-09, 5.990340e-10, 1.476548e-04, -2.543048e-10, -1.847410e-09, -2.543048e-10, 1.476567e-04
3.109069e-02, 1.388800e-04, -1.728638e-11, 5.475250e-12, -1.728638e-11, 1.388800e-04, 2.535888e-11, 5.475250e-12, 2.535888e-11, 1.388802e-04
3.156176e-02, 1.302980e-04, 1.186447e-11, 5.083741e-11, 1.186447e-11, 1.302982e-04, -1.511573e-11, 5.083741e-11, -1.511573e-11, 1.302980e-04
3.203284e-02, 1.221415e-04, 1.161086e-10, 3.964039e-12, 1.161086e-10, 1.221419e-04, 1.064747e-10, 3.964039e-12, 1.064747e-10, 1.221418e-04
3.250391e-02, 1.143880e-04, 5.309593e-11, -6.138366e-11, 5.309593e-11, 1.143881e-04, 1.795298e-11, -6.138366e-11, 1.795298e-11, 1.143880e-04
3.297498e-02, 1.070145e-04, -1.867899e-11, 5.493846e-11, -1.867899e-11, 1.070144e-04, 4.230082e-12, 5.493846e-11, 4.230082e-12, 1.070146e-04
3.344605e-02, 1.000027e-04, 9.409502e-13, -1.015167e-10, 9.409502e-13, 1.000027e-04, 7.879411e-12, -1.015167e-10, 7.879411e-12, 1.000027e-04
3.391712e-02, 9.333219e-05, 1.772568e-11, 5.300034e-12, 1.772568e-11, 9.333222e-05, 3.429444e-11, 5.300034e-12, 3.429444e-11, 9.333222e-05
3.438819e-02, 8.698746e-05, -6.316563e-11, -9.071395e-12, -6.316563e-11, 8.698744e-05, 6.750693e-11, -9.071395e-12, 6.750693e-11, 8.698740e-05
3.485926e-02, 8.095091e-05, 7.762926e-12, -3.811694e-12, 7.762926e-12, 8.095086e-05, -4.733318e-11, -3.811694e-12, -4.733318e-11, 8.095086e-05
3.533033e-02, 7.520899e-05, -3.370648e-11, -5.833280e-12, -3.370648e-11, 7.520886e-05, 2.167121e-12, -5.833280e-12, 2.167121e-12, 7.520895e-05
3.580140e-02, 6.974628e-05, -7.128444e-12, 3.086858e-13, -7.128444e-12, 6.974624e-05, -3.800158e-11, 3.086858e-13, -3.800158e-11, 6.974637e-05
3.627248e-02, 6.455126e-05, 9.648780e-11, -1.655128e-11, 9.648780e-11, 6.455131e-05, 1.802679e-11, -1.655128e-11, 1.802679e-11, 6.455131e-05
3.674355e-02, 5.960998e-05, -3.617858e-11, 1.196890e-11, -3.617858e-11, 5.960987e-05, -4.074524e-11, 1.196890e-11, -4.074524e-11, 5.960996e-05
3.721462e-02, 5.491265e-05, -4.451747e-11, 2.193322e-11, -4.451747e-11, 5.491264e-05, 6.394743e-11, 2.193322e-11, 6.394743e-11, 5.491265e-05
3.768569e-02, 5.044728e-05, -2.915329e-11, -4.482622e-11, -2.915329e-11, 5.044729e-05, -1.366602e-11, -4.482622e-11, -1.366602e-11, 5.044730e-05
3.815676e-02, 4.620324e-05, -3.973319e-11, 6.363688e-14, -3.973319e-11, 4.620321e-05, 7.404659e-12, 6.363688e-14, 7.404659e-12, 4.620326e-05
3.862783e-02, 4.217098e-05, -5.074825e-12, -1.430579e-11, -5.074825e-12, 4.217092e-05, 1.207943e-11, -1.430579e-11, 1.207943e-11, 4.217093e-05
3.909890e-02, 3.834434e-05, -3.119702e-11, 2.575816e-12, -3.119702e-11, 3.834433e-05, 1.423568e-11, 2.575816e-12, 1.423568e-11, 3.834430e-05
3.956997e-02, 3.471073e-05, -3.303086e-12, -1.777670e-11, -3.303086e-12, 3.471074e-05, 1.641145e-11, -1.777670e-11, 1.641145e-11, 3.471072e-05
4.004104e-02, 3.129968e-05, -3.999415e-13, -6.892561e-12, -3.999415e-13, 3.129968e-05, 3.017882e-13, -6.892561e-12, 3.017882e-13, 3.129967e-05
4.051212e-02, 2.803052e-05, -3.234508e-12, 5.873501e-12, -3.234508e-12, 2.803052e-05, 4.754036e-12, 5.873501e-12, 4.754036e-12, 2.803050e-05
4.098319e-02, 2.493146e-05, 9.140376e-13, 2.954758e-12, 9.140376e-13, 2.493146e-05, 3.210436e-12, 2.954758e-12, 3.210436e-12, 2.493146e-05
4.145426e-02, 2.199470e-05, -2.899886e-12, 3.631196e-13, -2.899886e-12, 2.199471e-05, 2.233841e-12, 3.631196e-13, 2.233841e-12, 2.199471e-05
4.192533e-02, 1.921026e-05, -1.177778e-12, -7.534951e-13, -1.177778e-12, 1.921026e-05, -2.359394e-12, -7.534951e-13, -2.359394e-12, 1.921026e-05
4.239640e-02, 1.656901e-05, 6.623665e-14, -1.751778e-12, 6.623665e-14, 1.656900e-05, -7.778886e-13, -1.751778e-12, -7.778886e-13, 1.656901e-05
4.286747e-02, 1.405854e-05, 2.020777e-13, -8.375872e-13, 2.020777e-13, 1.405854e-05, -8.747747e-13, -8.375872e-13, -8.747747e-13, 1.405855e-05
4.333854e-02, 1.166136e-05, -6.587434e-13, 1.160388e-12, -6.587434e-13, 1.166136e-05, -3.535228e-13, 1.160388e-12, -3.535228e-13, 1.166137e-05
4.380961e-02, 9.358117e-06, -3.407268e-13, 1.430501e-13, -3.407268e-13, 9.358117e-06, -4.335608e-13, 1.430501e-13, -4.335608e-13, 9.358117e-06
4.428068e-02, 7.084722e-06, -2.853726e-14, 1.040650e-13, -2.853726e-14, 7.084722e-06, -3.314731e-14, 1.040650e-13, -3.314731e-14, 7.084722e-06
4.475176e-02, 4.719627e-06, 5.970447e-14, 5.414973e-14, 5.970447e-14, 4.719627e-06, 1.314185e-13, 5.414973e-14, 1.314185e-13, 4.719627e-06
4.522283e-02, 1.506693e-06, -3.315768e-15, -7.848497e-16, -3.315768e-15, 1.506693e-06, -4.629169e-16, -7.848497e-16, -4.629169e-16, 1.506693e-06
4.569390e-02, 0.000000e+00, 0.000000e+00, 0.000000e+00, 0.000000e+00, 0.000000e+00, 0.000000e+00, 0.000000e+00, 0.000000e+00, 0.000000e+00
4.616497e-02, 0.000000e+00, 0.000000e+00, 0.000000e+00, 0.000000e+00, 0.000000e+00, 0.000000e+00, 0.000000e+00, 0.000000e+00, 0.000000e+00
4.663604e-02, 0.000000e+00, 0.000000e+00, 0.000000e+00, 0.000000e+00, 0.000000e+00, 0.000000e+00, 0.000000e+00, 0.000000e+00, 0.000000e+00
4.710711e-02, 0.000000e+00, 0.000000e+00, 0.000000e+00, 0.000000e+00, 0.000000e+00, 0.000000e+00, 0.000000e+00, 0.000000e+00, 0.000000e+00
4.757818e-02, 0.000000e+00, 0.000000e+00, 0.000000e+00, 0.000000e+00, 0.000000e+00, 0.000000e+00, 0.000000e+00, 0.000000e+00, 0.000000e+00
4.804925e-02, 0.000000e+00, 0.000000e+00, 0.000000e+00, 0.000000e+00, 0.000000e+00, 0.000000e+00, 0.000000e+00, 0.000000e+00, 0.000000e+00
4.852032e-02, 0.000000e+00, 0.000000e+00, 0.000000e+00, 0.000000e+00, 0.000000e+00, 0.000000e+00, 0.000000e+00, 0.000000e+00, 0.000000e+00
4.899140e-02, 0.000000e+00, 0.000000e+00, 0.000000e+00, 0.000000e+00, 0.000000e+00, 0.000000e+00, 0.000000e+00, 0.000000e+00, 0.000000e+00
4.946247e-02, 0.000000e+00, 0.000000e+00, 0.000000e+00, 0.000000e+00, 0.000000e+00, 0.000000e+00, 0.000000e+00, 0.000000e+00, 0.000000e+00
4.993354e-02, 0.000000e+00, 0.000000e+00, 0.000000e+00, 0.000000e+00, 0.000000e+00, 0.000000e+00, 0.000000e+00, 0.000000e+00, 0.000000e+00
5.040461e-02, 0.000000e+00, 0.000000e+00, 0.000000e+00, 0.000000e+00, 0.000000e+00, 0.000000e+00, 0.000000e+00, 0.000000e+00, 0.000000e+00
5.087568e-02, 0.000000e+00, 0.000000e+00, 0.000000e+00, 0.000000e+00, 0.000000e+00, 0.000000e+00, 0.000000e+00, 0.000000e+00, 0.000000e+00
5.134675e-02, 0.000000e+00, 0.000000e+00, 0.000000e+00, 0.000000e+00, 0.000000e+00, 0.000000e+00, 0.000000e+00, 0.000000e+00, 0.000000e+00
