mu, xxx, xxy, xxz, xyx, xyy, xyz, xzx, xzy, xzz, yxx, yxy, yxz, yyx, yyy, yyz, yzx, yzy, yzz, zxx, zxy, zxz, zyx, zyy, zyz, zzx, zzy, zzz
-1.000000e-01, -1.284493e-11, -4.987224e-12, -1.926940e-11, 1.372453e+03, 6.757000e+02, 1.277861e+03, -1.333891e+04, -6.303575e+03, -1.175124e+04, -1.372493e+03, -6.755608e+02, -1.277895e+03, 5.645774e-02, -8.535680e-02, -6.491441e-03, 1.035670e+03, -2.678563e+02, -1.020762e+03, 1.333884e+04, 6.303827e+03, 1.175118e+04, -1.036014e+03, 2.677777e+02, 1.021093e+03, -8.087232e-01, 1.376434e-01, 6.200572e-01
-9.875000e-02, -2.753194e-10, -1.513103e-10, -2.485930e-10, 1.521016e+03, 7.500053e+02, 1.416456e+03, -1.479571e+04, -6.992748e+03, -1.304140e+04, -1.521289e+03, -7.489272e+02, -1.416759e+03, 2.799290e-02, 3.039984e-02, 3.158061e-02, 1.138527e+03, -2.988018e+02, -1.133753e+03, 1.479522e+04, 6.994701e+03, 1.304086e+04, -1.138848e+03, 2.986163e+02, 1.133392e+03, -6.722638e-01, -4.356031e-01, -7.572540e-01
-9.750000e-02, 1.722706e-10, 8.902352e-11, 1.547951e-10, 1.204980e+03, 5.919944e+02, 1.121203e+03, -1.164247e+04, -5.501814e+03, -1.025206e+04, -1.204363e+03, -5.928347e+02, -1.121429e+03, -4.427034e-04, 2.439950e-02, 1.140644e-02, 9.027365e+02, -2.373260e+02, -9.000286e+02, 1.164359e+04, 5.500293e+03, 1.025165e+04, -9.023690e+02, 2.375000e+02, 9.002123e+02, 6.669418e-01, 2.350706e-01, 2.952293e-01
-9.625000e-02, -8.887716e-11, -4.349367e-11, -7.660858e-11, 1.734165e+03, 8.537061e+02, 1.614442e+03, -1.683038e+04, -7.953797e+03, -1.482781e+04, -1.734029e+03, -8.535762e+02, -1.614671e+03, 9.577474e-03, 2.824915e-02, 1.934581e-02, 1.299745e+03, -3.413111e+02, -1.294815e+03, 1.683063e+04, 7.954032e+03, 1.482739e+04, -1.299719e+03, 3.413037e+02, 1.294712e+03, 1.539199e-02, -1.058782e-01, -2.507296e-01
-9.500000e-02, -4.892353e-12, -9.276844e-12, -3.829024e-12, 1.584021e+03, 7.816051e+02, 1.474780e+03, -1.535491e+04, -7.258152e+03, -1.354026e+04, -1.583969e+03, -7.800232e+02, -1.475742e+03, 6.561579e-02, 9.740609e-02, 8.653817e-02, 1.177031e+03, -3.102518e+02, -1.175715e+03, 1.535500e+04, 7.261016e+03, 1.353852e+04, -1.177373e+03, 3.100119e+02, 1.175081e+03, -8.346911e-01, -7.537943e-01, -1.432944e+00
-9.375000e-02, 2.243441e-10, 1.145380e-10, 2.070251e-10, 1.521131e+03, 7.486280e+02, 1.415945e+03, -1.474521e+04, -6.968447e+03, -1.299029e+04, -1.520858e+03, -7.486670e+02, -1.416235e+03, -2.820323e-02, 9.884561e-02, 3.013886e-02, 1.135395e+03, -3.010312e+02, -1.138778e+03, 1.474571e+04, 6.968377e+03, 1.298977e+04, -1.135074e+03, 3.010991e+02, 1.138436e+03, 6.747915e-01, -2.012694e-01, -7.173386e-01
-9.250000e-02, 2.579102e-11, 3.990180e-12, 3.576229e-11, 1.265207e+03, 6.241344e+02, 1.177462e+03, -1.220556e+04, -5.770130e+03, -1.076496e+04, -1.264712e+03, -6.229620e+02, -1.178698e+03, 1.241835e-01, 4.068148e-02, 9.503190e-02, 9.387077e+02, -2.450552e+02, -9.313280e+02, 1.220646e+04, 5.772253e+03, 1.076272e+04, -9.391202e+02, 2.448582e+02, 9.311113e+02, -1.154212e+00, -4.902681e-01, -7.040283e-01
-9.125000e-02, 7.049922e-11, 2.713209e-11, 5.617418e-11, 1.543695e+03, 7.596912e+02, 1.437842e+03, -1.507697e+04, -7.123723e+03, -1.327690e+04, -1.544249e+03, -7.598331e+02, -1.437127e+03, -6.621717e-02, -2.191780e-02, -5.078091e-02, 1.166582e+03, -3.062316e+02, -1.161823e+03, 1.507596e+04, 7.123466e+03, 1.327820e+04, -1.166534e+03, 3.062451e+02, 1.161791e+03, 3.044242e-01, 9.622596e-02, 1.091386e-01
-9.000000e-02, 4.876522e-11, 1.996372e-11, 3.982466e-11, 1.343173e+03, 6.630148e+02, 1.251037e+03, -1.307787e+04, -6.181249e+03, -1.153112e+04, -1.343584e+03, -6.615070e+02, -1.251427e+03, 6.179256e-02, -1.412770e-03, 3.692425e-02, 1.005818e+03, -2.624698e+02, -9.975941e+02, 1.307713e+04, 6.183979e+03, 1.153041e+04, -1.006412e+03, 2.621835e+02, 9.972677e+02, -1.278883e+00, -5.138434e-01, -7.120899e-01
-8.875000e-02, -6.402781e-11, -2.775045e-11, -5.230161e-11, 1.841395e+03, 9.063465e+02, 1.713897e+03, -1.782692e+04, -8.425209e+03, -1.570695e+04, -1.840907e+03, -9.063001e+02, -1.714481e+03, -1.265790e-02, 1.279879e-01, 5.354346e-02, 1.372198e+03, -3.636964e+02, -1.375978e+03, 1.782781e+04, 8.425293e+03, 1.570589e+04, -1.371838e+03, 3.637659e+02, 1.375556e+03, 6.939098e-01, -2.938178e-01, -9.386139e-01
-8.750000e-02, 1.504619e-10, 7.966781e-11, 1.353062e-10, 2.094290e+03, 1.030412e+03, 1.949150e+03, -2.026632e+04, -9.577894e+03, -1.785408e+04, -2.093622e+03, -1.030683e+03, -1.949760e+03, 8.633002e-02, -3.939354e-02, 3.368028e-02, 1.571383e+03, -4.091132e+02, -1.556009e+03, 2.026753e+04, 9.577404e+03, 1.785297e+04, -1.571479e+03, 4.091404e+02, 1.556391e+03, -4.559020e-01, 1.783349e-01, 5.826485e-01
-8.625000e-02, -5.482821e-11, -2.668334e-11, -4.288905e-11, 1.572454e+03, 7.740932e+02, 1.463844e+03, -1.525468e+04, -7.209221e+03, -1.343986e+04, -1.572284e+03, -7.739754e+02, -1.464106e+03, 4.375238e-02, -2.324605e-02, 1.549912e-02, 1.180831e+03, -3.079946e+02, -1.170773e+03, 1.525499e+04, 7.209434e+03, 1.343939e+04, -1.180979e+03, 3.079580e+02, 1.170899e+03, -4.114662e-01, 1.010102e-02, 1.768050e-01
-8.500000e-02, 7.972614e-11, 4.125391e-11, 7.232903e-11, 1.429310e+03, 7.033637e+02, 1.331008e+03, -1.392367e+04, -6.579244e+03, -1.226279e+04, -1.429552e+03, -7.035016e+02, -1.330652e+03, 2.754507e-02, -1.133181e-01, -3.746482e-02, 1.082965e+03, -2.799159e+02, -1.066900e+03, 1.392324e+04, 6.578994e+03, 1.226343e+04, -1.083265e+03, 2.798727e+02, 1.067337e+03, -6.328793e-01, 2.933480e-01, 9.147693e-01
-8.375000e-02, 8.696643e-12, 1.026429e-12, 5.499096e-12, 1.735935e+03, 8.544650e+02, 1.616303e+03, -1.687635e+04, -7.975058e+03, -1.486622e+04, -1.735999e+03, -8.544428e+02, -1.616242e+03, 6.952134e-03, -2.216981e-02, -6.378536e-03, 1.306072e+03, -3.414954e+02, -1.297161e+03, 1.687624e+04, 7.975098e+03, 1.486633e+04, -1.306149e+03, 3.414777e+02, 1.297235e+03, -1.630572e-01, 4.053348e-02, 1.545925e-01
-8.250000e-02, 2.973681e-12, -3.282807e-12, 7.348699e-13, 1.672226e+03, 8.233300e+02, 1.556905e+03, -1.624307e+04, -7.676151e+03, -1.431045e+04, -1.672210e+03, -8.231205e+02, -1.557043e+03, -2.362796e-02, 6.865220e-02, 1.847451e-02, 1.251638e+03, -3.305047e+02, -1.251765e+03, 1.624310e+04, 7.676530e+03, 1.431020e+04, -1.251495e+03, 3.305070e+02, 1.251447e+03, 3.369518e-01, -2.208776e-01, -6.367321e-01
-8.125000e-02, 7.887311e-12, 5.108516e-12, 7.976208e-12, 1.910732e+03, 9.401550e+02, 1.779020e+03, -1.857780e+04, -8.778795e+03, -1.636270e+04, -1.910778e+03, -9.404112e+02, -1.778820e+03, -2.343153e-02, -2.264365e-03, -1.534147e-02, 1.437472e+03, -3.770655e+02, -1.430898e+03, 1.857772e+04, 8.778331e+03, 1.636306e+04, -1.437366e+03, 3.771127e+02, 1.430934e+03, 2.681220e-01, 9.272363e-02, 1.145714e-01
-8.000000e-02, -2.276564e-11, -1.227875e-11, -2.317535e-11, 1.789232e+03, 8.807305e+02, 1.665894e+03, -1.738986e+04, -8.217807e+03, -1.531899e+04, -1.789267e+03, -8.806794e+02, -1.665883e+03, 1.829128e-02, -3.159244e-02, -3.987741e-03, 1.346257e+03, -3.515437e+02, -1.335849e+03, 1.738980e+04, 8.217899e+03, 1.531901e+04, -1.346382e+03, 3.515147e+02, 1.335966e+03, -2.862235e-01, 5.107876e-02, 2.249208e-01
-7.875000e-02, -6.311739e-11, -2.813116e-11, -5.511717e-11, 1.918259e+03, 9.440611e+02, 1.785848e+03, -1.862470e+04, -8.801454e+03, -1.640654e+04, -1.918134e+03, -9.441400e+02, -1.785945e+03, 2.432251e-03, 1.198724e-02, 7.216226e-03, 1.440044e+03, -3.777150e+02, -1.433404e+03, 1.862492e+04, 8.801311e+03, 1.640636e+04, -1.439984e+03, 3.777373e+02, 1.433398e+03, 1.005309e-01, 1.029000e-03, -3.510614e-02
-7.750000e-02, 6.536532e-11, 3.319684e-11, 5.853601e-11, 2.014014e+03, 9.912970e+02, 1.874992e+03, -1.955225e+04, -9.239898e+03, -1.722442e+04, -2.013880e+03, -9.912901e+02, -1.875150e+03, 1.998633e-02, -4.712056e-03, 9.906680e-03, 1.512431e+03, -3.958740e+02, -1.503250e+03, 1.955249e+04, 9.239911e+03, 1.722414e+04, -1.512465e+03, 3.958698e+02, 1.503304e+03, -1.273963e-01, 7.855013e-03, 6.568062e-02
-7.625000e-02, -2.617851e-11, -9.152308e-12, -2.128563e-11, 2.113819e+03, 1.039485e+03, 1.967972e+03, -2.054632e+04, -9.708620e+03, -1.809301e+04, -2.113757e+03, -1.040243e+03, -1.967611e+03, -5.796008e-02, 1.565915e-02, -2.777494e-02, 1.590508e+03, -4.183187e+02, -1.586191e+03, 2.054643e+04, 9.707249e+03, 1.809367e+04, -1.590142e+03, 4.184717e+02, 1.586254e+03, 8.524185e-01, 2.256307e-01, 2.042238e-01
-7.500000e-02, -3.266041e-11, -1.058989e-11, -2.709803e-11, 2.169889e+03, 1.067619e+03, 2.020157e+03, -2.107891e+04, -9.960875e+03, -1.856615e+04, -2.169798e+03, -1.067940e+03, -2.020078e+03, -4.385909e-03, -1.358504e-02, -9.169605e-03, 1.631952e+03, -4.273577e+02, -1.622566e+03, 2.107907e+04, 9.960294e+03, 1.856629e+04, -1.631873e+03, 4.274101e+02, 1.622695e+03, 1.571372e-01, 1.394778e-01, 2.641406e-01
-7.375000e-02, -2.750765e-11, -1.247848e-11, -2.540089e-11, 2.217583e+03, 1.091505e+03, 2.064796e+03, -2.156432e+04, -1.019029e+04, -1.899531e+04, -2.217701e+03, -1.091510e+03, -2.064657e+03, 6.017761e-03, -3.523133e-02, -1.319739e-02, 1.669300e+03, -4.363103e+02, -1.657488e+03, 2.156410e+04, 1.019029e+04, 1.899556e+04, -1.669404e+03, 4.362897e+02, 1.657607e+03, -2.084800e-01, 7.822317e-02, 2.587399e-01
-7.250000e-02, 7.692228e-11, 4.530198e-11, 6.423682e-11, 2.149721e+03, 1.057221e+03, 2.001266e+03, -2.087721e+04, -9.865268e+03, -1.838575e+04, -2.149534e+03, -1.057916e+03, -2.001083e+03, -2.811998e-02, -4.001582e-04, -1.730228e-02, 1.616999e+03, -4.242531e+02, -1.609859e+03, 2.087754e+04, 9.864009e+03, 1.838608e+04, -1.616728e+03, 4.243845e+02, 1.610014e+03, 5.822705e-01, 2.391355e-01, 3.362084e-01
-7.125000e-02, -5.267968e-11, -2.815443e-11, -4.718680e-11, 2.499939e+03, 1.231132e+03, 2.327749e+03, -2.430458e+04, -1.148579e+04, -2.141349e+04, -2.500107e+03, -1.230614e+03, -2.327853e+03, 1.047956e-02, 1.206498e-02, 1.215016e-02, 1.876831e+03, -4.920460e+02, -1.867550e+03, 2.430427e+04, 1.148673e+04, 2.141330e+04, -1.876990e+03, 4.919552e+02, 1.867377e+03, -3.217303e-01, -2.039118e-01, -3.518580e-01
-7.000000e-02, -9.915904e-11, -4.578515e-11, -8.294271e-11, 2.599017e+03, 1.278835e+03, 2.419339e+03, -2.520425e+04, -1.191094e+04, -2.220228e+04, -2.598596e+03, -1.279130e+03, -2.419652e+03, 2.560349e-02, 7.828033e-03, 1.932545e-02, 1.950276e+03, -5.109006e+02, -1.939567e+03, 2.520501e+04, 1.191040e+04, 2.220171e+04, -1.950173e+03, 5.109613e+02, 1.939688e+03, 1.033073e-01, 8.416324e-02, 1.562217e-01
-6.875000e-02, -4.692185e-12, 1.743243e-13, -5.015151e-12, 2.585081e+03, 1.271409e+03, 2.406715e+03, -2.512319e+04, -1.187149e+04, -2.212469e+04, -2.584998e+03, -1.272191e+03, -2.406364e+03, -4.460006e-02, -5.237132e-03, -2.964490e-02, 1.945701e+03, -5.105407e+02, -1.937227e+03, 2.512334e+04, 1.187007e+04, 2.212533e+04, -1.945398e+03, 5.106855e+02, 1.937388e+03, 6.943576e-01, 2.794574e-01, 3.877121e-01
-6.750000e-02, -4.689654e-11, -1.999273e-11, -3.757355e-11, 2.459443e+03, 1.210368e+03, 2.289490e+03, -2.385642e+04, -1.127407e+04, -2.101604e+04, -2.459111e+03, -1.210483e+03, -2.289805e+03, 2.509573e-02, 1.265148e-02, 2.132464e-02, 1.845049e+03, -4.834779e+02, -1.835301e+03, 2.385702e+04, 1.127386e+04, 2.101547e+04, -1.844996e+03, 4.835074e+02, 1.835351e+03, 1.508297e-02, 1.185147e-02, 2.179862e-02
-6.625000e-02, -3.130245e-11, -1.319436e-11, -2.431027e-11, 2.838075e+03, 1.396681e+03, 2.642214e+03, -2.756179e+04, -1.302471e+04, -2.427853e+04, -2.837931e+03, -1.396852e+03, -2.642281e+03, 6.130919e-04, 7.569125e-03, 3.995093e-03, 2.131716e+03, -5.588822e+02, -2.121204e+03, 2.756205e+04, 1.302440e+04, 2.427841e+04, -2.131634e+03, 5.589193e+02, 2.121236e+03, 1.459322e-01, 4.230437e-02, 4.347056e-02
-6.500000e-02, -3.267469e-12, -4.183847e-12, -1.542381e-12, 3.029241e+03, 1.491541e+03, 2.820447e+03, -2.943655e+04, -1.391103e+04, -2.593406e+04, -3.029313e+03, -1.491108e+03, -2.820613e+03, 3.775647e-02, -2.401483e-02, 1.148277e-02, 2.276111e+03, -5.951197e+02, -2.260570e+03, 2.943642e+04, 1.391181e+04, 2.593376e+04, -2.276367e+03, 5.950230e+02, 2.260589e+03, -5.882070e-01, -9.642913e-02, -3.788428e-03
-6.375000e-02, -3.039966e-11, -2.215117e-11, -2.828097e-11, 2.888440e+03, 1.423178e+03, 2.689783e+03, -2.810520e+04, -1.328213e+04, -2.476547e+04, -2.888891e+03, -1.422014e+03, -2.689931e+03, 4.613583e-02, -2.619578e-02, 1.553791e-02, 2.170270e+03, -5.671688e+02, -2.154714e+03, 2.810438e+04, 1.328423e+04, 2.476520e+04, -2.170799e+03, 5.669325e+02, 2.154533e+03, -1.108902e+00, -3.419837e-01, -3.778107e-01
-6.250000e-02, 3.347381e-11, 1.886816e-11, 3.002283e-11, 3.078433e+03, 1.514767e+03, 2.865926e+03, -2.989216e+04, -1.412586e+04, -2.633022e+04, -3.078226e+03, -1.515110e+03, -2.865967e+03, -1.063837e-02, 1.819326e-02, 2.232604e-03, 2.312000e+03, -6.066477e+02, -2.301932e+03, 2.989254e+04, 1.412524e+04, 2.633015e+04, -2.311817e+03, 6.067238e+02, 2.301960e+03, 3.666561e-01, 7.822749e-02, 4.428640e-02
-6.125000e-02, 1.369986e-11, 2.634369e-14, 1.501593e-11, 3.613946e+03, 1.779887e+03, 3.364868e+03, -3.511248e+04, -1.659376e+04, -3.093777e+04, -3.614039e+03, -1.779007e+03, -3.365264e+03, 2.568766e-02, 4.713020e-02, 3.818383e-02, 2.709638e+03, -7.110921e+02, -2.698146e+03, 3.511232e+04, 1.659536e+04, 3.093705e+04, -2.709839e+03, 7.109544e+02, 2.697791e+03, -4.473118e-01, -4.039445e-01, -7.678825e-01
-6.000000e-02, -1.437280e-11, -5.698113e-12, -1.401108e-11, 3.142835e+03, 1.546734e+03, 2.926268e+03, -3.056104e+04, -1.444159e+04, -2.691909e+04, -3.142977e+03, -1.546888e+03, -2.926017e+03, -2.965576e-02, 9.718626e-04, -1.758024e-02, 2.363454e+03, -6.199471e+02, -2.352612e+03, 3.056078e+04, 1.444131e+04, 2.691954e+04, -2.363369e+03, 6.199769e+02, 2.352594e+03, 2.502759e-01, 5.079386e-02, 2.420537e-02
-5.875000e-02, 1.432136e-11, 7.550183e-12, 1.375468e-11, 3.522117e+03, 1.733510e+03, 3.279168e+03, -3.421617e+04, -1.616934e+04, -3.014092e+04, -3.522045e+03, -1.733572e+03, -3.279215e+03, 4.123854e-03, 3.963613e-04, 2.699003e-03, 2.646212e+03, -6.934397e+02, -2.632281e+03, 3.421630e+04, 1.616922e+04, 3.014084e+04, -2.646193e+03, 6.934517e+02, 2.632307e+03, 2.150650e-02, 2.042349e-02, 3.923802e-02
-5.750000e-02, 1.260040e-12, 2.537666e-12, 6.836133e-13, 3.829378e+03, 1.884426e+03, 3.565281e+03, -3.721260e+04, -1.758495e+04, -3.277795e+04, -3.829348e+03, -1.884749e+03, -3.565130e+03, -3.233181e-02, 1.994700e-02, -1.012848e-02, 2.877610e+03, -7.553124e+02, -2.865748e+03, 3.721265e+04, 1.758437e+04, 3.277823e+04, -2.877409e+03, 7.553857e+02, 2.865720e+03, 4.697653e-01, 6.747796e-02, -1.903533e-02
-5.625000e-02, -1.063522e-11, -7.477810e-12, -8.967364e-12, 4.145112e+03, 2.040658e+03, 3.859354e+03, -4.027945e+04, -1.903489e+04, -3.548484e+04, -4.145169e+03, -2.040318e+03, -3.859483e+03, 1.269229e-02, 9.098577e-03, 1.207708e-02, 3.113087e+03, -8.159069e+02, -3.097030e+03, 4.027934e+04, 1.903550e+04, 3.548460e+04, -3.113193e+03, 8.158482e+02, 3.096926e+03, -2.330520e-01, -1.360215e-01, -2.278351e-01
-5.500000e-02, -1.129021e-12, 1.039261e-12, -5.746288e-13, 4.370322e+03, 2.150847e+03, 4.068855e+03, -4.245727e+04, -2.006367e+04, -3.739960e+04, -4.370225e+03, -2.151030e+03, -4.068862e+03, -7.589591e-03, 1.006297e-02, 1.971941e-04, 3.283388e+03, -8.609233e+02, -3.267466e+03, 4.245745e+04, 2.006334e+04, 3.739959e+04, -3.283287e+03, 8.609640e+02, 3.267475e+03, 2.065992e-01, 4.079969e-02, 1.736667e-02
-5.375000e-02, 1.141972e-11, 9.174620e-12, 1.145767e-11, 4.592181e+03, 2.259733e+03, 4.275265e+03, -4.459984e+04, -2.107610e+04, -3.928565e+04, -4.591950e+03, -2.260158e+03, -4.275286e+03, -2.737563e-03, -4.178733e-04, -1.865750e-03, 3.450661e+03, -9.043600e+02, -3.432797e+03, 4.460026e+04, 2.107533e+04, 3.928561e+04, -3.450509e+03, 9.044402e+02, 3.432922e+03, 2.840590e-01, 1.467287e-01, 2.335902e-01
-5.250000e-02, 1.006153e-11, 5.580344e-12, 7.097342e-12, 4.902974e+03, 2.413175e+03, 4.565034e+03, -4.766241e+04, -2.252317e+04, -4.198440e+04, -4.903112e+03, -2.413251e+03, -4.564832e+03, -7.043571e-03, -2.627896e-02, -1.686115e-02, 3.687145e+03, -9.656319e+02, -3.666162e+03, 4.766216e+04, 2.252303e+04, 4.198477e+04, -3.687186e+03, 9.656302e+02, 3.666249e+03, -5.221592e-02, 8.315239e-02, 2.118760e-01
-5.125000e-02, 1.983006e-12, 1.908511e-12, 1.032688e-12, 5.515399e+03, 2.714391e+03, 5.135115e+03, -5.360322e+04, -2.533053e+04, -4.721675e+04, -5.515436e+03, -2.714637e+03, -5.134932e+03, -1.732649e-02, -9.442224e-03, -1.506140e-02, 4.146339e+03, -1.086662e+03, -4.124804e+03, 5.360315e+04, 2.533009e+04, 4.721708e+04, -4.146263e+03, 1.086703e+03, 4.124871e+03, 1.948438e-01, 1.050610e-01, 1.704435e-01
-5.000000e-02, -9.314041e-13, -1.108926e-13, -5.353532e-14, 6.082759e+03, 2.993970e+03, 5.663288e+03, -5.910222e+04, -2.792959e+04, -5.206354e+04, -6.082729e+03, -2.993949e+03, -5.663334e+03, -3.930212e-03, 1.524945e-02, 4.905771e-03, 4.569473e+03, -1.198063e+03, -4.547106e+03, 5.910227e+04, 2.792963e+04, 5.206346e+04, -4.569433e+03, 1.198069e+03, 4.547046e+03, 8.508486e-02, -4.011023e-02, -1.245379e-01
-4.875000e-02, 1.367562e-11, 8.121992e-12, 1.298771e-11, 6.238821e+03, 3.070619e+03, 5.808475e+03, -6.060741e+04, -2.864091e+04, -5.338897e+04, -6.238689e+03, -3.070724e+03, -5.808567e+03, 1.142584e-02, -4.695589e-03, 4.705573e-03, 4.687546e+03, -1.228136e+03, -4.662239e+03, 6.060765e+04, 2.864072e+04, 5.338880e+04, -4.687532e+03, 1.228153e+03, 4.662310e+03, -1.374947e-02, 4.595806e-02, 1.114687e-01
-4.750000e-02, 4.568936e-12, 3.304122e-12, 3.576886e-12, 6.520180e+03, 3.209102e+03, 6.070607e+03, -6.336342e+04, -2.994300e+04, -5.581566e+04, -6.520210e+03, -3.209222e+03, -6.070504e+03, -1.230072e-02, -6.948901e-04, -7.817420e-03, 4.900210e+03, -1.284407e+03, -4.875224e+03, 6.336336e+04, 2.994279e+04, 5.581585e+04, -4.900158e+03, 1.284429e+03, 4.875237e+03, 1.338907e-01, 4.257004e-02, 4.857546e-02
-4.625000e-02, -3.407171e-13, -1.294097e-13, -8.193924e-13, 7.903526e+03, 3.890104e+03, 7.358588e+03, -7.680626e+04, -3.629567e+04, -6.765817e+04, -7.903576e+03, -3.890132e+03, -7.358515e+03, -6.666007e-03, -2.588776e-03, -5.295014e-03, 5.939509e+03, -1.556623e+03, -5.908699e+03, 7.680617e+04, 3.629562e+04, 6.765830e+04, -5.939500e+03, 1.556626e+03, 5.908701e+03, 3.717261e-02, 1.506314e-02, 2.099302e-02
-4.500000e-02, -4.206971e-12, -2.848044e-12, -3.081887e-12, 9.003539e+03, 4.431768e+03, 8.382700e+03, -8.748477e+04, -4.134226e+04, -7.706687e+04, -9.003539e+03, -4.431601e+03, -8.382796e+03, 8.201504e-03, 7.092503e-03, 8.384508e-03, 6.764198e+03, -1.772782e+03, -6.729186e+03, 8.748477e+04, 4.134256e+04, 7.706670e+04, -6.764245e+03, 1.772755e+03, 6.729131e+03, -1.110601e-01, -7.274104e-02, -1.269011e-01
-4.375000e-02, 2.580562e-12, 1.852230e-12, 2.510683e-12, 1.057264e+04, 5.203790e+03, 9.843552e+03, -1.027304e+05, -4.854658e+04, -9.049498e+04, -1.057260e+04, -5.203858e+03, -9.843564e+03, 1.358920e-03, -1.447492e-03, 1.342283e-04, 7.944434e+03, -2.081953e+03, -7.902909e+03, 1.027305e+05, 4.854646e+04, 9.049495e+04, -7.944415e+03, 2.081965e+03, 7.902937e+03, 2.928794e-02, 2.638719e-02, 5.013570e-02
-4.250000e-02, -1.419741e-12, -5.618278e-13, -8.759373e-13, 1.274194e+04, 6.271604e+03, 1.186328e+04, -1.238107e+05, -5.850837e+04, -1.090650e+05, -1.274191e+04, -6.271606e+03, -1.186331e+04, 7.269312e-03, -6.821151e-03, 1.159214e-03, 9.574609e+03, -2.508911e+03, -9.523891e+03, 1.238107e+05, 5.850836e+04, 1.090650e+05, -9.574634e+03, 2.508908e+03, 9.523927e+03, -6.938237e-02, 1.573213e-02, 6.227447e-02
-4.125000e-02, -3.051096e-13, 2.164365e-13, 8.164743e-15, 1.729568e+04, 8.512910e+03, 1.610302e+04, -1.680618e+05, -7.941977e+04, -1.480455e+05, -1.729566e+04, -8.512957e+03, -1.610302e+04, 1.317850e-03, -4.473242e-03, -1.338666e-03, 1.299651e+04, -3.405874e+03, -1.292845e+04, 1.680619e+05, 7.941968e+04, 1.480455e+05, -1.299651e+04, 3.405880e+03, 1.292848e+04, 3.311336e-04, 2.572375e-02, 5.939833e-02
-4.039519e-02, -4.414021e-13, 7.412692e-14, -1.072159e-13, 2.300790e+04, 1.132451e+04, 2.142137e+04, -2.235695e+05, -1.056506e+05, -1.969423e+05, -2.300789e+04, -1.132453e+04, -2.142136e+04, -9.781185e-04, -9.721563e-04, -1.060381e-03, 1.728858e+04, -4.530854e+03, -1.719857e+04, 2.235695e+05, 1.056506e+05, 1.969424e+05, -1.728857e+04, 4.530858e+03, 1.719858e+04, 1.528738e-02, 1.039030e-02, 1.834143e-02
-4.006586e-02, -3.408753e-13, -1.469468e-13, -4.636703e-14, 2.636911e+04, 1.297897e+04, 2.455083e+04, -2.562319e+05, -1.210857e+05, -2.257151e+05, -2.636912e+04, -1.297894e+04, -2.455083e+04, 7.755273e-05, 4.867957e-04, 2.801352e-04, 1.981404e+04, -5.192735e+03, -1.971096e+04, 2.562318e+05, 1.210857e+05, 2.257151e+05, -1.981405e+04, 5.192730e+03, 1.971095e+04, -1.796364e-02, -1.180249e-02, -2.061111e-02
-3.984862e-02, -4.968634e-13, 5.859828e-14, 1.823220e-13, 2.799359e+04, 1.377850e+04, 2.606326e+04, -2.720129e+05, -1.285432e+05, -2.396164e+05, -2.799357e+04, -1.377850e+04, -2.606328e+04, -3.664661e-05, 3.586951e-03, 1.694154e-03, 2.103440e+04, -5.512652e+03, -2.092522e+04, 2.720129e+05, 1.285432e+05, 2.396164e+05, -2.103438e+04, 5.512655e+03, 2.092521e+04, 2.362667e-02, -5.160509e-03, -2.075102e-02
-3.970587e-02, -1.409818e-13, 2.141174e-13, 3.163629e-13, 2.847977e+04, 1.401779e+04, 2.651592e+04, -2.767390e+05, -1.307766e+05, -2.437796e+05, -2.847976e+04, -1.401780e+04, -2.651593e+04, 1.391216e-03, -1.789640e-03, -9.847016e-06, 2.140013e+04, -5.608315e+03, -2.128855e+04, 2.767390e+05, 1.307766e+05, 2.437796e+05, -2.140014e+04, 5.608315e+03, 2.128856e+04, -1.138376e-02, 6.412914e-03, 1.908366e-02
-3.961246e-02, -3.685591e-13, -3.180702e-14, 1.273307e-13, 2.806138e+04, 1.381189e+04, 2.612640e+04, -2.726741e+05, -1.288557e+05, -2.401990e+05, -2.806139e+04, -1.381188e+04, -2.612641e+04, 1.503695e-03, -6.804323e-04, 5.893817e-04, 2.108565e+04, -5.525929e+03, -2.097579e+04, 2.726741e+05, 1.288557e+05, 2.401990e+05, -2.108566e+04, 5.525925e+03, 2.097579e+04, -2.113462e-02, -3.976821e-03, -1.320982e-03
-3.955163e-02, -5.212468e-13, -6.255659e-14, -2.106350e-14, 2.725330e+04, 1.341414e+04, 2.537403e+04, -2.648216e+05, -1.251449e+05, -2.332816e+05, -2.725329e+04, -1.341413e+04, -2.537403e+04, 1.037703e-03, -6.441290e-04, 3.232013e-04, 2.047847e+04, -5.366811e+03, -2.037179e+04, 2.648216e+05, 1.251449e+05, 2.332816e+05, -2.047847e+04, 5.366810e+03, 2.037179e+04, -1.066871e-02, 2.109390e-04, 4.466363e-03
-3.951225e-02, -4.792273e-13, -8.038903e-14, -9.156443e-14, 2.653901e+04, 1.306256e+04, 2.470900e+04, -2.578814e+05, -1.218652e+05, -2.271679e+05, -2.653901e+04, -1.306256e+04, -2.470900e+04, 1.590228e-04, 8.565504e-06, 1.008630e-04, 1.994174e+04, -5.226185e+03, -1.983795e+04, 2.578814e+05, 1.218652e+05, 2.271679e+05, -1.994174e+04, 5.226184e+03, 1.983795e+04, -3.258990e-03, -1.365349e-03, -1.944012e-03
-3.948692e-02, -4.035017e-13, -6.388981e-14, 8.407447e-15, 2.605865e+04, 1.282613e+04, 2.426177e+04, -2.532138e+05, -1.196594e+05, -2.230563e+05, -2.605865e+04, -1.282613e+04, -2.426177e+04, -7.925769e-04, 1.570516e-03, 2.692575e-04, 1.958071e+04, -5.131632e+03, -1.947897e+04, 2.532138e+05, 1.196594e+05, 2.230563e+05, -1.958071e+04, 5.131633e+03, 1.947896e+04, 9.138167e-03, -4.953249e-03, -1.486880e-02
-3.947075e-02, -5.326274e-13, -6.593712e-14, -5.476446e-14, 2.567024e+04, 1.263496e+04, 2.390013e+04, -2.494395e+05, -1.178759e+05, -2.197315e+05, -2.567024e+04, -1.263495e+04, -2.390014e+04, 5.222321e-04, -2.183691e-04, 2.132787e-04, 1.928893e+04, -5.055088e+03, -1.918850e+04, 2.494395e+05, 1.178759e+05, 2.197315e+05, -1.928894e+04, 5.055086e+03, 1.918850e+04, -9.504585e-03, -2.627086e-03, -2.534595e-03
-3.946052e-02, -1.668968e-13, 1.021775e-13, 9.256043e-14, 2.549382e+04, 1.254811e+04, 2.373588e+04, -2.477254e+05, -1.170658e+05, -2.182214e+05, -2.549382e+04, -1.254811e+04, -2.373588e+04, -2.610262e-04, -3.566060e-04, -3.294781e-04, 1.915643e+04, -5.020374e+03, -1.905672e+04, 2.477254e+05, 1.170658e+05, 2.182214e+05, -1.915643e+04, 5.020374e+03, 1.905672e+04, 2.587568e-03, 2.454391e-03, 4.714296e-03
-3.945413e-02, -5.264512e-13, -3.430666e-14, -6.711187e-14, 2.527951e+04, 1.244263e+04, 2.353634e+04, -2.456419e+05, -1.160812e+05, -2.163861e+05, -2.527951e+04, -1.244263e+04, -2.353635e+04, 1.000964e-03, -6.430002e-04, 3.013856e-04, 1.899534e+04, -4.978125e+03, -1.889638e+04, 2.456419e+05, 1.160812e+05, 2.163861e+05, -1.899534e+04, 4.978125e+03, 1.889639e+04, -6.277447e-03, 2.456496e-03, 8.024859e-03
-3.945020e-02, -3.236684e-13, 5.451998e-14, 5.946852e-14, 2.518639e+04, 1.239680e+04, 2.344965e+04, -2.447379e+05, -1.156540e+05, -2.155898e+05, -2.518639e+04, -1.239680e+04, -2.344965e+04, -1.567582e-04, 2.150930e-04, 7.541704e-06, 1.892537e+04, -4.959833e+03, -1.882690e+04, 2.447379e+05, 1.156540e+05, 2.155898e+05, -1.892536e+04, 4.959833e+03, 1.882690e+04, 1.866495e-03, -4.767398e-04, -1.799122e-03
-3.944782e-02, -2.947208e-13, 2.769434e-14, 1.191121e-13, 2.509224e+04, 1.235046e+04, 2.336199e+04, -2.438226e+05, -1.152215e+05, -2.147836e+05, -2.509224e+04, -1.235045e+04, -2.336199e+04, 2.429916e-04, 2.570505e-04, 2.708641e-04, 1.885459e+04, -4.941278e+03, -1.875647e+04, 2.438226e+05, 1.152215e+05, 2.147836e+05, -1.885459e+04, 4.941278e+03, 1.875647e+04, -1.284861e-03, -1.314213e-03, -2.561824e-03
-3.944642e-02, -6.403700e-13, -8.959026e-14, -2.572241e-13, 2.509512e+04, 1.235187e+04, 2.336467e+04, -2.438511e+05, -1.152350e+05, -2.148086e+05, -2.509512e+04, -1.235187e+04, -2.336467e+04, 6.007286e-05, -8.242048e-04, -3.578505e-04, 1.885686e+04, -4.941845e+03, -1.875866e+04, 2.438511e+05, 1.152350e+05, 2.148086e+05, -1.885687e+04, 4.941846e+03, 1.875866e+04, -1.122628e-03, 3.624649e-03, 8.805641e-03
-3.944562e-02, -5.106784e-13, -9.037202e-14, -1.032415e-13, 2.512669e+04, 1.236741e+04, 2.339407e+04, -2.441582e+05, -1.153801e+05, -2.150792e+05, -2.512669e+04, -1.236741e+04, -2.339406e+04, -1.560013e-04, -5.511611e-04, -3.586711e-04, 1.888058e+04, -4.948072e+03, -1.878228e+04, 2.441582e+05, 1.153801e+05, 2.150792e+05, -1.888058e+04, 4.948072e+03, 1.878228e+04, -2.399828e-03, 1.024545e-03, 3.265555e-03
-3.944519e-02, -3.594939e-13, -1.597931e-14, -3.167761e-14, 2.510952e+04, 1.235896e+04, 2.337808e+04, -2.439913e+05, -1.153012e+05, -2.149321e+05, -2.510952e+04, -1.235896e+04, -2.337808e+04, -4.424497e-04, -1.669814e-04, -3.491324e-04, 1.886766e+04, -4.944703e+03, -1.876947e+04, 2.439913e+05, 1.153012e+05, 2.149321e+05, -1.886766e+04, 4.944703e+03, 1.876947e+04, 3.130749e-03, 1.330647e-03, 1.911535e-03
-3.944476e-02, -2.942948e-13, 3.199797e-14, 7.377186e-14, 2.501595e+04, 1.231291e+04, 2.329097e+04, -2.430826e+05, -1.148718e+05, -2.141317e+05, -2.501596e+04, -1.231291e+04, -2.329097e+04, -4.895737e-05, -7.625498e-04, -3.946910e-04, 1.879738e+04, -4.926261e+03, -1.869950e+04, 2.430826e+05, 1.148718e+05, 2.141317e+05, -1.879739e+04, 4.926259e+03, 1.869950e+04, -7.996829e-03, -6.428831e-04, 1.494394e-03
-3.944396e-02, -4.122956e-13, 1.019655e-14, -9.408282e-14, 2.508429e+04, 1.234653e+04, 2.335458e+04, -2.437456e+05, -1.151851e+05, -2.147157e+05, -2.508428e+04, -1.234654e+04, -2.335458e+04, 2.587392e-04, -1.401564e-03, -5.132458e-04, 1.884876e+04, -4.939702e+03, -1.875055e+04, 2.437456e+05, 1.151851e+05, 2.147157e+05, -1.884877e+04, 4.939703e+03, 1.875055e+04, -1.644091e-03, 6.718495e-03, 1.615890e-02
-3.944256e-02, -3.609598e-13, -6.874662e-14, 9.927671e-14, 2.501780e+04, 1.231383e+04, 2.329268e+04, -2.430991e+05, -1.148796e+05, -2.141464e+05, -2.501780e+04, -1.231382e+04, -2.329269e+04, 1.315023e-03, 5.233642e-05, 8.252260e-04, 1.879860e+04, -4.926581e+03, -1.870071e+04, 2.430991e+05, 1.148797e+05, 2.141463e+05, -1.879861e+04, 4.926578e+03, 1.870071e+04, -1.633142e-02, -5.521567e-03, -6.686423e-03
-3.944018e-02, -4.319087e-13, -1.214166e-15, -5.145254e-14, 2.493198e+04, 1.227157e+04, 2.321278e+04, -2.422655e+05, -1.144857e+05, -2.134119e+05, -2.493198e+04, -1.227158e+04, -2.321278e+04, 3.964350e-04, -7.465512e-04, -1.160174e-04, 1.873425e+04, -4.909709e+03, -1.863668e+04, 2.422655e+05, 1.144857e+05, 2.134119e+05, -1.873425e+04, 4.909709e+03, 1.863668e+04, -3.026837e-03, 3.110695e-03, 8.326474e-03
-3.943624e-02, -3.088935e-13, 2.341981e-14, -1.135945e-14, 2.491457e+04, 1.226301e+04, 2.319658e+04, -2.420973e+05, -1.144062e+05, -2.132637e+05, -2.491458e+04, -1.226301e+04, -2.319657e+04, -3.694314e-04, -7.064942e-04, -5.628728e-04, 1.872122e+04, -4.906308e+03, -1.862375e+04, 2.420973e+05, 1.144062e+05, 2.132637e+05, -1.872122e+04, 4.906308e+03, 1.862375e+04, -1.131500e-03, 1.906053e-03, 4.832315e-03
-3.942985e-02, -4.382048e-13, 2.721806e-14, -9.210480e-14, 2.474927e+04, 1.218164e+04, 2.304267e+04, -2.404905e+05, -1.136469e+05, -2.118482e+05, -2.474927e+04, -1.218164e+04, -2.304267e+04, -2.720833e-04, -2.436130e-04, -2.821361e-04, 1.859696e+04, -4.873754e+03, -1.850016e+04, 2.404905e+05, 1.136469e+05, 2.118482e+05, -1.859695e+04, 4.873754e+03, 1.850017e+04, 2.838268e-03, 2.001789e-03, 3.573544e-03
-3.941963e-02, -4.628455e-13, -1.498576e-14, -7.221087e-14, 2.440634e+04, 1.201285e+04, 2.272339e+04, -2.371581e+05, -1.120721e+05, -2.089128e+05, -2.440634e+04, -1.201285e+04, -2.272338e+04, -6.342315e-04, 5.485286e-04, -1.234392e-04, 1.833922e+04, -4.806239e+03, -1.824385e+04, 2.371581e+05, 1.120721e+05, 2.089128e+05, -1.833922e+04, 4.806240e+03, 1.824385e+04, 7.774869e-03, -2.222163e-04, -3.413368e-03
-3.940346e-02, -4.134987e-13, -8.628819e-14, -1.009656e-13, 2.400064e+04, 1.181318e+04, 2.234567e+04, -2.332156e+05, -1.102090e+05, -2.054399e+05, -2.400064e+04, -1.181317e+04, -2.234567e+04, 6.492454e-04, -2.691605e-05, 3.821808e-04, 1.803435e+04, -4.726300e+03, -1.794046e+04, 2.332156e+05, 1.102090e+05, 2.054398e+05, -1.803435e+04, 4.726299e+03, 1.794046e+04, -7.536619e-03, -2.184304e-03, -2.243886e-03
-3.937813e-02, -3.582457e-13, -4.797453e-14, -4.650476e-14, 2.324976e+04, 1.144359e+04, 2.164656e+04, -2.259196e+05, -1.067612e+05, -1.990128e+05, -2.324976e+04, -1.144358e+04, -2.164656e+04, 3.897487e-04, 3.700129e-05, 2.548652e-04, 1.747014e+04, -4.578442e+03, -1.737920e+04, 2.259196e+05, 1.067612e+05, 1.990128e+05, -1.747014e+04, 4.578440e+03, 1.737920e+04, -8.014811e-03, -3.439942e-03, -4.970975e-03
-3.933874e-02, -3.294999e-13, -9.389348e-14, -2.620734e-14, 2.202824e+04, 1.084236e+04, 2.050927e+04, -2.140500e+05, -1.011521e+05, -1.885569e+05, -2.202824e+04, -1.084235e+04, -2.050928e+04, 3.147829e-04, 3.524574e-04, 3.602035e-04, 1.655225e+04, -4.337899e+03, -1.646612e+04, 2.140500e+05, 1.011521e+05, 1.885569e+05, -1.655225e+04, 4.337897e+03, 1.646611e+04, -7.085437e-03, -4.697159e-03, -8.226588e-03
-3.927792e-02, -2.776509e-13, 9.339028e-15, -2.585364e-15, 2.016280e+04, 9.924176e+03, 1.877247e+04, -1.959234e+05, -9.258613e+04, -1.725891e+05, -2.016280e+04, -9.924176e+03, -1.877247e+04, 1.225053e-05, -1.500077e-04, -6.432841e-05, 1.515060e+04, -3.970556e+03, -1.507174e+04, 1.959234e+05, 9.258613e+04, 1.725891e+05, -1.515060e+04, 3.970556e+03, 1.507174e+04, -1.048136e-03, 2.119756e-04, 8.813285e-04
-3.918451e-02, -1.784419e-13, 4.063087e-14, 1.615107e-13, 1.729460e+04, 8.512444e+03, 1.610204e+04, -1.680528e+05, -7.941551e+04, -1.480379e+05, -1.729460e+04, -8.512441e+03, -1.610204e+04, 1.844301e-04, 4.218186e-05, 1.324095e-04, 1.299537e+04, -3.405730e+03, -1.292773e+04, 1.680528e+05, 7.941551e+04, 1.480379e+05, -1.299537e+04, 3.405730e+03, 1.292773e+04, -3.033331e-03, -1.343515e-03, -1.977636e-03
-3.904176e-02, -2.466533e-13, -2.506101e-14, -8.564058e-14, 1.337830e+04, 6.584825e+03, 1.245579e+04, -1.299980e+05, -6.143224e+04, -1.145153e+05, -1.337830e+04, -6.584828e+03, -1.245579e+04, -5.716651e-04, 4.046957e-04, -1.541959e-04, 1.005262e+04, -2.634542e+03, -1.000037e+04, 1.299980e+05, 6.143223e+04, 1.145153e+05, -1.005262e+04, 2.634542e+03, 1.000036e+04, 6.612117e-03, 3.074858e-05, -2.394455e-03
-3.882452e-02, -1.803875e-13, -4.674669e-16, -6.690856e-14, 9.145070e+03, 4.501219e+03, 8.514466e+03, -8.886322e+04, -4.199346e+04, -7.827966e+04, -9.145070e+03, -4.501223e+03, -8.514465e+03, -4.008706e-04, 3.860303e-04, -5.920070e-05, 6.871711e+03, -1.800907e+03, -6.835999e+03, 8.886322e+04, 4.199345e+04, 7.827966e+04, -6.871708e+03, 1.800908e+03, 6.835998e+03, 6.214319e-03, 3.607135e-04, -1.482619e-03
-3.849519e-02, -4.405171e-14, 8.301948e-15, 2.401840e-14, 5.673160e+03, 2.792342e+03, 5.281966e+03, -5.512662e+04, -2.605079e+04, -4.856108e+04, -5.673161e+03, -2.792342e+03, -5.281964e+03, -1.367639e-04, 1.207873e-05, -7.743982e-05, 4.262893e+03, -1.117191e+03, -4.240715e+03, 5.512661e+04, 2.605079e+04, 4.856108e+04, -4.262893e+03, 1.117191e+03, 4.240715e+03, 6.964259e-04, -4.801090e-05, -3.707832e-04
-3.750000e-02, -6.527866e-14, -2.518588e-14, -4.595457e-14, 2.017159e+03, 9.928502e+02, 1.878065e+03, -1.960094e+04, -9.262677e+03, -1.726648e+04, -2.017160e+03, -9.928501e+02, -1.878065e+03, 5.406367e-05, -1.993547e-04, -6.249928e-05, 1.515735e+03, -3.972258e+02, -1.507828e+03, 1.960094e+04, 9.262677e+03, 1.726648e+04, -1.515735e+03, 3.972257e+02, 1.507828e+03, -1.334389e-03, 4.126898e-04, 1.452500e-03
-3.625000e-02, -2.273715e-14, 7.561475e-15, 2.458458e-14, 8.007725e+02, 3.941423e+02, 7.455548e+02, -7.781145e+03, -3.677081e+03, -6.854420e+03, -8.007724e+02, -3.941420e+02, -7.455550e+02, 1.397596e-05, 2.782656e-05, 2.182003e-05, 6.017071e+02, -1.576917e+02, -5.985773e+02, 7.781145e+03, 3.677082e+03, 6.854420e+03, -6.017072e+02, 1.576916e+02, 5.985771e+02, -1.245686e-04, -1.670277e-04, -3.400324e-04
-3.500000e-02, -3.825372e-14, -1.201769e-14, -1.961819e-14, 3.619112e+02, 1.781335e+02, 3.369554e+02, -3.516709e+03, -1.661866e+03, -3.097872e+03, -3.619112e+02, -1.781335e+02, -3.369554e+02, 1.535891e-05, -1.566221e-05, 1.850987e-06, 2.719451e+02, -7.126868e+01, -2.705279e+02, 3.516709e+03, 1.661866e+03, 3.097872e+03, -2.719452e+02, 7.126868e+01, 2.705280e+02, -1.558251e-04, 3.447175e-05, 1.378696e-04
