-6.161125e-02, -6.645466e-09, 4.620730e-09, -1.515164e-08, 3.236521e-07, 1.668203e-07, -1.216281e-08, 1.888694e-06, 1.068182e-06, -1.999460e-07, -3.036003e-07, -1.953879e-07, 2.967727e-08, -1.047052e-08, 2.560162e-08, 1.534888e-08, -3.257709e-06, -1.894129e-06, 3.472850e-07, -1.878946e-06, -1.091116e-06, 1.601495e-07, 3.264560e-06, 1.881189e-06, -2.777097e-07, 1.212305e-08, -2.770397e-08, 2.423055e-10
-6.059230e-02, -1.017391e-08, 2.952037e-09, -1.536240e-08, 3.484136e-07, 1.801338e-07, -1.413358e-08, 1.946296e-06, 1.100520e-06, -2.059123e-07, -3.225714e-07, -2.072110e-07, 3.190120e-08, -7.489600e-09, 2.876214e-08, 1.510235e-08, -3.340231e-06, -1.941493e-06, 3.557663e-07, -1.937885e-06, -1.125455e-06, 1.647614e-07, 3.359684e-06, 1.935888e-06, -2.850627e-07, 1.794495e-08, -2.570361e-08, -1.989755e-10
-5.957335e-02, -7.049254e-09, 4.096823e-09, -1.482316e-08, 3.142796e-07, 1.620162e-07, -1.179972e-08, 1.839068e-06, 1.039672e-06, -1.946787e-07, -2.934606e-07, -1.888484e-07, 2.897025e-08, -8.878968e-09, 2.547882e-08, 1.457637e-08, -3.156959e-06, -1.835119e-06, 3.364486e-07, -1.827423e-06, -1.061107e-06, 1.555306e-07, 3.168103e-06, 1.825610e-06, -2.690655e-07, 1.582155e-08, -2.473655e-08, -7.573241e-11
-5.855440e-02, -8.743317e-09, 3.561733e-09, -1.536990e-08, 3.359636e-07, 1.734380e-07, -1.314912e-08, 1.922163e-06, 1.086643e-06, -2.034140e-07, -3.117343e-07, -2.004372e-07, 3.090097e-08, -8.991433e-09, 2.709879e-08, 1.511489e-08, -3.295897e-06, -1.915712e-06, 3.511545e-07, -1.911375e-06, -1.109904e-06, 1.624935e-07, 3.312381e-06, 1.908705e-06, -2.810459e-07, 1.886049e-08, -2.463498e-08, -3.066318e-10
-5.753545e-02, -1.237010e-08, 1.497498e-09, -1.477727e-08, 3.450991e-07, 1.786263e-07, -1.445598e-08, 1.894948e-06, 1.071329e-06, -2.002411e-07, -3.175209e-07, -2.039481e-07, 3.153381e-08, -5.246729e-09, 2.943915e-08, 1.480483e-08, -3.261422e-06, -1.896211e-06, 3.470420e-07, -1.892800e-06, -1.099210e-06, 1.602679e-07, 3.285740e-06, 1.893347e-06, -2.776654e-07, 1.486130e-08, -2.703572e-08, 3.684144e-11
-5.651650e-02, -1.452004e-08, -2.717782e-10, -1.356673e-08, 3.280117e-07, 1.699641e-07, -1.403184e-08, 1.768289e-06, 9.994432e-07, -1.865562e-07, -2.988016e-07, -1.919596e-07, 2.969043e-08, -2.286241e-09, 2.922585e-08, 1.371351e-08, -3.046979e-06, -1.771872e-06, 3.237789e-07, -1.772239e-06, -1.029155e-06, 1.493880e-07, 3.078210e-06, 1.773786e-06, -2.589945e-07, 1.294237e-08, -2.626741e-08, 1.357337e-10
-5.549755e-02, -1.563387e-08, -1.061511e-09, -1.321938e-08, 3.242506e-07, 1.680893e-07, -1.397462e-08, 1.729097e-06, 9.769415e-07, -1.822337e-07, -2.936104e-07, -1.886313e-07, 2.924349e-08, -7.322619e-10, 2.961246e-08, 1.318827e-08, -2.972636e-06, -1.728535e-06, 3.155348e-07, -1.733796e-06, -1.006759e-06, 1.456639e-07, 3.008337e-06, 1.733540e-06, -2.522543e-07, 1.455296e-08, -2.483741e-08, -8.586789e-12
-5.447860e-02, -1.825360e-08, -2.669870e-09, -1.263308e-08, 3.251527e-07, 1.687995e-07, -1.448316e-08, 1.684265e-06, 9.514245e-07, -1.772098e-07, -2.916557e-07, -1.873317e-07, 2.904394e-08, 1.604705e-09, 3.065128e-08, 1.277245e-08, -2.900313e-06, -1.686822e-06, 3.074140e-07, -1.694236e-06, -9.837672e-07, 1.416452e-07, 2.942061e-06, 1.695370e-06, -2.455299e-07, 1.324609e-08, -2.523457e-08, 7.869754e-11
-5.345964e-02, -1.892132e-08, -3.172054e-09, -1.240048e-08, 3.211630e-07, 1.667252e-07, -1.425478e-08, 1.652389e-06, 9.330080e-07, -1.736481e-07, -2.869219e-07, -1.843423e-07, 2.858597e-08, 3.059224e-09, 3.110092e-08, 1.230866e-08, -2.838078e-06, -1.650536e-06, 3.004269e-07, -1.662347e-06, -9.651440e-07, 1.384530e-07, 2.883242e-06, 1.661521e-06, -2.396705e-07, 1.475389e-08, -2.398617e-08, -4.818312e-11
-5.244069e-02, -2.099997e-08, -4.696356e-09, -1.152445e-08, 3.108636e-07, 1.614948e-07, -1.396285e-08, 1.559582e-06, 8.801193e-07, -1.634745e-07, -2.746480e-07, -1.765415e-07, 2.726972e-08, 5.576776e-09, 3.140382e-08, 1.148457e-08, -2.679321e-06, -1.558545e-06, 2.829571e-07, -1.573741e-06, -9.135764e-07, 1.300780e-07, 2.730007e-06, 1.573290e-06, -2.252293e-07, 1.401896e-08, -2.319984e-08, -3.585852e-11
-5.142174e-02, -2.180010e-08, -5.254411e-09, -1.125801e-08, 3.065742e-07, 1.592222e-07, -1.363674e-08, 1.525752e-06, 8.606370e-07, -1.596252e-07, -2.698179e-07, -1.735662e-07, 2.665983e-08, 6.936141e-09, 3.186843e-08, 1.119409e-08, -2.621231e-06, -1.524999e-06, 2.763285e-07, -1.541754e-06, -8.948679e-07, 1.267309e-07, 2.674426e-06, 1.541344e-06, -2.194168e-07, 1.332948e-08, -2.329389e-08, 2.208778e-11
-5.040279e-02, -2.387242e-08, -6.722037e-09, -1.045469e-08, 2.976968e-07, 1.546825e-07, -1.331969e-08, 1.439590e-06, 8.114153e-07, -1.500756e-07, -2.589333e-07, -1.666962e-07, 2.540839e-08, 9.427298e-09, 3.236466e-08, 1.043003e-08, -2.473712e-06, -1.439594e-06, 2.599292e-07, -1.458882e-06, -8.465874e-07, 1.186831e-07, 2.531092e-06, 1.458848e-06, -2.055467e-07, 1.276075e-08, -2.259448e-08, 2.192572e-11
-4.938384e-02, -2.572448e-08, -7.891900e-09, -9.958211e-09, 2.939040e-07, 1.527154e-07, -1.310423e-08, 1.389919e-06, 7.829522e-07, -1.444232e-07, -2.533382e-07, -1.632830e-07, 2.458574e-08, 1.094402e-08, 3.289485e-08, 1.017787e-08, -2.395391e-06, -1.394620e-06, 2.510069e-07, -1.413935e-06, -8.203246e-07, 1.139518e-07, 2.456356e-06, 1.415891e-06, -1.976745e-07, 1.045917e-08, -2.354978e-08, 1.992273e-10
-4.836489e-02, -2.675198e-08, -8.759750e-09, -9.389048e-09, 2.817859e-07, 1.462934e-07, -1.216287e-08, 1.307841e-06, 7.356828e-07, -1.352814e-07, -2.399989e-07, -1.549472e-07, 2.302632e-08, 1.313150e-08, 3.319085e-08, 9.257457e-09, -2.241752e-06, -1.305269e-06, 2.338377e-07, -1.331315e-06, -7.720767e-07, 1.058215e-07, 2.307390e-06, 1.330174e-06, -1.830949e-07, 1.329594e-08, -2.087197e-08, -6.719904e-11
-4.734594e-02, -2.934023e-08, -1.052660e-08, -8.454779e-09, 2.712003e-07, 1.407825e-07, -1.153781e-08, 1.203605e-06, 6.760166e-07, -1.235753e-07, -2.268514e-07, -1.467725e-07, 2.129484e-08, 1.583354e-08, 3.378905e-08, 8.477821e-09, -2.066439e-06, -1.203993e-06, 2.141151e-07, -1.231605e-06, -7.139065e-07, 9.582753e-08, 2.136339e-06, 1.231773e-06, -1.660095e-07, 1.167655e-08, -2.069022e-08, 2.012705e-11
-4.632699e-02, -3.076731e-08, -1.162714e-08, -7.755113e-09, 2.580359e-07, 1.337754e-07, -1.041992e-08, 1.108019e-06, 6.210299e-07, -1.128437e-07, -2.128309e-07, -1.380906e-07, 1.944463e-08, 1.897004e-08, 3.465901e-08, 7.556408e-09, -1.896836e-06, -1.105752e-06, 1.950022e-07, -1.138160e-06, -6.593196e-07, 8.644290e-08, 1.971624e-06, 1.137052e-06, -1.495004e-07, 1.162891e-08, -1.966561e-08, 4.331329e-12
-4.530804e-02, -3.233499e-08, -1.278458e-08, -6.991866e-09, 2.434824e-07, 1.259575e-07, -9.115146e-09, 1.007982e-06, 5.635888e-07, -1.015881e-07, -1.966369e-07, -1.281776e-07, 1.718025e-08, 1.989112e-08, 3.424949e-08, 7.096047e-09, -1.731300e-06, -1.010364e-06, 1.763877e-07, -1.041471e-06, -6.027711e-07, 7.665643e-08, 1.807014e-06, 1.042429e-06, -1.329139e-07, 9.570697e-09, -1.983017e-08, 1.310881e-10
-4.428909e-02, -3.492104e-08, -1.454974e-08, -6.081568e-09, 2.301447e-07, 1.188332e-07, -7.862668e-09, 8.906240e-07, 4.960113e-07, -8.827186e-08, -1.805055e-07, -1.182694e-07, 1.487538e-08, 2.295220e-08, 3.506978e-08, 6.131902e-09, -1.525809e-06, -8.914957e-07, 1.530541e-07, -9.272633e-07, -5.360103e-07, 6.488916e-08, 1.607323e-06, 9.276033e-07, -1.124428e-07, 9.919564e-09, -1.847406e-08, 5.758893e-11
-4.327014e-02, -3.652695e-08, -1.575511e-08, -5.328799e-09, 2.135983e-07, 1.098713e-07, -6.078868e-09, 7.758424e-07, 4.297443e-07, -7.519000e-08, -1.627676e-07, -1.074358e-07, 1.228158e-08, 2.601277e-08, 3.589541e-08, 5.193197e-09, -1.323387e-06, -7.744572e-07, 1.299530e-07, -8.142764e-07, -4.698845e-07, 5.314109e-08, 1.408920e-06, 8.135839e-07, -9.189771e-08, 9.999006e-09, -1.732447e-08, 1.673425e-11
-4.225119e-02, -3.881932e-08, -1.742750e-08, -4.318288e-09, 1.934266e-07, 9.897192e-08, -3.960091e-09, 6.322944e-07, 3.469986e-07, -5.891962e-08, -1.403131e-07, -9.371129e-08, 8.993399e-09, 2.891895e-08, 3.635776e-08, 4.156136e-09, -1.073399e-06, -6.299772e-07, 1.016063e-07, -6.738968e-07, -3.877582e-07, 3.871454e-08, 1.164091e-06, 6.728500e-07, -6.686188e-08, 1.002762e-08, -1.589182e-08, -4.339623e-11
-4.161125e-02, -3.938751e-08, -1.794720e-08, -3.862310e-09, 1.789825e-07, 9.106222e-08, -2.282684e-09, 5.521902e-07, 3.007268e-07, -4.976903e-08, -1.256691e-07, -8.484417e-08, 6.786585e-09, 2.980425e-08, 3.620067e-08, 3.792167e-09, -9.388386e-07, -5.525199e-07, 8.624023e-08, -5.944675e-07, -3.411915e-07, 3.038206e-08, 1.027758e-06, 5.945703e-07, -5.261928e-08, 8.549847e-09, -1.602143e-08, 4.361855e-11
-4.097132e-02, -4.066470e-08, -1.900152e-08, -3.066300e-09, 1.598871e-07, 8.073508e-08, -2.800029e-10, 4.297016e-07, 2.301222e-07, -3.592609e-08, -1.054731e-07, -7.247026e-08, 3.880875e-09, 3.190553e-08, 3.628780e-08, 2.893223e-09, -7.229964e-07, -4.276421e-07, 6.181726e-08, -4.731280e-07, -2.702122e-07, 1.804930e-08, 8.148747e-07, 4.721864e-07, -3.107834e-08, 9.030046e-09, -1.443383e-08, -4.175499e-11
-4.033138e-02, -4.179848e-08, -1.996763e-08, -2.276299e-09, 1.394719e-07, 6.965335e-08, 1.927058e-09, 3.031154e-07, 1.571339e-07, -2.158963e-08, -8.412382e-08, -5.943473e-08, 7.579941e-10, 3.362033e-08, 3.614571e-08, 2.089659e-09, -5.032001e-07, -3.006539e-07, 3.691535e-08, -3.472215e-07, -1.965190e-07, 5.170707e-09, 5.955082e-07, 3.461086e-07, -8.747750e-09, 8.657730e-09, -1.333812e-08, -5.588693e-11
-3.969145e-02, -4.440491e-08, -2.152755e-08, -1.723104e-09, 1.329336e-07, 6.595674e-08, 3.165849e-09, 2.265318e-07, 1.126270e-07, -1.257787e-08, -7.465866e-08, -5.390126e-08, -1.138349e-09, 3.599899e-08, 3.738314e-08, 1.653125e-09, -3.740717e-07, -2.264649e-07, 2.174760e-08, -2.752115e-07, -1.542294e-07, -3.063931e-09, 4.718969e-07, 2.751674e-07, 5.335185e-09, 7.683673e-09, -1.360033e-08, 2.556279e-12
-3.905151e-02, -4.606319e-08, -2.284046e-08, -7.636188e-10, 1.099001e-07, 5.344274e-08, 5.746981e-09, 7.559389e-08, 2.552556e-08, 4.581484e-09, -4.995455e-08, -3.882976e-08, -4.832559e-09, 3.826337e-08, 3.741256e-08, 6.213012e-10, -1.089921e-07, -7.320718e-08, -8.390247e-09, -1.252460e-07, -6.645867e-08, -1.849216e-08, 2.093253e-07, 1.242410e-07, 3.220303e-08, 8.283845e-09, -1.173437e-08, -1.037906e-10
-3.841158e-02, -4.728331e-08, -2.379513e-08, -8.345101e-11, 8.952587e-08, 4.223164e-08, 8.379222e-09, -4.726359e-08, -4.563947e-08, 1.866554e-08, -2.867334e-08, -2.599768e-08, -8.228725e-09, 4.038366e-08, 3.775070e-08, -1.221570e-10, 1.047631e-07, 5.009728e-08, -3.287496e-08, -3.666923e-09, 4.840473e-09, -3.137046e-08, -2.750090e-09, 2.438840e-09, 5.455549e-08, 7.732493e-09, -1.101769e-08, -8.508588e-11
-3.777165e-02, -4.846315e-08, -2.482067e-08, 7.998787e-10, 6.314121e-08, 2.777454e-08, 1.159486e-08, -2.030481e-07, -1.356859e-07, 3.644059e-08, -1.471096e-09, -9.521811e-09, -1.246524e-08, 4.222168e-08, 3.757506e-08, -9.807641e-10, 3.737329e-07, 2.052811e-07, -6.355080e-08, 1.510363e-07, 9.549667e-08, -4.749806e-08, -2.716150e-07, -1.520145e-07, 8.244834e-08, 6.804563e-09, -1.010802e-08, -5.998660e-11
-3.713171e-02, -5.013950e-08, -2.624120e-08, 1.959264e-09, 3.122080e-08, 1.036046e-08, 1.538357e-08, -4.022415e-07, -2.507083e-07, 5.909381e-08, 3.178393e-08, 1.071453e-08, -1.756514e-08, 4.531706e-08, 3.772713e-08, -2.314898e-09, 7.236068e-07, 4.074931e-07, -1.033538e-07, 3.489248e-07, 2.113578e-07, -6.793721e-08, -6.181615e-07, -3.511711e-07, 1.180637e-07, 7.259237e-09, -7.863167e-09, -1.651282e-10
-3.649178e-02, -5.274114e-08, -2.793179e-08, 2.836838e-09, 1.188518e-08, -3.930774e-10, 1.826474e-08, -5.413032e-07, -3.313059e-07, 7.526991e-08, 5.372755e-08, 2.374782e-08, -2.151814e-08, 4.723674e-08, 3.819573e-08, -2.819504e-09, 9.539121e-07, 5.397653e-07, -1.301095e-07, 4.823890e-07, 2.896993e-07, -8.258998e-08, -8.456713e-07, -4.817609e-07, 1.429669e-07, 3.988307e-09, -8.918384e-09, 6.627666e-11
-3.585184e-02, -5.339846e-08, -2.883291e-08, 3.977792e-09, -2.864928e-08, -2.261205e-08, 2.323565e-08, -7.650770e-07, -4.607040e-07, 1.007732e-07, 9.426666e-08, 4.835587e-08, -2.777604e-08, 4.940743e-08, 3.756125e-08, -4.118400e-09, 1.346339e-06, 7.664389e-07, -1.748288e-07, 7.074068e-07, 4.215500e-07, -1.058949e-07, -1.239495e-06, -7.080188e-07, 1.835446e-07, 4.292261e-09, -6.527197e-09, -4.014287e-11
-3.521191e-02, -5.509422e-08, -3.016498e-08, 4.967769e-09, -6.114340e-08, -4.059066e-08, 2.775624e-08, -9.576518e-07, -5.723566e-07, 1.229787e-07, 1.277403e-07, 6.843364e-08, -3.340356e-08, 5.239809e-08, 3.806582e-08, -5.110155e-09, 1.677370e-06, 9.571227e-07, -2.129648e-07, 8.975235e-07, 5.331033e-07, -1.262979e-07, -1.569324e-06, -8.973808e-07, 2.187823e-07, 2.342935e-09, -6.170651e-09, 6.988870e-11
-3.457197e-02, -5.763228e-08, -3.201053e-08, 6.155670e-09, -9.515927e-08, -5.940740e-08, 3.258883e-08, -1.179769e-06, -7.012159e-07, 1.485858e-07, 1.646002e-07, 9.058471e-08, -3.960828e-08, 5.567515e-08, 3.859500e-08, -6.467430e-09, 2.070008e-06, 1.183821e-06, -2.581413e-07, 1.117632e-06, 6.622043e-07, -1.498495e-07, -1.955780e-06, -1.119366e-06, 2.598576e-07, 4.030859e-09, -3.428579e-09, -1.353864e-10
-3.393204e-02, -5.927450e-08, -3.346027e-08, 7.484064e-09, -1.403145e-07, -8.431824e-08, 3.861467e-08, -1.437657e-06, -8.505883e-07, 1.781995e-07, 2.110014e-07, 1.185176e-07, -4.720471e-08, 5.785013e-08, 3.798927e-08, -7.669758e-09, 2.514638e-06, 1.440134e-06, -3.091331e-07, 1.374801e-06, 8.130501e-07, -1.770405e-07, -2.402436e-06, -1.375895e-06, 3.068481e-07, 2.283506e-09, -2.244750e-09, -5.381770e-11
-3.329210e-02, -6.119732e-08, -3.503309e-08, 8.766724e-09, -1.848620e-07, -1.090143e-07, 4.496881e-08, -1.697407e-06, -1.001208e-06, 2.081823e-07, 2.567181e-07, 1.459125e-07, -5.502363e-08, 6.070404e-08, 3.804943e-08, -8.834488e-09, 2.959398e-06, 1.696254e-06, -3.604153e-07, 1.630848e-06, 9.633027e-07, -2.045496e-07, -2.845775e-06, -1.630405e-06, 3.542553e-07, -1.471309e-10, -1.673271e-09, 4.924271e-11
-3.265217e-02, -6.453058e-08, -3.733359e-08, 1.008669e-08, -2.256224e-07, -1.317354e-07, 5.126310e-08, -1.957757e-06, -1.152558e-06, 2.384228e-07, 3.011404e-07, 1.723897e-07, -6.287231e-08, 6.429456e-08, 3.878740e-08, -1.012644e-08, 3.412198e-06, 1.957128e-06, -4.128735e-07, 1.887927e-06, 1.114274e-06, -2.326513e-07, -3.293865e-06, -1.887655e-06, 4.029384e-07, -3.082457e-10, -3.322726e-11, -3.085544e-12
-3.201224e-02, -6.589868e-08, -3.865369e-08, 1.144360e-08, -2.810076e-07, -1.625047e-07, 5.935976e-08, -2.271548e-06, -1.334872e-06, 2.747005e-07, 3.568152e-07, 2.057332e-07, -7.243973e-08, 6.849838e-08, 3.929177e-08, -1.182659e-08, 3.963809e-06, 2.275244e-06, -4.765488e-07, 2.202205e-06, 1.298772e-06, -2.664609e-07, -3.844647e-06, -2.203894e-06, 4.618713e-07, -4.477871e-10, 2.291898e-09, -4.231086e-11
-3.137230e-02, -6.865561e-08, -4.079400e-08, 1.305957e-08, -3.395468e-07, -1.950728e-07, 6.810119e-08, -2.613289e-06, -1.533372e-06, 3.143078e-07, 4.181133e-07, 2.423593e-07, -8.310483e-08, 7.136595e-08, 3.896152e-08, -1.327874e-08, 4.554709e-06, 2.615624e-06, -5.448778e-07, 2.541283e-06, 1.497869e-06, -3.031816e-07, -4.434175e-06, -2.542351e-06, 5.253506e-07, -1.652746e-09, 4.062480e-09, -3.918239e-11
-3.073237e-02, -7.140527e-08, -4.289761e-08, 1.461528e-08, -4.003452e-07, -2.290315e-07, 7.755691e-08, -2.963694e-06, -1.737132e-06, 3.550181e-07, 4.816002e-07, 2.801629e-07, -9.440920e-08, 7.409417e-08, 3.871211e-08, -1.461754e-08, 5.157685e-06, 2.962667e-06, -6.147414e-07, 2.887018e-06, 1.700992e-06, -3.409848e-07, -5.033892e-06, -2.886551e-06, 5.905361e-07, -3.420465e-09, 5.354268e-09, -7.332276e-12
-3.009243e-02, -7.285900e-08, -4.439998e-08, 1.625568e-08, -4.750593e-07, -2.706504e-07, 8.877564e-08, -3.368220e-06, -1.972446e-06, 4.019373e-07, 5.566233e-07, 3.249789e-07, -1.074564e-07, 7.817400e-08, 3.864427e-08, -1.649655e-08, 5.865350e-06, 3.370455e-06, -6.966411e-07, 3.293339e-06, 1.939677e-06, -3.850091e-07, -5.744367e-06, -3.294396e-06, 6.670839e-07, -4.207251e-09, 7.815983e-09, -7.153166e-12
-2.945250e-02, -7.550249e-08, -4.655249e-08, 1.805883e-08, -5.527911e-07, -3.140891e-07, 1.009302e-07, -3.801314e-06, -2.224433e-06, 4.522871e-07, 6.366026e-07, 3.725740e-07, -1.217419e-07, 8.137273e-08, 3.818611e-08, -1.811170e-08, 6.612901e-06, 3.800725e-06, -7.833160e-07, 3.722880e-06, 2.192100e-06, -4.319930e-07, -6.490725e-06, -3.722762e-06, 7.482654e-07, -6.736567e-09, 9.207646e-09, 1.114680e-10
-2.881256e-02, -7.956451e-08, -4.951555e-08, 2.005069e-08, -6.309459e-07, -3.578797e-07, 1.136478e-07, -4.263117e-06, -2.493343e-06, 5.061829e-07, 7.182911e-07, 4.210554e-07, -1.367416e-07, 8.670255e-08, 3.915742e-08, -2.002996e-08, 7.410910e-06, 4.259927e-06, -8.762128e-07, 4.180291e-06, 2.460922e-06, -4.824974e-07, -7.285904e-06, -4.179077e-06, 8.355793e-07, -9.006615e-09, 1.064366e-08, 1.741883e-10
-2.817263e-02, -8.230762e-08, -5.178252e-08, 2.200513e-08, -7.245182e-07, -4.103409e-07, 1.288733e-07, -4.784910e-06, -2.797476e-06, 5.670791e-07, 8.139180e-07, 4.778258e-07, -1.541882e-07, 9.166369e-08, 3.950283e-08, -2.218532e-08, 8.323211e-06, 4.785247e-06, -9.823445e-07, 4.702043e-06, 2.767670e-06, -5.400408e-07, -8.197781e-06, -4.702401e-06, 9.355237e-07, -9.494785e-09, 1.359321e-08, 1.375617e-10
-2.753270e-02, -8.485179e-08, -5.411212e-08, 2.419680e-08, -8.338022e-07, -4.715255e-07, 1.462532e-07, -5.362757e-06, -3.134052e-06, 6.343867e-07, 9.253717e-07, 5.441131e-07, -1.741635e-07, 9.451424e-08, 3.809982e-08, -2.414761e-08, 9.322357e-06, 5.360196e-06, -1.098358e-06, 5.275702e-06, 3.104921e-06, -6.030540e-07, -9.195060e-06, -5.274662e-06, 1.044384e-06, -1.112689e-08, 1.630902e-08, 8.659476e-11
-2.689276e-02, -8.552399e-08, -5.531852e-08, 2.617257e-08, -9.530911e-07, -5.384982e-07, 1.658417e-07, -5.985515e-06, -3.497256e-06, 7.071386e-07, 1.042730e-06, 6.136947e-07, -1.958581e-07, 9.996294e-08, 3.829005e-08, -2.651679e-08, 1.040803e-05, 5.984999e-06, -1.224848e-06, 5.898009e-06, 3.470905e-06, -6.718195e-07, -1.028177e-05, -5.898171e-06, 1.163811e-06, -1.419227e-08, 1.827711e-08, 2.676111e-10
-2.625283e-02, -9.262813e-08, -6.027785e-08, 2.916254e-08, -1.075367e-06, -6.072365e-07, 1.866497e-07, -6.719858e-06, -3.925361e-06, 7.930671e-07, 1.172598e-06, 6.905715e-07, -2.202036e-07, 1.068751e-07, 3.930696e-08, -2.918909e-08, 1.167742e-05, 6.715206e-06, -1.372878e-06, 6.629298e-06, 3.900892e-06, -7.532277e-07, -1.155278e-05, -6.627460e-06, 1.304418e-06, -1.603697e-08, 2.127180e-08, 1.955153e-10
-2.561289e-02, -9.306474e-08, -6.149378e-08, 3.137419e-08, -1.223425e-06, -6.905035e-07, 2.113801e-07, -7.469480e-06, -4.362929e-06, 8.808197e-07, 1.317846e-06, 7.765484e-07, -2.472853e-07, 1.126420e-07, 3.922122e-08, -3.174529e-08, 1.298049e-05, 7.464704e-06, -1.524979e-06, 7.375635e-06, 4.340009e-06, -8.361976e-07, -1.285438e-05, -7.374115e-06, 1.448327e-06, -2.040421e-08, 2.295765e-08, 4.487365e-10
-2.497296e-02, -9.884488e-08, -6.581032e-08, 3.439298e-08, -1.380491e-06, -7.790057e-07, 2.383922e-07, -8.329470e-06, -4.865177e-06, 9.817862e-07, 1.481247e-06, 8.731077e-07, -2.779095e-07, 1.183199e-07, 3.893393e-08, -3.451847e-08, 1.447448e-05, 8.323929e-06, -1.699659e-06, 8.231706e-06, 4.843783e-06, -9.321095e-07, -1.434577e-05, -8.229729e-06, 1.614317e-06, -2.152572e-08, 2.674154e-08, 3.737276e-10
-2.433302e-02, -1.027668e-07, -6.916712e-08, 3.743601e-08, -1.565039e-06, -8.830602e-07, 2.702275e-07, -9.307196e-06, -5.436415e-06, 1.096553e-06, 1.671088e-06, 9.853314e-07, -3.134882e-07, 1.208875e-07, 3.627143e-08, -3.733074e-08, 1.618150e-05, 9.305993e-06, -1.899042e-06, 9.209333e-06, 5.419178e-06, -1.041461e-06, -1.605218e-05, -9.208740e-06, 1.803736e-06, -1.921336e-08, 3.328458e-08, -2.042555e-11
-2.369309e-02, -1.072895e-07, -7.288326e-08, 4.063665e-08, -1.764105e-06, -9.954722e-07, 3.052661e-07, -1.037051e-05, -6.057973e-06, 1.221575e-06, 1.874574e-06, 1.105370e-06, -3.523012e-07, 1.264950e-07, 3.542439e-08, -4.047289e-08, 1.803396e-05, 1.037127e-05, -2.115884e-06, 1.027094e-05, 6.044118e-06, -1.160844e-06, -1.790410e-05, -1.027107e-05, 2.010570e-06, -1.994055e-08, 3.812493e-08, -1.400093e-10
-2.305316e-02, -1.113448e-07, -7.645623e-08, 4.401502e-08, -1.991020e-06, -1.123690e-06, 3.453871e-07, -1.155928e-05, -6.753199e-06, 1.361493e-06, 2.104452e-06, 1.240889e-06, -3.963199e-07, 1.331567e-07, 3.479797e-08, -4.391868e-08, 2.010431e-05, 1.156158e-05, -2.358507e-06, 1.145820e-05, 6.743166e-06, -1.294686e-06, -1.997518e-05, -1.145898e-05, 2.242494e-06, -2.177916e-08, 4.273020e-08, -1.801442e-10
-2.241322e-02, -1.176463e-07, -8.139894e-08, 4.793394e-08, -2.241690e-06, -1.265495e-06, 3.904915e-07, -1.290486e-05, -7.540226e-06, 1.520026e-06, 2.359949e-06, 1.391292e-06, -4.459056e-07, 1.425783e-07, 3.562110e-08, -4.780581e-08, 2.244058e-05, 1.290433e-05, -2.632590e-06, 1.279889e-05, 7.532581e-06, -1.446383e-06, -2.231076e-05, -1.279850e-05, 2.505062e-06, -2.593908e-08, 4.638542e-08, -6.999839e-11
-2.177329e-02, -1.221895e-07, -8.547051e-08, 5.187229e-08, -2.531612e-06, -1.429603e-06, 4.427141e-07, -1.440411e-05, -8.417753e-06, 1.696824e-06, 2.653321e-06, 1.563967e-06, -5.027062e-07, 1.495366e-07, 3.438436e-08, -5.171403e-08, 2.505041e-05, 1.440429e-05, -2.938935e-06, 1.429580e-05, 8.414257e-06, -1.615994e-06, -2.492132e-05, -1.429566e-05, 2.798866e-06, -2.811573e-08, 5.176362e-08, -1.331476e-10
-2.113335e-02, -1.283019e-07, -9.058177e-08, 5.638487e-08, -2.859764e-06, -1.615503e-06, 5.024638e-07, -1.611921e-05, -9.421823e-06, 1.899249e-06, 2.985874e-06, 1.759497e-06, -5.676558e-07, 1.587290e-07, 3.405435e-08, -5.608747e-08, 2.802835e-05, 1.611528e-05, -3.288832e-06, 1.600853e-05, 9.423133e-06, -1.810563e-06, -2.790509e-05, -1.600672e-05, 3.135637e-06, -3.319249e-08, 5.605438e-08, 7.639698e-12
-2.049342e-02, -1.357002e-07, -9.648752e-08, 6.123188e-08, -3.227535e-06, -1.824160e-06, 5.705583e-07, -1.804518e-05, -1.055002e-05, 2.126968e-06, 3.360447e-06, 1.979467e-06, -6.414197e-07, 1.681247e-07, 3.357305e-08, -6.078480e-08, 3.137940e-05, 1.804060e-05, -3.683075e-06, 1.793009e-05, 1.055528e-05, -2.029810e-06, -3.125525e-05, -1.792783e-05, 3.515243e-06, -3.577846e-08, 6.224548e-08, -7.872007e-11
-1.985348e-02, -1.401194e-07, -1.009963e-07, 6.625284e-08, -3.663544e-06, -2.071439e-06, 6.506319e-07, -2.024409e-05, -1.183855e-05, 2.386948e-06, 3.798918e-06, 2.237082e-06, -7.273139e-07, 1.761229e-07, 3.107763e-08, -6.578517e-08, 3.520782e-05, 2.024003e-05, -4.133447e-06, 2.012790e-05, 1.185040e-05, -2.280420e-06, -3.508844e-05, -2.012580e-05, 3.949314e-06, -3.907521e-08, 6.914507e-08, -1.243557e-10
-1.921355e-02, -1.467161e-07, -1.066306e-07, 7.149638e-08, -4.138993e-06, -2.341785e-06, 7.406601e-07, -2.268939e-05, -1.327255e-05, 2.676727e-06, 4.277637e-06, 2.517537e-06, -8.232222e-07, 1.892607e-07, 3.213476e-08, -7.130049e-08, 3.946421e-05, 2.268452e-05, -4.635325e-06, 2.256713e-05, 1.328820e-05, -2.560599e-06, -3.934292e-05, -2.256502e-05, 4.434726e-06, -4.536022e-08, 7.417531e-08, 1.222047e-10
-1.857362e-02, -1.567545e-07, -1.144362e-07, 7.761057e-08, -4.687809e-06, -2.654108e-06, 8.454902e-07, -2.552493e-05, -1.493622e-05, 3.013252e-06, 4.838509e-06, 2.846089e-06, -9.354041e-07, 1.989491e-07, 3.021926e-08, -7.729078e-08, 4.441710e-05, 2.552957e-05, -5.219674e-06, 2.540192e-05, 1.495943e-05, -2.886934e-06, -4.429293e-05, -2.540318e-05, 5.000206e-06, -4.176117e-08, 8.604111e-08, -5.381356e-10
-1.793368e-02, -1.626192e-07, -1.202387e-07, 8.400464e-08, -5.341348e-06, -3.025956e-06, 9.696505e-07, -2.880269e-05, -1.685962e-05, 3.402183e-06, 5.494854e-06, 3.230463e-06, -1.066968e-06, 2.087940e-07, 2.726425e-08, -8.330128e-08, 5.011105e-05, 2.879839e-05, -5.891718e-06, 2.868089e-05, 1.689280e-05, -3.264466e-06, -5.000617e-05, -2.867838e-05, 5.653523e-06, -5.007494e-08, 9.215337e-08, -2.998199e-10
-1.729375e-02, -1.714332e-07, -1.278903e-07, 9.119429e-08, -6.088866e-06, -3.451703e-06, 1.113600e-06, -3.258589e-05, -1.908048e-05, 3.851583e-06, 6.247178e-06, 3.670572e-06, -1.219025e-06, 2.262085e-07, 2.807982e-08, -9.094574e-08, 5.670566e-05, 3.258483e-05, -6.670824e-06, 3.245666e-05, 1.911932e-05, -3.700626e-06, -5.659566e-05, -3.245590e-05, 6.409409e-06, -5.635008e-08, 1.005134e-07, -1.446766e-10
-1.665381e-02, -1.815572e-07, -1.364912e-07, 9.905134e-08, -6.957695e-06, -3.947073e-06, 1.282648e-06, -3.696780e-05, -2.165414e-05, 4.372774e-06, 7.123854e-06, 4.182981e-06, -1.397155e-06, 2.417653e-07, 2.706875e-08, -9.884368e-08, 6.434122e-05, 3.696807e-05, -7.573771e-06, 3.683446e-05, 2.170141e-05, -4.207883e-06, -6.423369e-05, -3.683423e-05, 7.288067e-06, -6.133118e-08, 1.106017e-07, -1.883681e-10
-1.601388e-02, -1.885667e-07, -1.436062e-07, 1.071703e-07, -7.980245e-06, -4.530468e-06, 1.482500e-06, -4.203416e-05, -2.463102e-05, 4.975980e-06, 8.148556e-06, 4.781455e-06, -1.606344e-06, 2.547871e-07, 2.365613e-08, -1.064448e-07, 7.314437e-05, 4.201948e-05, -8.615908e-06, 4.189526e-05, 2.468704e-05, -4.795848e-06, -7.305273e-05, -4.188890e-05, 8.305545e-06, -7.457553e-08, 1.169269e-07, 3.405140e-10
-1.537394e-02, -2.118929e-07, -1.601099e-07, 1.178032e-07, -9.148488e-06, -5.198182e-06, 1.716393e-06, -4.806907e-05, -2.817860e-05, 5.695645e-06, 9.344007e-06, 5.478731e-06, -1.852821e-06, 2.801488e-07, 2.701747e-08, -1.174843e-07, 8.369824e-05, 4.807813e-05, -9.866435e-06, 4.792227e-05, 2.824279e-05, -5.498765e-06, -8.358314e-05, -4.792510e-05, 9.524182e-06, -6.646530e-08, 1.371305e-07, -8.491293e-10
-1.473401e-02, -2.170126e-07, -1.668331e-07, 1.272592e-07, -1.057663e-05, -6.014094e-06, 1.999181e-06, -5.505108e-05, -3.228464e-05, 6.528540e-06, 1.076892e-05, 6.309793e-06, -2.146290e-06, 2.960030e-07, 2.276398e-08, -1.266517e-07, 9.583811e-05, 5.504235e-05, -1.130602e-05, 5.490403e-05, 3.236312e-05, -6.313779e-06, -9.575385e-05, -5.489997e-05, 1.093495e-05, -8.504353e-08, 1.433814e-07, 5.521436e-11
-1.409408e-02, -2.351352e-07, -1.813959e-07, 1.392072e-07, -1.227725e-05, -6.986691e-06, 2.340360e-06, -6.351277e-05, -3.726338e-05, 7.538901e-06, 1.249377e-05, 7.315520e-06, -2.501888e-06, 3.140792e-07, 1.757940e-08, -1.393549e-07, 1.106612e-04, 6.355028e-05, -1.306384e-05, 6.337609e-05, 3.736335e-05, -7.304582e-06, -1.105663e-04, -6.338978e-05, 1.265325e-05, -6.413743e-08, 1.755260e-07, -2.346037e-09
-1.345414e-02, -2.584191e-07, -1.992951e-07, 1.531405e-07, -1.429277e-05, -8.140362e-06, 2.748696e-06, -7.358488e-05, -4.318975e-05, 8.742639e-06, 1.453156e-05, 8.502090e-06, -2.926617e-06, 3.403931e-07, 1.679500e-08, -1.522184e-07, 1.281944e-04, 7.360785e-05, -1.514590e-05, 7.342572e-05, 4.329521e-05, -8.483724e-06, -1.280908e-04, -7.343264e-05, 1.469422e-05, -7.586577e-08, 1.901021e-07, -2.290625e-09
-1.281421e-02, -2.686551e-07, -2.105781e-07, 1.671323e-07, -1.677430e-05, -9.560744e-06, 3.250368e-06, -8.569512e-05, -5.031820e-05, 1.019074e-05, 1.700692e-05, 9.942964e-06, -3.443559e-06, 3.752470e-07, 1.799658e-08, -1.668175e-07, 1.492707e-04, 8.569540e-05, -1.765064e-05, 8.552245e-05, 5.043663e-05, -9.904826e-06, -1.491884e-04, -8.552193e-05, 1.715526e-05, -1.087994e-07, 1.954344e-07, -3.006632e-10
-1.217427e-02, -2.877313e-07, -2.270858e-07, 1.827252e-07, -1.975112e-05, -1.126696e-05, 3.860198e-06, -1.002669e-04, -5.890129e-05, 1.193604e-05, 2.000211e-05, 1.168494e-05, -4.071812e-06, 3.986207e-07, 1.135050e-08, -1.819552e-07, 1.746897e-04, 1.002735e-04, -2.067439e-05, 1.000966e-04, 5.904270e-05, -1.162319e-05, -1.746257e-04, -1.000977e-04, 2.013143e-05, -1.115286e-07, 2.200412e-07, -1.102365e-09
-1.153434e-02, -3.088164e-07, -2.459041e-07, 2.011322e-07, -2.346909e-05, -1.339843e-05, 4.623639e-06, -1.184033e-04, -6.958616e-05, 1.410837e-05, 2.373751e-05, 1.385689e-05, -4.856661e-06, 4.312535e-07, 5.829150e-09, -2.008203e-07, 2.063465e-04, 1.184286e-04, -2.444038e-05, 1.182406e-04, 6.975754e-05, -1.376368e-05, -2.063041e-04, -1.182493e-04, 2.384005e-05, -1.144080e-07, 2.497224e-07, -1.951339e-09
-1.089440e-02, -3.087521e-07, -2.544371e-07, 2.203575e-07, -2.819308e-05, -1.610603e-05, 5.589797e-06, -1.409662e-04, -8.288141e-05, 1.681027e-05, 2.844023e-05, 1.659128e-05, -5.844304e-06, 4.595084e-07, -8.694714e-09, -2.204045e-07, 2.456613e-04, 1.409700e-04, -2.911692e-05, 1.408098e-04, 8.308742e-05, -1.642658e-05, -2.456831e-04, -1.408113e-04, 2.845188e-05, -1.504077e-07, 2.665436e-07, -2.164499e-10
-1.025447e-02, -3.479145e-07, -2.861182e-07, 2.471553e-07, -3.413751e-05, -1.951755e-05, 6.824517e-06, -1.699891e-04, -9.998807e-05, 2.029314e-05, 3.442058e-05, 2.006484e-05, -7.110171e-06, 5.146404e-07, -1.001130e-08, -2.479143e-07, 2.963235e-04, 1.700198e-04, -3.515402e-05, 1.698273e-04, 1.002266e-04, -1.986369e-05, -2.963462e-04, -1.698393e-04, 3.440647e-05, -1.534927e-07, 3.080932e-07, -1.468476e-09
-9.614535e-03, -3.689560e-07, -3.085168e-07, 2.738423e-07, -4.159452e-05, -2.379939e-05, 8.379430e-06, -2.058703e-04, -1.211468e-04, 2.460160e-05, 4.188186e-05, 2.439578e-05, -8.695464e-06, 5.631455e-07, -1.901899e-08, -2.749466e-07, 3.588992e-04, 2.058914e-04, -4.261515e-05, 2.057045e-04, 1.214221e-04, -2.412242e-05, -3.589645e-04, -2.057135e-04, 4.178279e-05, -1.843817e-07, 3.373951e-07, -5.232423e-10
-8.974601e-03, -4.088249e-07, -3.434853e-07, 3.075083e-07, -5.125855e-05, -2.935179e-05, 1.040715e-05, -2.525221e-04, -1.486626e-04, 3.020584e-05, 5.157273e-05, 3.001776e-05, -1.076211e-05, 6.247949e-07, -2.642343e-08, -3.074217e-07, 4.402378e-04, 2.525144e-04, -5.231667e-05, 2.523344e-04, 1.489724e-04, -2.966594e-05, -4.403382e-04, -2.523314e-04, 5.138248e-05, -2.214916e-07, 3.716468e-07, 4.333266e-10
-8.334667e-03, -4.444098e-07, -3.763049e-07, 3.408963e-07, -6.371015e-05, -3.651280e-05, 1.304254e-05, -3.122435e-04, -1.839107e-04, 3.739214e-05, 6.406410e-05, 3.725886e-05, -1.343694e-05, 6.751026e-07, -4.354953e-08, -3.436495e-07, 5.446237e-04, 3.123470e-04, -6.478306e-05, 3.121074e-04, 1.842966e-04, -3.679658e-05, -5.447550e-04, -3.121479e-04, 6.373900e-05, -1.817290e-07, 4.541236e-07, -4.832005e-09
-7.694732e-03, -4.918997e-07, -4.200096e-07, 3.859235e-07, -8.058424e-05, -4.621794e-05, 1.661929e-05, -3.931421e-04, -2.316551e-04, 4.712603e-05, 8.095689e-05, 4.704815e-05, -1.706494e-05, 7.646614e-07, -4.988333e-08, -3.872695e-07, 6.856733e-04, 3.931776e-04, -8.163097e-05, 3.929624e-04, 2.320802e-04, -4.644688e-05, -6.858582e-04, -3.929767e-04, 8.045045e-05, -2.570838e-07, 4.858363e-07, -1.336514e-09
-7.054798e-03, -5.531198e-07, -4.735029e-07, 4.371961e-07, -1.034260e-04, -5.936442e-05, 2.149193e-05, -5.024165e-04, -2.961716e-04, 6.028684e-05, 1.038466e-04, 6.030494e-05, -2.199722e-05, 8.548736e-07, -6.371003e-08, -4.377311e-07, 8.763614e-04, 5.024476e-04, -1.044242e-04, 5.022049e-04, 2.966500e-04, -5.951506e-05, -8.765633e-04, -5.022153e-04, 1.030833e-04, -2.894325e-07, 5.530645e-07, -1.871761e-09
-6.414864e-03, -6.214147e-07, -5.340359e-07, 4.965634e-07, -1.352830e-04, -7.770903e-05, 2.832064e-05, -6.544090e-04, -3.859381e-04, 7.860419e-05, 1.357527e-04, 7.877421e-05, -2.889424e-05, 9.714673e-07, -7.334390e-08, -4.993064e-07, 1.141710e-03, 6.544874e-04, -1.361597e-04, 6.542133e-04, 3.865083e-04, -7.772968e-05, -1.141980e-03, -6.542438e-04, 1.346354e-04, -3.133532e-07, 6.399007e-07, -3.279093e-09
-6.000000e-03, -6.654101e-07, -5.769610e-07, 5.434289e-07, -1.632494e-04, -9.381561e-05, 3.432278e-05, -7.873792e-04, -4.644784e-04, 9.463317e-05, 1.637502e-04, 9.497860e-05, -3.495153e-05, 1.030849e-06, -1.025893e-07, -5.424775e-07, 1.373713e-03, 7.874094e-04, -1.639147e-04, 7.871613e-04, 4.651038e-04, -9.367157e-05, -1.374056e-03, -7.871719e-04, 1.622452e-04, -3.598141e-07, 6.939598e-07, -2.766580e-09
-5.285106e-03, -8.173304e-07, -6.987629e-07, 6.452207e-07, -2.314911e-04, -1.331382e-04, 4.904608e-05, -1.112303e-03, -6.564435e-04, 1.338263e-04, 2.321529e-04, 1.345497e-04, -4.979584e-05, 1.193447e-06, -1.334946e-07, -6.395879e-07, 1.940913e-03, 1.112362e-03, -2.318028e-04, 1.111996e-03, 6.571544e-04, -1.326851e-04, -1.941200e-03, -1.112012e-03, 2.298173e-04, -3.704659e-07, 8.517964e-07, -8.593576e-09
-4.653191e-03, -7.937599e-07, -7.263998e-07, 7.347482e-07, -3.263960e-04, -1.878357e-04, 6.954694e-05, -1.560000e-03, -9.210201e-04, 1.878641e-04, 3.269302e-04, 1.893630e-04, -7.039631e-05, 1.315291e-06, -2.128065e-07, -7.341353e-07, 2.722398e-03, 1.560028e-03, -3.253960e-04, 1.559825e-03, 9.219551e-04, -1.865451e-04, -2.723105e-03, -1.559837e-03, 3.231080e-04, -5.153959e-07, 9.506712e-07, -2.241928e-09
-4.094809e-03, -9.934029e-07, -8.883679e-07, 8.733615e-07, -4.609504e-04, -2.654149e-04, 9.874304e-05, -2.198210e-03, -1.298214e-03, 2.649131e-04, 4.616339e-04, 2.672393e-04, -9.975138e-05, 1.625266e-06, -2.018638e-07, -8.732449e-07, 3.836476e-03, 2.198202e-03, -4.588420e-04, 2.197935e-03, 1.299277e-03, -2.633513e-04, -3.837229e-03, -2.197933e-03, 4.561379e-04, -6.418408e-07, 1.097971e-06, 5.014784e-10
-3.601570e-03, -1.167961e-06, -1.026235e-06, 9.881527e-07, -6.379277e-04, -3.675089e-04, 1.373317e-04, -3.035354e-03, -1.793134e-03, 3.660547e-04, 6.387413e-04, 3.695749e-04, -1.384714e-04, 1.890991e-06, -1.809633e-07, -9.870448e-07, 5.297918e-03, 3.035266e-03, -6.340095e-04, 3.034930e-03, 1.794265e-03, -3.642907e-04, -5.298644e-03, -3.034896e-03, 6.309649e-04, -7.740351e-07, 1.201675e-06, 5.063009e-09
-3.166031e-03, -1.231632e-06, -1.108968e-06, 1.101571e-06, -8.817726e-04, -5.081874e-04, 1.905262e-04, -4.184943e-03, -2.472850e-03, 5.049768e-04, 8.826005e-04, 5.104734e-04, -1.917972e-04, 2.044165e-06, -2.612845e-07, -1.102744e-06, 7.305191e-03, 4.184933e-03, -8.746446e-04, 4.184607e-03, 2.474202e-03, -5.030017e-04, -7.306168e-03, -4.184606e-03, 8.712252e-04, -8.235423e-07, 1.383380e-06, 1.767874e-09
-2.781585e-03, -1.288120e-06, -1.179931e-06, 1.197919e-06, -1.204744e-03, -6.945673e-04, 2.611639e-04, -5.706357e-03, -3.372548e-03, 6.889040e-04, 1.205586e-03, 6.970373e-04, -2.625472e-04, 2.159111e-06, -3.347924e-07, -1.195535e-06, 9.961583e-03, 5.706296e-03, -1.193205e-03, 5.706070e-03, 3.374073e-03, -6.867497e-04, -9.962832e-03, -5.706045e-03, 1.189481e-03, -9.107408e-07, 1.509011e-06, 2.257497e-09
-2.442367e-03, -1.424231e-06, -1.287384e-06, 1.285380e-06, -1.631094e-03, -9.406549e-04, 3.546036e-04, -7.714858e-03, -4.560408e-03, 9.317693e-04, 1.632077e-03, 9.433385e-04, -3.560898e-04, 2.323643e-06, -3.458513e-07, -1.283430e-06, 1.346882e-02, 7.714899e-03, -1.613880e-03, 7.714517e-03, 4.562017e-03, -9.294633e-04, -1.347000e-02, -7.714533e-03, 1.609882e-03, -8.987457e-07, 1.656318e-06, -3.974526e-09
-2.143177e-03, -1.436615e-06, -1.305423e-06, 1.312190e-06, -2.173677e-03, -1.253890e-03, 4.737166e-04, -1.026716e-02, -6.070068e-03, 1.240474e-03, 2.174645e-03, 1.256616e-03, -4.752309e-04, 2.415365e-06, -3.336757e-07, -1.322670e-06, 1.792594e-02, 1.026740e-02, -2.148606e-03, 1.026687e-02, 6.071741e-03, -1.238118e-03, -1.792706e-02, -1.026696e-02, 2.144499e-03, -8.625858e-07, 1.731055e-06, -7.551295e-09
-1.879402e-03, -1.441069e-06, -1.295772e-06, 1.288274e-06, -2.853387e-03, -1.646349e-03, 6.231466e-04, -1.346315e-02, -7.960600e-03, 1.627125e-03, 2.854376e-03, 1.649029e-03, -6.246366e-04, 2.320349e-06, -3.404764e-07, -1.275927e-06, 2.350616e-02, 1.346293e-02, -2.818223e-03, 1.346275e-02, 7.962179e-03, -1.624815e-03, -2.350746e-02, -1.346266e-02, 2.814247e-03, -1.015632e-06, 1.585308e-06, 4.940852e-09
-1.646949e-03, -1.310106e-06, -1.178060e-06, 1.170356e-06, -3.649954e-03, -2.106343e-03, 7.984909e-04, -1.720484e-02, -1.017415e-02, 2.079897e-03, 3.650858e-03, 2.108783e-03, -7.998435e-04, 2.135670e-06, -2.963915e-07, -1.168409e-06, 3.004059e-02, 1.720484e-02, -3.602487e-03, 1.720454e-02, 1.017562e-02, -2.077803e-03, -3.004171e-02, -1.720454e-02, 3.598859e-03, -8.418284e-07, 1.490064e-06, -1.447783e-09
-1.442193e-03, -1.015078e-06, -9.183388e-07, 9.195491e-07, -4.444190e-03, -2.565098e-03, 9.736991e-04, -2.093070e-02, -1.237863e-02, 2.530895e-03, 4.444873e-03, 2.567004e-03, -9.747611e-04, 1.675606e-06, -2.374693e-07, -9.178526e-07, 3.654727e-02, 2.093067e-02, -4.383637e-03, 2.093046e-02, 1.237979e-02, -2.529246e-03, -3.654820e-02, -2.093046e-02, 4.380785e-03, -6.887592e-07, 1.157872e-06, 1.119399e-09
-1.261919e-03, -5.714997e-07, -5.197220e-07, 5.243333e-07, -4.866412e-03, -2.809192e-03, 1.067600e-03, -2.290245e-02, -1.354589e-02, 2.769850e-03, 4.866788e-03, 2.810273e-03, -1.068205e-03, 9.580106e-07, -1.350264e-07, -5.246341e-07, 3.999133e-02, 2.290243e-02, -4.797517e-03, 2.290233e-02, 1.354656e-02, -2.768910e-03, -3.999188e-02, -2.290232e-02, 4.795890e-03, -3.941430e-07, 6.617265e-07, 8.135438e-10
-1.103278e-03, -9.458270e-08, -8.512508e-08, 8.481282e-08, -3.491217e-03, -2.015586e-03, 7.667578e-04, -1.642039e-02, -9.712700e-03, 1.986239e-03, 3.491281e-03, 2.015761e-03, -7.668557e-04, 1.563215e-07, -2.039752e-08, -8.484258e-08, 2.867333e-02, 1.642039e-02, -3.440266e-03, 1.642037e-02, 9.712805e-03, -1.986087e-03, -2.867341e-02, -1.642037e-02, 3.440003e-03, -6.290229e-08, 1.070154e-07, 7.501314e-11
-9.637457e-04, 0.000000e+00, 0.000000e+00, 0.000000e+00, 0.000000e+00, 0.000000e+00, 0.000000e+00, 0.000000e+00, 0.000000e+00, 0.000000e+00, 0.000000e+00, 0.000000e+00, 0.000000e+00, 0.000000e+00, 0.000000e+00, 0.000000e+00, 0.000000e+00, 0.000000e+00, 0.000000e+00, 0.000000e+00, 0.000000e+00, 0.000000e+00, 0.000000e+00, 0.000000e+00, 0.000000e+00, 0.000000e+00, 0.000000e+00, 0.000000e+00
-8.410872e-04, 0.000000e+00, 0.000000e+00, 0.000000e+00, 0.000000e+00, 0.000000e+00, 0.000000e+00, 0.000000e+00, 0.000000e+00, 0.000000e+00, 0.000000e+00, 0.000000e+00, 0.000000e+00, 0.000000e+00, 0.000000e+00, 0.000000e+00, 0.000000e+00, 0.000000e+00, 0.000000e+00, 0.000000e+00, 0.000000e+00, 0.000000e+00, 0.000000e+00, 0.000000e+00, 0.000000e+00, 0.000000e+00, 0.000000e+00, 0.000000e+00
-7.333229e-04, 0.000000e+00, 0.000000e+00, 0.000000e+00, 0.000000e+00, 0.000000e+00, 0.000000e+00, 0.000000e+00, 0.000000e+00, 0.000000e+00, 0.000000e+00, 0.000000e+00, 0.000000e+00, 0.000000e+00, 0.000000e+00, 0.000000e+00, 0.000000e+00, 0.000000e+00, 0.000000e+00, 0.000000e+00, 0.000000e+00, 0.000000e+00, 0.000000e+00, 0.000000e+00, 0.000000e+00, 0.000000e+00, 0.000000e+00, 0.000000e+00
-6.387006e-04, 0.000000e+00, 0.000000e+00, 0.000000e+00, 0.000000e+00, 0.000000e+00, 0.000000e+00, 0.000000e+00, 0.000000e+00, 0.000000e+00, 0.000000e+00, 0.000000e+00, 0.000000e+00, 0.000000e+00, 0.000000e+00, 0.000000e+00, 0.000000e+00, 0.000000e+00, 0.000000e+00, 0.000000e+00, 0.000000e+00, 0.000000e+00, 0.000000e+00, 0.000000e+00, 0.000000e+00, 0.000000e+00, 0.000000e+00, 0.000000e+00
-5.556695e-04, 0.000000e+00, 0.000000e+00, 0.000000e+00, 0.000000e+00, 0.000000e+00, 0.000000e+00, 0.000000e+00, 0.000000e+00, 0.000000e+00, 0.000000e+00, 0.000000e+00, 0.000000e+00, 0.000000e+00, 0.000000e+00, 0.000000e+00, 0.000000e+00, 0.000000e+00, 0.000000e+00, 0.000000e+00, 0.000000e+00, 0.000000e+00, 0.000000e+00, 0.000000e+00, 0.000000e+00, 0.000000e+00, 0.000000e+00, 0.000000e+00
-4.828576e-04, 0.000000e+00, 0.000000e+00, 0.000000e+00, 0.000000e+00, 0.000000e+00, 0.000000e+00, 0.000000e+00, 0.000000e+00, 0.000000e+00, 0.000000e+00, 0.000000e+00, 0.000000e+00, 0.000000e+00, 0.000000e+00, 0.000000e+00, 0.000000e+00, 0.000000e+00, 0.000000e+00, 0.000000e+00, 0.000000e+00, 0.000000e+00, 0.000000e+00, 0.000000e+00, 0.000000e+00, 0.000000e+00, 0.000000e+00, 0.000000e+00
-4.190514e-04, 0.000000e+00, 0.000000e+00, 0.000000e+00, 0.000000e+00, 0.000000e+00, 0.000000e+00, 0.000000e+00, 0.000000e+00, 0.000000e+00, 0.000000e+00, 0.000000e+00, 0.000000e+00, 0.000000e+00, 0.000000e+00, 0.000000e+00, 0.000000e+00, 0.000000e+00, 0.000000e+00, 0.000000e+00, 0.000000e+00, 0.000000e+00, 0.000000e+00, 0.000000e+00, 0.000000e+00, 0.000000e+00, 0.000000e+00, 0.000000e+00
-3.631779e-04, 0.000000e+00, 0.000000e+00, 0.000000e+00, 0.000000e+00, 0.000000e+00, 0.000000e+00, 0.000000e+00, 0.000000e+00, 0.000000e+00, 0.000000e+00, 0.000000e+00, 0.000000e+00, 0.000000e+00, 0.000000e+00, 0.000000e+00, 0.000000e+00, 0.000000e+00, 0.000000e+00, 0.000000e+00, 0.000000e+00, 0.000000e+00, 0.000000e+00, 0.000000e+00, 0.000000e+00, 0.000000e+00, 0.000000e+00, 0.000000e+00
-3.142886e-04, 0.000000e+00, 0.000000e+00, 0.000000e+00, 0.000000e+00, 0.000000e+00, 0.000000e+00, 0.000000e+00, 0.000000e+00, 0.000000e+00, 0.000000e+00, 0.000000e+00, 0.000000e+00, 0.000000e+00, 0.000000e+00, 0.000000e+00, 0.000000e+00, 0.000000e+00, 0.000000e+00, 0.000000e+00, 0.000000e+00, 0.000000e+00, 0.000000e+00, 0.000000e+00, 0.000000e+00, 0.000000e+00, 0.000000e+00, 0.000000e+00
-2.715453e-04, 0.000000e+00, 0.000000e+00, 0.000000e+00, 0.000000e+00, 0.000000e+00, 0.000000e+00, 0.000000e+00, 0.000000e+00, 0.000000e+00, 0.000000e+00, 0.000000e+00, 0.000000e+00, 0.000000e+00, 0.000000e+00, 0.000000e+00, 0.000000e+00, 0.000000e+00, 0.000000e+00, 0.000000e+00, 0.000000e+00, 0.000000e+00, 0.000000e+00, 0.000000e+00, 0.000000e+00, 0.000000e+00, 0.000000e+00, 0.000000e+00
-2.342079e-04, 0.000000e+00, 0.000000e+00, 0.000000e+00, 0.000000e+00, 0.000000e+00, 0.000000e+00, 0.000000e+00, 0.000000e+00, 0.000000e+00, 0.000000e+00, 0.000000e+00, 0.000000e+00, 0.000000e+00, 0.000000e+00, 0.000000e+00, 0.000000e+00, 0.000000e+00, 0.000000e+00, 0.000000e+00, 0.000000e+00, 0.000000e+00, 0.000000e+00, 0.000000e+00, 0.000000e+00, 0.000000e+00, 0.000000e+00, 0.000000e+00
-2.016224e-04, 0.000000e+00, 0.000000e+00, 0.000000e+00, 0.000000e+00, 0.000000e+00, 0.000000e+00, 0.000000e+00, 0.000000e+00, 0.000000e+00, 0.000000e+00, 0.000000e+00, 0.000000e+00, 0.000000e+00, 0.000000e+00, 0.000000e+00, 0.000000e+00, 0.000000e+00, 0.000000e+00, 0.000000e+00, 0.000000e+00, 0.000000e+00, 0.000000e+00, 0.000000e+00, 0.000000e+00, 0.000000e+00, 0.000000e+00, 0.000000e+00
-1.732120e-04, 0.000000e+00, 0.000000e+00, 0.000000e+00, 0.000000e+00, 0.000000e+00, 0.000000e+00, 0.000000e+00, 0.000000e+00, 0.000000e+00, 0.000000e+00, 0.000000e+00, 0.000000e+00, 0.000000e+00, 0.000000e+00, 0.000000e+00, 0.000000e+00, 0.000000e+00, 0.000000e+00, 0.000000e+00, 0.000000e+00, 0.000000e+00, 0.000000e+00, 0.000000e+00, 0.000000e+00, 0.000000e+00, 0.000000e+00, 0.000000e+00
-1.484674e-04, 0.000000e+00, 0.000000e+00, 0.000000e+00, 0.000000e+00, 0.000000e+00, 0.000000e+00, 0.000000e+00, 0.000000e+00, 0.000000e+00, 0.000000e+00, 0.000000e+00, 0.000000e+00, 0.000000e+00, 0.000000e+00, 0.000000e+00, 0.000000e+00, 0.000000e+00, 0.000000e+00, 0.000000e+00, 0.000000e+00, 0.000000e+00, 0.000000e+00, 0.000000e+00, 0.000000e+00, 0.000000e+00, 0.000000e+00, 0.000000e+00
-1.269396e-04, 0.000000e+00, 0.000000e+00, 0.000000e+00, 0.000000e+00, 0.000000e+00, 0.000000e+00, 0.000000e+00, 0.000000e+00, 0.000000e+00, 0.000000e+00, 0.000000e+00, 0.000000e+00, 0.000000e+00, 0.000000e+00, 0.000000e+00, 0.000000e+00, 0.000000e+00, 0.000000e+00, 0.000000e+00, 0.000000e+00, 0.000000e+00, 0.000000e+00, 0.000000e+00, 0.000000e+00, 0.000000e+00, 0.000000e+00, 0.000000e+00
-1.082327e-04, 0.000000e+00, 0.000000e+00, 0.000000e+00, 0.000000e+00, 0.000000e+00, 0.000000e+00, 0.000000e+00, 0.000000e+00, 0.000000e+00, 0.000000e+00, 0.000000e+00, 0.000000e+00, 0.000000e+00, 0.000000e+00, 0.000000e+00, 0.000000e+00, 0.000000e+00, 0.000000e+00, 0.000000e+00, 0.000000e+00, 0.000000e+00, 0.000000e+00, 0.000000e+00, 0.000000e+00, 0.000000e+00, 0.000000e+00, 0.000000e+00
-9.199783e-05, 0.000000e+00, 0.000000e+00, 0.000000e+00, 0.000000e+00, 0.000000e+00, 0.000000e+00, 0.000000e+00, 0.000000e+00, 0.000000e+00, 0.000000e+00, 0.000000e+00, 0.000000e+00, 0.000000e+00, 0.000000e+00, 0.000000e+00, 0.000000e+00, 0.000000e+00, 0.000000e+00, 0.000000e+00, 0.000000e+00, 0.000000e+00, 0.000000e+00, 0.000000e+00, 0.000000e+00, 0.000000e+00, 0.000000e+00, 0.000000e+00
-7.792758e-05, 0.000000e+00, 0.000000e+00, 0.000000e+00, 0.000000e+00, 0.000000e+00, 0.000000e+00, 0.000000e+00, 0.000000e+00, 0.000000e+00, 0.000000e+00, 0.000000e+00, 0.000000e+00, 0.000000e+00, 0.000000e+00, 0.000000e+00, 0.000000e+00, 0.000000e+00, 0.000000e+00, 0.000000e+00, 0.000000e+00, 0.000000e+00, 0.000000e+00, 0.000000e+00, 0.000000e+00, 0.000000e+00, 0.000000e+00, 0.000000e+00
-6.575139e-05, 0.000000e+00, 0.000000e+00, 0.000000e+00, 0.000000e+00, 0.000000e+00, 0.000000e+00, 0.000000e+00, 0.000000e+00, 0.000000e+00, 0.000000e+00, 0.000000e+00, 0.000000e+00, 0.000000e+00, 0.000000e+00, 0.000000e+00, 0.000000e+00, 0.000000e+00, 0.000000e+00, 0.000000e+00, 0.000000e+00, 0.000000e+00, 0.000000e+00, 0.000000e+00, 0.000000e+00, 0.000000e+00, 0.000000e+00, 0.000000e+00
-5.523117e-05, 0.000000e+00, 0.000000e+00, 0.000000e+00, 0.000000e+00, 0.000000e+00, 0.000000e+00, 0.000000e+00, 0.000000e+00, 0.000000e+00, 0.000000e+00, 0.000000e+00, 0.000000e+00, 0.000000e+00, 0.000000e+00, 0.000000e+00, 0.000000e+00, 0.000000e+00, 0.000000e+00, 0.000000e+00, 0.000000e+00, 0.000000e+00, 0.000000e+00, 0.000000e+00, 0.000000e+00, 0.000000e+00, 0.000000e+00, 0.000000e+00
-4.615748e-05, 0.000000e+00, 0.000000e+00, 0.000000e+00, 0.000000e+00, 0.000000e+00, 0.000000e+00, 0.000000e+00, 0.000000e+00, 0.000000e+00, 0.000000e+00, 0.000000e+00, 0.000000e+00, 0.000000e+00, 0.000000e+00, 0.000000e+00, 0.000000e+00, 0.000000e+00, 0.000000e+00, 0.000000e+00, 0.000000e+00, 0.000000e+00, 0.000000e+00, 0.000000e+00, 0.000000e+00, 0.000000e+00, 0.000000e+00, 0.000000e+00
-3.834621e-05, 0.000000e+00, 0.000000e+00, 0.000000e+00, 0.000000e+00, 0.000000e+00, 0.000000e+00, 0.000000e+00, 0.000000e+00, 0.000000e+00, 0.000000e+00, 0.000000e+00, 0.000000e+00, 0.000000e+00, 0.000000e+00, 0.000000e+00, 0.000000e+00, 0.000000e+00, 0.000000e+00, 0.000000e+00, 0.000000e+00, 0.000000e+00, 0.000000e+00, 0.000000e+00, 0.000000e+00, 0.000000e+00, 0.000000e+00, 0.000000e+00
-3.163562e-05, 0.000000e+00, 0.000000e+00, 0.000000e+00, 0.000000e+00, 0.000000e+00, 0.000000e+00, 0.000000e+00, 0.000000e+00, 0.000000e+00, 0.000000e+00, 0.000000e+00, 0.000000e+00, 0.000000e+00, 0.000000e+00, 0.000000e+00, 0.000000e+00, 0.000000e+00, 0.000000e+00, 0.000000e+00, 0.000000e+00, 0.000000e+00, 0.000000e+00, 0.000000e+00, 0.000000e+00, 0.000000e+00, 0.000000e+00, 0.000000e+00
-2.588369e-05, 0.000000e+00, 0.000000e+00, 0.000000e+00, 0.000000e+00, 0.000000e+00, 0.000000e+00, 0.000000e+00, 0.000000e+00, 0.000000e+00, 0.000000e+00, 0.000000e+00, 0.000000e+00, 0.000000e+00, 0.000000e+00, 0.000000e+00, 0.000000e+00, 0.000000e+00, 0.000000e+00, 0.000000e+00, 0.000000e+00, 0.000000e+00, 0.000000e+00, 0.000000e+00, 0.000000e+00, 0.000000e+00, 0.000000e+00, 0.000000e+00
-2.096579e-05, 0.000000e+00, 0.000000e+00, 0.000000e+00, 0.000000e+00, 0.000000e+00, 0.000000e+00, 0.000000e+00, 0.000000e+00, 0.000000e+00, 0.000000e+00, 0.000000e+00, 0.000000e+00, 0.000000e+00, 0.000000e+00, 0.000000e+00, 0.000000e+00, 0.000000e+00, 0.000000e+00, 0.000000e+00, 0.000000e+00, 0.000000e+00, 0.000000e+00, 0.000000e+00, 0.000000e+00, 0.000000e+00, 0.000000e+00, 0.000000e+00
-1.677263e-05, 0.000000e+00, 0.000000e+00, 0.000000e+00, 0.000000e+00, 0.000000e+00, 0.000000e+00, 0.000000e+00, 0.000000e+00, 0.000000e+00, 0.000000e+00, 0.000000e+00, 0.000000e+00, 0.000000e+00, 0.000000e+00, 0.000000e+00, 0.000000e+00, 0.000000e+00, 0.000000e+00, 0.000000e+00, 0.000000e+00, 0.000000e+00, 0.000000e+00, 0.000000e+00, 0.000000e+00, 0.000000e+00, 0.000000e+00, 0.000000e+00
-1.320845e-05, 0.000000e+00, 0.000000e+00, 0.000000e+00, 0.000000e+00, 0.000000e+00, 0.000000e+00, 0.000000e+00, 0.000000e+00, 0.000000e+00, 0.000000e+00, 0.000000e+00, 0.000000e+00, 0.000000e+00, 0.000000e+00, 0.000000e+00, 0.000000e+00, 0.000000e+00, 0.000000e+00, 0.000000e+00, 0.000000e+00, 0.000000e+00, 0.000000e+00, 0.000000e+00, 0.000000e+00, 0.000000e+00, 0.000000e+00, 0.000000e+00
-1.018937e-05, 0.000000e+00, 0.000000e+00, 0.000000e+00, 0.000000e+00, 0.000000e+00, 0.000000e+00, 0.000000e+00, 0.000000e+00, 0.000000e+00, 0.000000e+00, 0.000000e+00, 0.000000e+00, 0.000000e+00, 0.000000e+00, 0.000000e+00, 0.000000e+00, 0.000000e+00, 0.000000e+00, 0.000000e+00, 0.000000e+00, 0.000000e+00, 0.000000e+00, 0.000000e+00, 0.000000e+00, 0.000000e+00, 0.000000e+00, 0.000000e+00
-7.642031e-06, 0.000000e+00, 0.000000e+00, 0.000000e+00, 0.000000e+00, 0.000000e+00, 0.000000e+00, 0.000000e+00, 0.000000e+00, 0.000000e+00, 0.000000e+00, 0.000000e+00, 0.000000e+00, 0.000000e+00, 0.000000e+00, 0.000000e+00, 0.000000e+00, 0.000000e+00, 0.000000e+00, 0.000000e+00, 0.000000e+00, 0.000000e+00, 0.000000e+00, 0.000000e+00, 0.000000e+00, 0.000000e+00, 0.000000e+00, 0.000000e+00
-5.502262e-06, 0.000000e+00, 0.000000e+00, 0.000000e+00, 0.000000e+00, 0.000000e+00, 0.000000e+00, 0.000000e+00, 0.000000e+00, 0.000000e+00, 0.000000e+00, 0.000000e+00, 0.000000e+00, 0.000000e+00, 0.000000e+00, 0.000000e+00, 0.000000e+00, 0.000000e+00, 0.000000e+00, 0.000000e+00, 0.000000e+00, 0.000000e+00, 0.000000e+00, 0.000000e+00, 0.000000e+00, 0.000000e+00, 0.000000e+00, 0.000000e+00
-3.714027e-06, 0.000000e+00, 0.000000e+00, 0.000000e+00, 0.000000e+00, 0.000000e+00, 0.000000e+00, 0.000000e+00, 0.000000e+00, 0.000000e+00, 0.000000e+00, 0.000000e+00, 0.000000e+00, 0.000000e+00, 0.000000e+00, 0.000000e+00, 0.000000e+00, 0.000000e+00, 0.000000e+00, 0.000000e+00, 0.000000e+00, 0.000000e+00, 0.000000e+00, 0.000000e+00, 0.000000e+00, 0.000000e+00, 0.000000e+00, 0.000000e+00
-2.228416e-06, 0.000000e+00, 0.000000e+00, 0.000000e+00, 0.000000e+00, 0.000000e+00, 0.000000e+00, 0.000000e+00, 0.000000e+00, 0.000000e+00, 0.000000e+00, 0.000000e+00, 0.000000e+00, 0.000000e+00, 0.000000e+00, 0.000000e+00, 0.000000e+00, 0.000000e+00, 0.000000e+00, 0.000000e+00, 0.000000e+00, 0.000000e+00, 0.000000e+00, 0.000000e+00, 0.000000e+00, 0.000000e+00, 0.000000e+00, 0.000000e+00
-1.002787e-06, 0.000000e+00, 0.000000e+00, 0.000000e+00, 0.000000e+00, 0.000000e+00, 0.000000e+00, 0.000000e+00, 0.000000e+00, 0.000000e+00, 0.000000e+00, 0.000000e+00, 0.000000e+00, 0.000000e+00, 0.000000e+00, 0.000000e+00, 0.000000e+00, 0.000000e+00, 0.000000e+00, 0.000000e+00, 0.000000e+00, 0.000000e+00, 0.000000e+00, 0.000000e+00, 0.000000e+00, 0.000000e+00, 0.000000e+00, 0.000000e+00
0.000000e+00, 0.000000e+00, 0.000000e+00, 0.000000e+00, 0.000000e+00, 0.000000e+00, 0.000000e+00, 0.000000e+00, 0.000000e+00, 0.000000e+00, 0.000000e+00, 0.000000e+00, 0.000000e+00, 0.000000e+00, 0.000000e+00, 0.000000e+00, 0.000000e+00, 0.000000e+00, 0.000000e+00, 0.000000e+00, 0.000000e+00, 0.000000e+00, 0.000000e+00, 0.000000e+00, 0.000000e+00, 0.000000e+00, 0.000000e+00, 0.000000e+00
1.002787e-06, 0.000000e+00, 0.000000e+00, 0.000000e+00, 0.000000e+00, 0.000000e+00, 0.000000e+00, 0.000000e+00, 0.000000e+00, 0.000000e+00, 0.000000e+00, 0.000000e+00, 0.000000e+00, 0.000000e+00, 0.000000e+00, 0.000000e+00, 0.000000e+00, 0.000000e+00, 0.000000e+00, 0.000000e+00, 0.000000e+00, 0.000000e+00, 0.000000e+00, 0.000000e+00, 0.000000e+00, 0.000000e+00, 0.000000e+00, 0.000000e+00
2.228416e-06, 0.000000e+00, 0.000000e+00, 0.000000e+00, 0.000000e+00, 0.000000e+00, 0.000000e+00, 0.000000e+00, 0.000000e+00, 0.000000e+00, 0.000000e+00, 0.000000e+00, 0.000000e+00, 0.000000e+00, 0.000000e+00, 0.000000e+00, 0.000000e+00, 0.000000e+00, 0.000000e+00, 0.000000e+00, 0.000000e+00, 0.000000e+00, 0.000000e+00, 0.000000e+00, 0.000000e+00, 0.000000e+00, 0.000000e+00, 0.000000e+00
3.714027e-06, 0.000000e+00, 0.000000e+00, 0.000000e+00, 0.000000e+00, 0.000000e+00, 0.000000e+00, 0.000000e+00, 0.000000e+00, 0.000000e+00, 0.000000e+00, 0.000000e+00, 0.000000e+00, 0.000000e+00, 0.000000e+00, 0.000000e+00, 0.000000e+00, 0.000000e+00, 0.000000e+00, 0.000000e+00, 0.000000e+00, 0.000000e+00, 0.000000e+00, 0.000000e+00, 0.000000e+00, 0.000000e+00, 0.000000e+00, 0.000000e+00
5.502262e-06, 0.000000e+00, 0.000000e+00, 0.000000e+00, 0.000000e+00, 0.000000e+00, 0.000000e+00, 0.000000e+00, 0.000000e+00, 0.000000e+00, 0.000000e+00, 0.000000e+00, 0.000000e+00, 0.000000e+00, 0.000000e+00, 0.000000e+00, 0.000000e+00, 0.000000e+00, 0.000000e+00, 0.000000e+00, 0.000000e+00, 0.000000e+00, 0.000000e+00, 0.000000e+00, 0.000000e+00, 0.000000e+00, 0.000000e+00, 0.000000e+00
7.642031e-06, 0.000000e+00, 0.000000e+00, 0.000000e+00, 0.000000e+00, 0.000000e+00, 0.000000e+00, 0.000000e+00, 0.000000e+00, 0.000000e+00, 0.000000e+00, 0.000000e+00, 0.000000e+00, 0.000000e+00, 0.000000e+00, 0.000000e+00, 0.000000e+00, 0.000000e+00, 0.000000e+00, 0.000000e+00, 0.000000e+00, 0.000000e+00, 0.000000e+00, 0.000000e+00, 0.000000e+00, 0.000000e+00, 0.000000e+00, 0.000000e+00
1.018937e-05, 0.000000e+00, 0.000000e+00, 0.000000e+00, 0.000000e+00, 0.000000e+00, 0.000000e+00, 0.000000e+00, 0.000000e+00, 0.000000e+00, 0.000000e+00, 0.000000e+00, 0.000000e+00, 0.000000e+00, 0.000000e+00, 0.000000e+00, 0.000000e+00, 0.000000e+00, 0.000000e+00, 0.000000e+00, 0.000000e+00, 0.000000e+00, 0.000000e+00, 0.000000e+00, 0.000000e+00, 0.000000e+00, 0.000000e+00, 0.000000e+00
1.320845e-05, 0.000000e+00, 0.000000e+00, 0.000000e+00, 0.000000e+00, 0.000000e+00, 0.000000e+00, 0.000000e+00, 0.000000e+00, 0.000000e+00, 0.000000e+00, 0.000000e+00, 0.000000e+00, 0.000000e+00, 0.000000e+00, 0.000000e+00, 0.000000e+00, 0.000000e+00, 0.000000e+00, 0.000000e+00, 0.000000e+00, 0.000000e+00, 0.000000e+00, 0.000000e+00, 0.000000e+00, 0.000000e+00, 0.000000e+00, 0.000000e+00
1.677263e-05, 0.000000e+00, 0.000000e+00, 0.000000e+00, 0.000000e+00, 0.000000e+00, 0.000000e+00, 0.000000e+00, 0.000000e+00, 0.000000e+00, 0.000000e+00, 0.000000e+00, 0.000000e+00, 0.000000e+00, 0.000000e+00, 0.000000e+00, 0.000000e+00, 0.000000e+00, 0.000000e+00, 0.000000e+00, 0.000000e+00, 0.000000e+00, 0.000000e+00, 0.000000e+00, 0.000000e+00, 0.000000e+00, 0.000000e+00, 0.000000e+00
2.096579e-05, 0.000000e+00, 0.000000e+00, 0.000000e+00, 0.000000e+00, 0.000000e+00, 0.000000e+00, 0.000000e+00, 0.000000e+00, 0.000000e+00, 0.000000e+00, 0.000000e+00, 0.000000e+00, 0.000000e+00, 0.000000e+00, 0.000000e+00, 0.000000e+00, 0.000000e+00, 0.000000e+00, 0.000000e+00, 0.000000e+00, 0.000000e+00, 0.000000e+00, 0.000000e+00, 0.000000e+00, 0.000000e+00, 0.000000e+00, 0.000000e+00
2.588369e-05, 0.000000e+00, 0.000000e+00, 0.000000e+00, 0.000000e+00, 0.000000e+00, 0.000000e+00, 0.000000e+00, 0.000000e+00, 0.000000e+00, 0.000000e+00, 0.000000e+00, 0.000000e+00, 0.000000e+00, 0.000000e+00, 0.000000e+00, 0.000000e+00, 0.000000e+00, 0.000000e+00, 0.000000e+00, 0.000000e+00, 0.000000e+00, 0.000000e+00, 0.000000e+00, 0.000000e+00, 0.000000e+00, 0.000000e+00, 0.000000e+00
3.163562e-05, 0.000000e+00, 0.000000e+00, 0.000000e+00, 0.000000e+00, 0.000000e+00, 0.000000e+00, 0.000000e+00, 0.000000e+00, 0.000000e+00, 0.000000e+00, 0.000000e+00, 0.000000e+00, 0.000000e+00, 0.000000e+00, 0.000000e+00, 0.000000e+00, 0.000000e+00, 0.000000e+00, 0.000000e+00, 0.000000e+00, 0.000000e+00, 0.000000e+00, 0.000000e+00, 0.000000e+00, 0.000000e+00, 0.000000e+00, 0.000000e+00
3.834621e-05, 0.000000e+00, 0.000000e+00, 0.000000e+00, 0.000000e+00, 0.000000e+00, 0.000000e+00, 0.000000e+00, 0.000000e+00, 0.000000e+00, 0.000000e+00, 0.000000e+00, 0.000000e+00, 0.000000e+00, 0.000000e+00, 0.000000e+00, 0.000000e+00, 0.000000e+00, 0.000000e+00, 0.000000e+00, 0.000000e+00, 0.000000e+00, 0.000000e+00, 0.000000e+00, 0.000000e+00, 0.000000e+00, 0.000000e+00, 0.000000e+00
4.615748e-05, 0.000000e+00, 0.000000e+00, 0.000000e+00, 0.000000e+00, 0.000000e+00, 0.000000e+00, 0.000000e+00, 0.000000e+00, 0.000000e+00, 0.000000e+00, 0.000000e+00, 0.000000e+00, 0.000000e+00, 0.000000e+00, 0.000000e+00, 0.000000e+00, 0.000000e+00, 0.000000e+00, 0.000000e+00, 0.000000e+00, 0.000000e+00, 0.000000e+00, 0.000000e+00, 0.000000e+00, 0.000000e+00, 0.000000e+00, 0.000000e+00
5.523117e-05, 0.000000e+00, 0.000000e+00, 0.000000e+00, 0.000000e+00, 0.000000e+00, 0.000000e+00, 0.000000e+00, 0.000000e+00, 0.000000e+00, 0.000000e+00, 0.000000e+00, 0.000000e+00, 0.000000e+00, 0.000000e+00, 0.000000e+00, 0.000000e+00, 0.000000e+00, 0.000000e+00, 0.000000e+00, 0.000000e+00, 0.000000e+00, 0.000000e+00, 0.000000e+00, 0.000000e+00, 0.000000e+00, 0.000000e+00, 0.000000e+00
6.575139e-05, 0.000000e+00, 0.000000e+00, 0.000000e+00, 0.000000e+00, 0.000000e+00, 0.000000e+00, 0.000000e+00, 0.000000e+00, 0.000000e+00, 0.000000e+00, 0.000000e+00, 0.000000e+00, 0.000000e+00, 0.000000e+00, 0.000000e+00, 0.000000e+00, 0.000000e+00, 0.000000e+00, 0.000000e+00, 0.000000e+00, 0.000000e+00, 0.000000e+00, 0.000000e+00, 0.000000e+00, 0.000000e+00, 0.000000e+00, 0.000000e+00
7.792758e-05, 0.000000e+00, 0.000000e+00, 0.000000e+00, 0.000000e+00, 0.000000e+00, 0.000000e+00, 0.000000e+00, 0.000000e+00, 0.000000e+00, 0.000000e+00, 0.000000e+00, 0.000000e+00, 0.000000e+00, 0.000000e+00, 0.000000e+00, 0.000000e+00, 0.000000e+00, 0.000000e+00, 0.000000e+00, 0.000000e+00, 0.000000e+00, 0.000000e+00, 0.000000e+00, 0.000000e+00, 0.000000e+00, 0.000000e+00, 0.000000e+00
9.199783e-05, 0.000000e+00, 0.000000e+00, 0.000000e+00, 0.000000e+00, 0.000000e+00, 0.000000e+00, 0.000000e+00, 0.000000e+00, 0.000000e+00, 0.000000e+00, 0.000000e+00, 0.000000e+00, 0.000000e+00, 0.000000e+00, 0.000000e+00, 0.000000e+00, 0.000000e+00, 0.000000e+00, 0.000000e+00, 0.000000e+00, 0.000000e+00, 0.000000e+00, 0.000000e+00, 0.000000e+00, 0.000000e+00, 0.000000e+00, 0.000000e+00
1.082327e-04, 0.000000e+00, 0.000000e+00, 0.000000e+00, 0.000000e+00, 0.000000e+00, 0.000000e+00, 0.000000e+00, 0.000000e+00, 0.000000e+00, 0.000000e+00, 0.000000e+00, 0.000000e+00, 0.000000e+00, 0.000000e+00, 0.000000e+00, 0.000000e+00, 0.000000e+00, 0.000000e+00, 0.000000e+00, 0.000000e+00, 0.000000e+00, 0.000000e+00, 0.000000e+00, 0.000000e+00, 0.000000e+00, 0.000000e+00, 0.000000e+00
1.269396e-04, 0.000000e+00, 0.000000e+00, 0.000000e+00, 0.000000e+00, 0.000000e+00, 0.000000e+00, 0.000000e+00, 0.000000e+00, 0.000000e+00, 0.000000e+00, 0.000000e+00, 0.000000e+00, 0.000000e+00, 0.000000e+00, 0.000000e+00, 0.000000e+00, 0.000000e+00, 0.000000e+00, 0.000000e+00, 0.000000e+00, 0.000000e+00, 0.000000e+00, 0.000000e+00, 0.000000e+00, 0.000000e+00, 0.000000e+00, 0.000000e+00
1.484674e-04, 0.000000e+00, 0.000000e+00, 0.000000e+00, 0.000000e+00, 0.000000e+00, 0.000000e+00, 0.000000e+00, 0.000000e+00, 0.000000e+00, 0.000000e+00, 0.000000e+00, 0.000000e+00, 0.000000e+00, 0.000000e+00, 0.000000e+00, 0.000000e+00, 0.000000e+00, 0.000000e+00, 0.000000e+00, 0.000000e+00, 0.000000e+00, 0.000000e+00, 0.000000e+00, 0.000000e+00, 0.000000e+00, 0.000000e+00, 0.000000e+00
1.732120e-04, 0.000000e+00, 0.000000e+00, 0.000000e+00, 0.000000e+00, 0.000000e+00, 0.000000e+00, 0.000000e+00, 0.000000e+00, 0.000000e+00, 0.000000e+00, 0.000000e+00, 0.000000e+00, 0.000000e+00, 0.000000e+00, 0.000000e+00, 0.000000e+00, 0.000000e+00, 0.000000e+00, 0.000000e+00, 0.000000e+00, 0.000000e+00, 0.000000e+00, 0.000000e+00, 0.000000e+00, 0.000000e+00, 0.000000e+00, 0.000000e+00
2.016224e-04, 0.000000e+00, 0.000000e+00, 0.000000e+00, 0.000000e+00, 0.000000e+00, 0.000000e+00, 0.000000e+00, 0.000000e+00, 0.000000e+00, 0.000000e+00, 0.000000e+00, 0.000000e+00, 0.000000e+00, 0.000000e+00, 0.000000e+00, 0.000000e+00, 0.000000e+00, 0.000000e+00, 0.000000e+00, 0.000000e+00, 0.000000e+00, 0.000000e+00, 0.000000e+00, 0.000000e+00, 0.000000e+00, 0.000000e+00, 0.000000e+00
2.342079e-04, 0.000000e+00, 0.000000e+00, 0.000000e+00, 0.000000e+00, 0.000000e+00, 0.000000e+00, 0.000000e+00, 0.000000e+00, 0.000000e+00, 0.000000e+00, 0.000000e+00, 0.000000e+00, 0.000000e+00, 0.000000e+00, 0.000000e+00, 0.000000e+00, 0.000000e+00, 0.000000e+00, 0.000000e+00, 0.000000e+00, 0.000000e+00, 0.000000e+00, 0.000000e+00, 0.000000e+00, 0.000000e+00, 0.000000e+00, 0.000000e+00
2.715453e-04, 0.000000e+00, 0.000000e+00, 0.000000e+00, 0.000000e+00, 0.000000e+00, 0.000000e+00, 0.000000e+00, 0.000000e+00, 0.000000e+00, 0.000000e+00, 0.000000e+00, 0.000000e+00, 0.000000e+00, 0.000000e+00, 0.000000e+00, 0.000000e+00, 0.000000e+00, 0.000000e+00, 0.000000e+00, 0.000000e+00, 0.000000e+00, 0.000000e+00, 0.000000e+00, 0.000000e+00, 0.000000e+00, 0.000000e+00, 0.000000e+00
3.142886e-04, 0.000000e+00, 0.000000e+00, 0.000000e+00, 0.000000e+00, 0.000000e+00, 0.000000e+00, 0.000000e+00, 0.000000e+00, 0.000000e+00, 0.000000e+00, 0.000000e+00, 0.000000e+00, 0.000000e+00, 0.000000e+00, 0.000000e+00, 0.000000e+00, 0.000000e+00, 0.000000e+00, 0.000000e+00, 0.000000e+00, 0.000000e+00, 0.000000e+00, 0.000000e+00, 0.000000e+00, 0.000000e+00, 0.000000e+00, 0.000000e+00
3.631779e-04, 0.000000e+00, 0.000000e+00, 0.000000e+00, 0.000000e+00, 0.000000e+00, 0.000000e+00, 0.000000e+00, 0.000000e+00, 0.000000e+00, 0.000000e+00, 0.000000e+00, 0.000000e+00, 0.000000e+00, 0.000000e+00, 0.000000e+00, 0.000000e+00, 0.000000e+00, 0.000000e+00, 0.000000e+00, 0.000000e+00, 0.000000e+00, 0.000000e+00, 0.000000e+00, 0.000000e+00, 0.000000e+00, 0.000000e+00, 0.000000e+00
4.190514e-04, 0.000000e+00, 0.000000e+00, 0.000000e+00, 0.000000e+00, 0.000000e+00, 0.000000e+00, 0.000000e+00, 0.000000e+00, 0.000000e+00, 0.000000e+00, 0.000000e+00, 0.000000e+00, 0.000000e+00, 0.000000e+00, 0.000000e+00, 0.000000e+00, 0.000000e+00, 0.000000e+00, 0.000000e+00, 0.000000e+00, 0.000000e+00, 0.000000e+00, 0.000000e+00, 0.000000e+00, 0.000000e+00, 0.000000e+00, 0.000000e+00
4.828576e-04, 0.000000e+00, 0.000000e+00, 0.000000e+00, 0.000000e+00, 0.000000e+00, 0.000000e+00, 0.000000e+00, 0.000000e+00, 0.000000e+00, 0.000000e+00, 0.000000e+00, 0.000000e+00, 0.000000e+00, 0.000000e+00, 0.000000e+00, 0.000000e+00, 0.000000e+00, 0.000000e+00, 0.000000e+00, 0.000000e+00, 0.000000e+00, 0.000000e+00, 0.000000e+00, 0.000000e+00, 0.000000e+00, 0.000000e+00, 0.000000e+00
5.556695e-04, 0.000000e+00, 0.000000e+00, 0.000000e+00, 0.000000e+00, 0.000000e+00, 0.000000e+00, 0.000000e+00, 0.000000e+00, 0.000000e+00, 0.000000e+00, 0.000000e+00, 0.000000e+00, 0.000000e+00, 0.000000e+00, 0.000000e+00, 0.000000e+00, 0.000000e+00, 0.000000e+00, 0.000000e+00, 0.000000e+00, 0.000000e+00, 0.000000e+00, 0.000000e+00, 0.000000e+00, 0.000000e+00, 0.000000e+00, 0.000000e+00
6.387006e-04, 0.000000e+00, 0.000000e+00, 0.000000e+00, 0.000000e+00, 0.000000e+00, 0.000000e+00, 0.000000e+00, 0.000000e+00, 0.000000e+00, 0.000000e+00, 0.000000e+00, 0.000000e+00, 0.000000e+00, 0.000000e+00, 0.000000e+00, 0.000000e+00, 0.000000e+00, 0.000000e+00, 0.000000e+00, 0.000000e+00, 0.000000e+00, 0.000000e+00, 0.000000e+00, 0.000000e+00, 0.000000e+00, 0.000000e+00, 0.000000e+00
7.333229e-04, 0.000000e+00, 0.000000e+00, 0.000000e+00, 0.000000e+00, 0.000000e+00, 0.000000e+00, 0.000000e+00, 0.000000e+00, 0.000000e+00, 0.000000e+00, 0.000000e+00, 0.000000e+00, 0.000000e+00, 0.000000e+00, 0.000000e+00, 0.000000e+00, 0.000000e+00, 0.000000e+00, 0.000000e+00, 0.000000e+00, 0.000000e+00, 0.000000e+00, 0.000000e+00, 0.000000e+00, 0.000000e+00, 0.000000e+00, 0.000000e+00
8.410872e-04, 0.000000e+00, 0.000000e+00, 0.000000e+00, 0.000000e+00, 0.000000e+00, 0.000000e+00, 0.000000e+00, 0.000000e+00, 0.000000e+00, 0.000000e+00, 0.000000e+00, 0.000000e+00, 0.000000e+00, 0.000000e+00, 0.000000e+00, 0.000000e+00, 0.000000e+00, 0.000000e+00, 0.000000e+00, 0.000000e+00, 0.000000e+00, 0.000000e+00, 0.000000e+00, 0.000000e+00, 0.000000e+00, 0.000000e+00, 0.000000e+00
9.637457e-04, 0.000000e+00, 0.000000e+00, 0.000000e+00, 0.000000e+00, 0.000000e+00, 0.000000e+00, 0.000000e+00, 0.000000e+00, 0.000000e+00, 0.000000e+00, 0.000000e+00, 0.000000e+00, 0.000000e+00, 0.000000e+00, 0.000000e+00, 0.000000e+00, 0.000000e+00, 0.000000e+00, 0.000000e+00, 0.000000e+00, 0.000000e+00, 0.000000e+00, 0.000000e+00, 0.000000e+00, 0.000000e+00, 0.000000e+00, 0.000000e+00
1.103278e-03, 0.000000e+00, 0.000000e+00, 0.000000e+00, 0.000000e+00, 0.000000e+00, 0.000000e+00, 0.000000e+00, 0.000000e+00, 0.000000e+00, 0.000000e+00, 0.000000e+00, 0.000000e+00, 0.000000e+00, 0.000000e+00, 0.000000e+00, 0.000000e+00, 0.000000e+00, 0.000000e+00, 0.000000e+00, 0.000000e+00, 0.000000e+00, 0.000000e+00, 0.000000e+00, 0.000000e+00, 0.000000e+00, 0.000000e+00, 0.000000e+00
1.261919e-03, 0.000000e+00, 0.000000e+00, 0.000000e+00, 0.000000e+00, 0.000000e+00, 0.000000e+00, 0.000000e+00, 0.000000e+00, 0.000000e+00, 0.000000e+00, 0.000000e+00, 0.000000e+00, 0.000000e+00, 0.000000e+00, 0.000000e+00, 0.000000e+00, 0.000000e+00, 0.000000e+00, 0.000000e+00, 0.000000e+00, 0.000000e+00, 0.000000e+00, 0.000000e+00, 0.000000e+00, 0.000000e+00, 0.000000e+00, 0.000000e+00
1.442193e-03, 0.000000e+00, 0.000000e+00, 0.000000e+00, 0.000000e+00, 0.000000e+00, 0.000000e+00, 0.000000e+00, 0.000000e+00, 0.000000e+00, 0.000000e+00, 0.000000e+00, 0.000000e+00, 0.000000e+00, 0.000000e+00, 0.000000e+00, 0.000000e+00, 0.000000e+00, 0.000000e+00, 0.000000e+00, 0.000000e+00, 0.000000e+00, 0.000000e+00, 0.000000e+00, 0.000000e+00, 0.000000e+00, 0.000000e+00, 0.000000e+00
1.646949e-03, 0.000000e+00, 0.000000e+00, 0.000000e+00, 0.000000e+00, 0.000000e+00, 0.000000e+00, 0.000000e+00, 0.000000e+00, 0.000000e+00, 0.000000e+00, 0.000000e+00, 0.000000e+00, 0.000000e+00, 0.000000e+00, 0.000000e+00, 0.000000e+00, 0.000000e+00, 0.000000e+00, 0.000000e+00, 0.000000e+00, 0.000000e+00, 0.000000e+00, 0.000000e+00, 0.000000e+00, 0.000000e+00, 0.000000e+00, 0.000000e+00
1.879402e-03, 0.000000e+00, 0.000000e+00, 0.000000e+00, 0.000000e+00, 0.000000e+00, 0.000000e+00, 0.000000e+00, 0.000000e+00, 0.000000e+00, 0.000000e+00, 0.000000e+00, 0.000000e+00, 0.000000e+00, 0.000000e+00, 0.000000e+00, 0.000000e+00, 0.000000e+00, 0.000000e+00, 0.000000e+00, 0.000000e+00, 0.000000e+00, 0.000000e+00, 0.000000e+00, 0.000000e+00, 0.000000e+00, 0.000000e+00, 0.000000e+00
2.143177e-03, 0.000000e+00, 0.000000e+00, 0.000000e+00, 0.000000e+00, 0.000000e+00, 0.000000e+00, 0.000000e+00, 0.000000e+00, 0.000000e+00, 0.000000e+00, 0.000000e+00, 0.000000e+00, 0.000000e+00, 0.000000e+00, 0.000000e+00, 0.000000e+00, 0.000000e+00, 0.000000e+00, 0.000000e+00, 0.000000e+00, 0.000000e+00, 0.000000e+00, 0.000000e+00, 0.000000e+00, 0.000000e+00, 0.000000e+00, 0.000000e+00
2.442367e-03, 0.000000e+00, 0.000000e+00, 0.000000e+00, 0.000000e+00, 0.000000e+00, 0.000000e+00, 0.000000e+00, 0.000000e+00, 0.000000e+00, 0.000000e+00, 0.000000e+00, 0.000000e+00, 0.000000e+00, 0.000000e+00, 0.000000e+00, 0.000000e+00, 0.000000e+00, 0.000000e+00, 0.000000e+00, 0.000000e+00, 0.000000e+00, 0.000000e+00, 0.000000e+00, 0.000000e+00, 0.000000e+00, 0.000000e+00, 0.000000e+00
2.781585e-03, 0.000000e+00, 0.000000e+00, 0.000000e+00, 0.000000e+00, 0.000000e+00, 0.000000e+00, 0.000000e+00, 0.000000e+00, 0.000000e+00, 0.000000e+00, 0.000000e+00, 0.000000e+00, 0.000000e+00, 0.000000e+00, 0.000000e+00, 0.000000e+00, 0.000000e+00, 0.000000e+00, 0.000000e+00, 0.000000e+00, 0.000000e+00, 0.000000e+00, 0.000000e+00, 0.000000e+00, 0.000000e+00, 0.000000e+00, 0.000000e+00
3.166031e-03, 0.000000e+00, 0.000000e+00, 0.000000e+00, 0.000000e+00, 0.000000e+00, 0.000000e+00, 0.000000e+00, 0.000000e+00, 0.000000e+00, 0.000000e+00, 0.000000e+00, 0.000000e+00, 0.000000e+00, 0.000000e+00, 0.000000e+00, 0.000000e+00, 0.000000e+00, 0.000000e+00, 0.000000e+00, 0.000000e+00, 0.000000e+00, 0.000000e+00, 0.000000e+00, 0.000000e+00, 0.000000e+00, 0.000000e+00, 0.000000e+00
3.601570e-03, 0.000000e+00, 0.000000e+00, 0.000000e+00, 0.000000e+00, 0.000000e+00, 0.000000e+00, 0.000000e+00, 0.000000e+00, 0.000000e+00, 0.000000e+00, 0.000000e+00, 0.000000e+00, 0.000000e+00, 0.000000e+00, 0.000000e+00, 0.000000e+00, 0.000000e+00, 0.000000e+00, 0.000000e+00, 0.000000e+00, 0.000000e+00, 0.000000e+00, 0.000000e+00, 0.000000e+00, 0.000000e+00, 0.000000e+00, 0.000000e+00
4.094809e-03, 0.000000e+00, 0.000000e+00, 0.000000e+00, 0.000000e+00, 0.000000e+00, 0.000000e+00, 0.000000e+00, 0.000000e+00, 0.000000e+00, 0.000000e+00, 0.000000e+00, 0.000000e+00, 0.000000e+00, 0.000000e+00, 0.000000e+00, 0.000000e+00, 0.000000e+00, 0.000000e+00, 0.000000e+00, 0.000000e+00, 0.000000e+00, 0.000000e+00, 0.000000e+00, 0.000000e+00, 0.000000e+00, 0.000000e+00, 0.000000e+00
4.653191e-03, 0.000000e+00, 0.000000e+00, 0.000000e+00, 0.000000e+00, 0.000000e+00, 0.000000e+00, 0.000000e+00, 0.000000e+00, 0.000000e+00, 0.000000e+00, 0.000000e+00, 0.000000e+00, 0.000000e+00, 0.000000e+00, 0.000000e+00, 0.000000e+00, 0.000000e+00, 0.000000e+00, 0.000000e+00, 0.000000e+00, 0.000000e+00, 0.000000e+00, 0.000000e+00, 0.000000e+00, 0.000000e+00, 0.000000e+00, 0.000000e+00
5.285106e-03, 0.000000e+00, 0.000000e+00, 0.000000e+00, 0.000000e+00, 0.000000e+00, 0.000000e+00, 0.000000e+00, 0.000000e+00, 0.000000e+00, 0.000000e+00, 0.000000e+00, 0.000000e+00, 0.000000e+00, 0.000000e+00, 0.000000e+00, 0.000000e+00, 0.000000e+00, 0.000000e+00, 0.000000e+00, 0.000000e+00, 0.000000e+00, 0.000000e+00, 0.000000e+00, 0.000000e+00, 0.000000e+00, 0.000000e+00, 0.000000e+00
6.000000e-03, 0.000000e+00, 0.000000e+00, 0.000000e+00, 0.000000e+00, 0.000000e+00, 0.000000e+00, 0.000000e+00, 0.000000e+00, 0.000000e+00, 0.000000e+00, 0.000000e+00, 0.000000e+00, 0.000000e+00, 0.000000e+00, 0.000000e+00, 0.000000e+00, 0.000000e+00, 0.000000e+00, 0.000000e+00, 0.000000e+00, 0.000000e+00, 0.000000e+00, 0.000000e+00, 0.000000e+00, 0.000000e+00, 0.000000e+00, 0.000000e+00
6.383823e-03, 0.000000e+00, 0.000000e+00, 0.000000e+00, 0.000000e+00, 0.000000e+00, 0.000000e+00, 0.000000e+00, 0.000000e+00, 0.000000e+00, 0.000000e+00, 0.000000e+00, 0.000000e+00, 0.000000e+00, 0.000000e+00, 0.000000e+00, 0.000000e+00, 0.000000e+00, 0.000000e+00, 0.000000e+00, 0.000000e+00, 0.000000e+00, 0.000000e+00, 0.000000e+00, 0.000000e+00, 0.000000e+00, 0.000000e+00, 0.000000e+00
7.023757e-03, 0.000000e+00, 0.000000e+00, 0.000000e+00, 0.000000e+00, 0.000000e+00, 0.000000e+00, 0.000000e+00, 0.000000e+00, 0.000000e+00, 0.000000e+00, 0.000000e+00, 0.000000e+00, 0.000000e+00, 0.000000e+00, 0.000000e+00, 0.000000e+00, 0.000000e+00, 0.000000e+00, 0.000000e+00, 0.000000e+00, 0.000000e+00, 0.000000e+00, 0.000000e+00, 0.000000e+00, 0.000000e+00, 0.000000e+00, 0.000000e+00
7.663691e-03, 0.000000e+00, 0.000000e+00, 0.000000e+00, 0.000000e+00, 0.000000e+00, 0.000000e+00, 0.000000e+00, 0.000000e+00, 0.000000e+00, 0.000000e+00, 0.000000e+00, 0.000000e+00, 0.000000e+00, 0.000000e+00, 0.000000e+00, 0.000000e+00, 0.000000e+00, 0.000000e+00, 0.000000e+00, 0.000000e+00, 0.000000e+00, 0.000000e+00, 0.000000e+00, 0.000000e+00, 0.000000e+00, 0.000000e+00, 0.000000e+00
8.303626e-03, 0.000000e+00, 0.000000e+00, 0.000000e+00, 0.000000e+00, 0.000000e+00, 0.000000e+00, 0.000000e+00, 0.000000e+00, 0.000000e+00, 0.000000e+00, 0.000000e+00, 0.000000e+00, 0.000000e+00, 0.000000e+00, 0.000000e+00, 0.000000e+00, 0.000000e+00, 0.000000e+00, 0.000000e+00, 0.000000e+00, 0.000000e+00, 0.000000e+00, 0.000000e+00, 0.000000e+00, 0.000000e+00, 0.000000e+00, 0.000000e+00
8.943560e-03, 0.000000e+00, 0.000000e+00, 0.000000e+00, 0.000000e+00, 0.000000e+00, 0.000000e+00, 0.000000e+00, 0.000000e+00, 0.000000e+00, 0.000000e+00, 0.000000e+00, 0.000000e+00, 0.000000e+00, 0.000000e+00, 0.000000e+00, 0.000000e+00, 0.000000e+00, 0.000000e+00, 0.000000e+00, 0.000000e+00, 0.000000e+00, 0.000000e+00, 0.000000e+00, 0.000000e+00, 0.000000e+00, 0.000000e+00, 0.000000e+00
